2026-09-11 01:29:42,830 INFO o.a.j.u.JMeterUtils: Setting Locale to en_EN
2026-09-11 01:29:42,846 INFO o.a.j.JMeter: Loading user properties from: /opt/homebrew/Cellar/jmeter/5.6.3/libexec/bin/user.properties
2026-09-11 01:29:42,846 INFO o.a.j.JMeter: Loading system properties from: /opt/homebrew/Cellar/jmeter/5.6.3/libexec/bin/system.properties
2026-09-11 01:29:42,849 INFO o.a.j.JMeter: Copyright (c) 1998-2024 The Apache Software Foundation
2026-09-11 01:29:42,850 INFO o.a.j.JMeter: Version 5.6.3
2026-09-11 01:29:42,850 INFO o.a.j.JMeter: java.version=21.0.12.1
2026-09-11 01:29:42,850 INFO o.a.j.JMeter: java.vm.name=OpenJDK 64-Bit Server VM
2026-09-11 01:29:42,850 INFO o.a.j.JMeter: os.name=Mac OS X
2026-09-11 01:29:42,850 INFO o.a.j.JMeter: os.arch=aarch64
2026-09-11 01:29:42,850 INFO o.a.j.JMeter: os.version=26.6.2
2026-09-11 01:29:42,850 INFO o.a.j.JMeter: file.encoding=UTF-8
2026-09-11 01:29:42,850 INFO o.a.j.JMeter: java.awt.headless=null
2026-09-11 01:29:42,850 INFO o.a.j.JMeter: Max memory     =1073741824
2026-09-11 01:29:42,850 INFO o.a.j.JMeter: Available Processors =10
2026-09-11 01:29:42,856 INFO o.a.j.JMeter: Default Locale=English (EN)
2026-09-11 01:29:42,856 INFO o.a.j.JMeter: JMeter  Locale=English (EN)
2026-09-11 01:29:42,856 INFO o.a.j.JMeter: JMeterHome=/opt/homebrew/Cellar/jmeter/5.6.3/libexec
2026-09-11 01:29:42,856 INFO o.a.j.JMeter: user.dir  =/Users/abhii/Documents/GitHub/suraj-erp
2026-09-11 01:29:42,856 INFO o.a.j.JMeter: PWD       =/Users/abhii/Documents/GitHub/suraj-erp
2026-09-11 01:29:42,858 INFO o.a.j.JMeter: IP: 127.0.0.1 Name: Abhisheks-MacBook-Air.local FullName: localhost
2026-09-11 01:29:42,868 INFO o.a.j.JMeter: Loaded icon properties from org/apache/jmeter/images/icon.properties
2026-09-11 01:29:43,315 INFO o.a.j.JMeterGuiLauncher: Setting LAF to: com.github.weisj.darklaf.DarkLaf:com.github.weisj.darklaf.theme.DarculaTheme
2026-09-11 01:29:44,383 INFO o.a.j.r.ClassFinder: Will scan jar /opt/homebrew/Cellar/jmeter/5.6.3/libexec/lib/ext/jmeter-plugins-manager-2.0.jar with filter ExtendsClassFilter [parents=[interface org.apache.jmeter.gui.action.Command], inner=false, contains=null, notContains=null]. Consider exposing JMeter plugins via META-INF/services, and add JMeter-Skip-Class-Scanning=true manifest attribute so JMeter can skip classfile scanning
2026-09-11 01:29:44,430 INFO o.a.j.r.ClassFinder: Will scan jar /opt/homebrew/Cellar/jmeter/5.6.3/libexec/lib/ext/jmeter-plugins-manager-2.0.jar with filter ExtendsClassFilter [parents=[interface org.apache.jmeter.gui.plugin.MenuCreator], inner=false, contains=null, notContains=null]. Consider exposing JMeter plugins via META-INF/services, and add JMeter-Skip-Class-Scanning=true manifest attribute so JMeter can skip classfile scanning
2026-09-11 01:29:44,477 INFO o.j.r.JARSourceHTTP: Requesting https://jmeter-plugins.org/repo/?installID=mac_os_x-fddf9039e5f5a61ceb1f4c359759473f-gui
2026-09-11 01:29:47,013 INFO o.j.r.PluginManager: Plugins Status: [jpgc-plugins-manager=2.0, jmeter-core=5.6.3, jmeter-ftp=5.6.3, jmeter-http=5.6.3, jmeter-jdbc=5.6.3, jmeter-jms=5.6.3, jmeter-junit=5.6.3, jmeter-java=5.6.3, jmeter-ldap=5.6.3, jmeter-mail=5.6.3, jmeter-mongodb=5.6.3, jmeter-native=5.6.3, jmeter-tcp=5.6.3, jmeter-components=5.6.3]
2026-09-11 01:29:54,724 INFO o.a.j.p.h.s.HTTPSamplerBase: Parser for text/html is org.apache.jmeter.protocol.http.parser.LagartoBasedHtmlParser
2026-09-11 01:29:54,724 INFO o.a.j.p.h.s.HTTPSamplerBase: Parser for application/xhtml+xml is org.apache.jmeter.protocol.http.parser.LagartoBasedHtmlParser
2026-09-11 01:29:54,724 INFO o.a.j.p.h.s.HTTPSamplerBase: Parser for application/xml is org.apache.jmeter.protocol.http.parser.LagartoBasedHtmlParser
2026-09-11 01:29:54,724 INFO o.a.j.p.h.s.HTTPSamplerBase: Parser for text/xml is org.apache.jmeter.protocol.http.parser.LagartoBasedHtmlParser
2026-09-11 01:29:54,724 INFO o.a.j.p.h.s.HTTPSamplerBase: Parser for text/vnd.wap.wml is org.apache.jmeter.protocol.http.parser.RegexpHTMLParser
2026-09-11 01:29:54,724 INFO o.a.j.p.h.s.HTTPSamplerBase: Parser for text/css is org.apache.jmeter.protocol.http.parser.CssParser
2026-09-11 01:30:03,180 INFO o.a.j.s.SampleResult: Note: Sample TimeStamps are START times
2026-09-11 01:30:03,180 INFO o.a.j.s.SampleResult: sampleresult.default.encoding is set to UTF-8
2026-09-11 01:30:03,180 INFO o.a.j.s.SampleResult: sampleresult.useNanoTime=true
2026-09-11 01:30:03,180 INFO o.a.j.s.SampleResult: sampleresult.nanoThreadSleep=5000
2026-09-11 01:30:03,228 INFO o.a.j.r.ClassFinder: Will scan jar /opt/homebrew/Cellar/jmeter/5.6.3/libexec/lib/ext/jmeter-plugins-manager-2.0.jar with filter ExtendsClassFilter [parents=[interface org.apache.jmeter.visualizers.ResultRenderer], inner=false, contains=null, notContains=null]. Consider exposing JMeter plugins via META-INF/services, and add JMeter-Skip-Class-Scanning=true manifest attribute so JMeter can skip classfile scanning
2026-09-11 01:30:03,237 INFO o.a.j.r.ClassFinder: Will scan jar /opt/homebrew/Cellar/jmeter/5.6.3/libexec/lib/ext/jmeter-plugins-manager-2.0.jar with filter ExtendsClassFilter [parents=[interface org.apache.jmeter.visualizers.RequestView], inner=false, contains=null, notContains=null]. Consider exposing JMeter plugins via META-INF/services, and add JMeter-Skip-Class-Scanning=true manifest attribute so JMeter can skip classfile scanning
2026-09-11 01:31:03,040 INFO o.a.j.s.FileServer: Default base='/Users/abhii/Documents/GitHub/suraj-erp'
2026-09-11 01:31:03,041 INFO o.a.j.s.FileServer: Set new base='/Users/abhii/Documents/GitHub/suraj-erp'
2026-09-11 01:31:03,163 INFO o.a.j.s.SaveService: Testplan (JMX) version: 2.2. Testlog (JTL) version: 2.2
2026-09-11 01:31:03,167 INFO o.a.j.s.SaveService: Using SaveService properties version 5.0
2026-09-11 01:31:03,168 INFO o.a.j.s.SaveService: Using SaveService properties file encoding UTF-8
2026-09-11 01:31:03,182 INFO o.a.j.e.StandardJMeterEngine: Running the test!
2026-09-11 01:31:03,182 INFO o.a.j.s.SampleEvent: List of sample_variables: []
2026-09-11 01:31:03,182 INFO o.a.j.s.SampleEvent: List of sample_variables: []
2026-09-11 01:31:03,183 INFO o.a.j.e.u.CompoundVariable: Note: Function class names must contain the string: '.functions.'
2026-09-11 01:31:03,183 INFO o.a.j.e.u.CompoundVariable: Note: Function class names must not contain the string: '.gui.'
2026-09-11 01:31:03,213 INFO o.a.j.r.ClassFinder: Will scan jar /opt/homebrew/Cellar/jmeter/5.6.3/libexec/lib/ext/jmeter-plugins-manager-2.0.jar with filter ExtendsClassFilter [parents=[interface org.apache.jmeter.functions.Function], inner=false, contains=null, notContains=null]. Consider exposing JMeter plugins via META-INF/services, and add JMeter-Skip-Class-Scanning=true manifest attribute so JMeter can skip classfile scanning
2026-09-11 01:31:03,215 INFO o.a.j.g.u.JMeterMenuBar: setRunning(true, *local*)
2026-09-11 01:31:03,239 INFO o.a.j.e.StandardJMeterEngine: Starting ThreadGroup: 1 : Thread Group
2026-09-11 01:31:03,239 INFO o.a.j.e.StandardJMeterEngine: Starting 1 threads for group Thread Group.
2026-09-11 01:31:03,239 INFO o.a.j.e.StandardJMeterEngine: Thread will continue on error
2026-09-11 01:31:03,239 INFO o.a.j.t.ThreadGroup: Starting thread group... number=1 threads=1 ramp-up=1 delayedStart=false
2026-09-11 01:31:03,240 INFO o.a.j.t.ThreadGroup: Started thread group number 1
2026-09-11 01:31:03,241 INFO o.a.j.e.StandardJMeterEngine: All thread groups have been started
2026-09-11 01:31:03,241 INFO o.a.j.t.JMeterThread: Thread started: Thread Group 1-1
2026-09-11 01:31:03,245 INFO o.a.j.p.h.s.HTTPHCAbstractImpl: Local host = Abhisheks-MacBook-Air.local
2026-09-11 01:31:03,248 INFO o.a.j.p.h.s.HTTPHC4Impl: HTTP request retry count = 0
2026-09-11 01:31:03,325 INFO o.a.j.p.h.s.h.LazyLayeredConnectionSocketFactory: Setting up HTTPS TrustAll Socket Factory
2026-09-11 01:31:03,326 INFO o.a.j.u.JsseSSLManager: Using default SSL protocol: TLS
2026-09-11 01:31:03,326 INFO o.a.j.u.JsseSSLManager: SSL session context: per-thread
2026-09-11 01:31:03,376 INFO o.a.j.u.SSLManager: JmeterKeyStore Location:  type JKS
2026-09-11 01:31:03,377 INFO o.a.j.u.SSLManager: KeyStore created OK
2026-09-11 01:31:03,377 WARN o.a.j.u.SSLManager: Keystore file not found, loading empty keystore
2026-09-11 01:31:04,943 INFO o.a.j.t.JMeterThread: Thread is done: Thread Group 1-1
2026-09-11 01:31:04,943 INFO o.a.j.t.JMeterThread: Thread finished: Thread Group 1-1
2026-09-11 01:31:04,944 INFO o.a.j.e.StandardJMeterEngine: Notifying test listeners of end of test
2026-09-11 01:31:04,944 INFO o.a.j.g.u.JMeterMenuBar: setRunning(false, *local*)
2026-09-11 01:31:19,234 INFO o.a.j.e.StandardJMeterEngine: Running the test!
2026-09-11 01:31:19,235 INFO o.a.j.s.SampleEvent: List of sample_variables: []
2026-09-11 01:31:19,236 INFO o.a.j.g.u.JMeterMenuBar: setRunning(true, *local*)
2026-09-11 01:31:19,260 INFO o.a.j.e.StandardJMeterEngine: Starting ThreadGroup: 1 : Thread Group
2026-09-11 01:31:19,260 INFO o.a.j.e.StandardJMeterEngine: Starting 100000 threads for group Thread Group.
2026-09-11 01:31:19,260 INFO o.a.j.e.StandardJMeterEngine: Thread will continue on error
2026-09-11 01:31:19,260 INFO o.a.j.t.ThreadGroup: Starting thread group... number=1 threads=100000 ramp-up=100 delayedStart=false
2026-09-11 01:31:19,261 INFO o.a.j.t.JMeterThread: Thread started: Thread Group 1-2
2026-09-11 01:31:19,261 INFO o.a.j.t.JMeterThread: Thread started: Thread Group 1-1
2026-09-11 01:31:19,262 INFO o.a.j.t.JMeterThread: Thread started: Thread Group 1-3
2026-09-11 01:31:19,264 INFO o.a.j.t.JMeterThread: Thread started: Thread Group 1-4
2026-09-11 01:31:19,265 INFO o.a.j.t.JMeterThread: Thread started: Thread Group 1-5
2026-09-11 01:31:19,266 INFO o.a.j.t.JMeterThread: Thread started: Thread Group 1-6
2026-09-11 01:31:19,268 INFO o.a.j.t.JMeterThread: Thread started: Thread Group 1-8
2026-09-11 01:31:19,268 INFO o.a.j.t.JMeterThread: Thread started: Thread Group 1-7
2026-09-11 01:31:19,269 INFO o.a.j.t.JMeterThread: Thread started: Thread Group 1-9
2026-09-11 01:31:19,271 INFO o.a.j.t.JMeterThread: Thread started: Thread Group 1-10
2026-09-11 01:31:19,271 INFO o.a.j.t.JMeterThread: Thread started: Thread Group 1-11
2026-09-11 01:31:19,272 INFO o.a.j.t.JMeterThread: Thread started: Thread Group 1-12
2026-09-11 01:31:19,274 INFO o.a.j.t.JMeterThread: Thread started: Thread Group 1-14
2026-09-11 01:31:19,274 INFO o.a.j.t.JMeterThread: Thread started: Thread Group 1-13
2026-09-11 01:31:19,276 INFO o.a.j.t.JMeterThread: Thread started: Thread Group 1-16
2026-09-11 01:31:19,277 INFO o.a.j.t.JMeterThread: Thread started: Thread Group 1-17
2026-09-11 01:31:19,277 INFO o.a.j.t.JMeterThread: Thread started: Thread Group 1-15
2026-09-11 01:31:19,281 INFO o.a.j.t.JMeterThread: Thread started: Thread Group 1-18
2026-09-11 01:31:19,282 INFO o.a.j.t.JMeterThread: Thread started: Thread Group 1-19
2026-09-11 01:31:19,282 INFO o.a.j.t.JMeterThread: Thread started: Thread Group 1-21
2026-09-11 01:31:19,283 INFO o.a.j.t.JMeterThread: Thread started: Thread Group 1-22
2026-09-11 01:31:19,283 INFO o.a.j.t.JMeterThread: Thread started: Thread Group 1-20
2026-09-11 01:31:19,284 INFO o.a.j.t.JMeterThread: Thread started: Thread Group 1-23
2026-09-11 01:31:19,288 INFO o.a.j.t.JMeterThread: Thread started: Thread Group 1-24
2026-09-11 01:31:19,288 INFO o.a.j.t.JMeterThread: Thread started: Thread Group 1-26
2026-09-11 01:31:19,288 INFO o.a.j.t.JMeterThread: Thread started: Thread Group 1-25
2026-09-11 01:31:19,289 INFO o.a.j.t.JMeterThread: Thread started: Thread Group 1-28
2026-09-11 01:31:19,290 INFO o.a.j.t.JMeterThread: Thread started: Thread Group 1-29
2026-09-11 01:31:19,290 INFO o.a.j.t.JMeterThread: Thread started: Thread Group 1-27
2026-09-11 01:31:19,291 INFO o.a.j.t.JMeterThread: Thread started: Thread Group 1-31
2026-09-11 01:31:19,292 INFO o.a.j.t.JMeterThread: Thread started: Thread Group 1-30
2026-09-11 01:31:19,293 INFO o.a.j.t.JMeterThread: Thread started: Thread Group 1-33
2026-09-11 01:31:19,294 INFO o.a.j.t.JMeterThread: Thread started: Thread Group 1-32
2026-09-11 01:31:19,294 INFO o.a.j.t.JMeterThread: Thread started: Thread Group 1-35
2026-09-11 01:31:19,295 INFO o.a.j.t.JMeterThread: Thread started: Thread Group 1-36
2026-09-11 01:31:19,295 INFO o.a.j.t.JMeterThread: Thread started: Thread Group 1-34
2026-09-11 01:31:19,297 INFO o.a.j.t.JMeterThread: Thread started: Thread Group 1-37
2026-09-11 01:31:19,298 INFO o.a.j.t.JMeterThread: Thread started: Thread Group 1-38
2026-09-11 01:31:19,299 INFO o.a.j.t.JMeterThread: Thread started: Thread Group 1-39
2026-09-11 01:31:19,300 INFO o.a.j.t.JMeterThread: Thread started: Thread Group 1-40
2026-09-11 01:31:19,302 INFO o.a.j.t.JMeterThread: Thread started: Thread Group 1-41
2026-09-11 01:31:19,302 INFO o.a.j.t.JMeterThread: Thread started: Thread Group 1-42
2026-09-11 01:31:19,307 INFO o.a.j.t.JMeterThread: Thread started: Thread Group 1-44
2026-09-11 01:31:19,307 INFO o.a.j.t.JMeterThread: Thread started: Thread Group 1-43
2026-09-11 01:31:19,307 INFO o.a.j.t.JMeterThread: Thread started: Thread Group 1-47
2026-09-11 01:31:19,309 INFO o.a.j.t.JMeterThread: Thread started: Thread Group 1-45
2026-09-11 01:31:19,309 INFO o.a.j.t.JMeterThread: Thread started: Thread Group 1-49
2026-09-11 01:31:19,310 INFO o.a.j.t.JMeterThread: Thread started: Thread Group 1-50
2026-09-11 01:31:19,310 INFO o.a.j.t.JMeterThread: Thread started: Thread Group 1-46
2026-09-11 01:31:19,311 INFO o.a.j.t.JMeterThread: Thread started: Thread Group 1-51
2026-09-11 01:31:19,312 INFO o.a.j.t.JMeterThread: Thread started: Thread Group 1-48
2026-09-11 01:31:19,316 INFO o.a.j.t.JMeterThread: Thread started: Thread Group 1-55
2026-09-11 01:31:19,316 INFO o.a.j.t.JMeterThread: Thread started: Thread Group 1-52
2026-09-11 01:31:19,317 INFO o.a.j.t.JMeterThread: Thread started: Thread Group 1-56
2026-09-11 01:31:19,317 INFO o.a.j.t.JMeterThread: Thread started: Thread Group 1-54
2026-09-11 01:31:19,317 INFO o.a.j.t.JMeterThread: Thread started: Thread Group 1-53
2026-09-11 01:31:19,318 INFO o.a.j.t.JMeterThread: Thread started: Thread Group 1-57
2026-09-11 01:31:19,320 INFO o.a.j.t.JMeterThread: Thread started: Thread Group 1-58
2026-09-11 01:31:19,321 INFO o.a.j.t.JMeterThread: Thread started: Thread Group 1-60
2026-09-11 01:31:19,322 INFO o.a.j.t.JMeterThread: Thread started: Thread Group 1-63
2026-09-11 01:31:19,323 INFO o.a.j.t.JMeterThread: Thread started: Thread Group 1-62
2026-09-11 01:31:19,325 INFO o.a.j.t.JMeterThread: Thread started: Thread Group 1-59
2026-09-11 01:31:19,326 INFO o.a.j.t.JMeterThread: Thread started: Thread Group 1-64
2026-09-11 01:31:19,326 INFO o.a.j.t.JMeterThread: Thread started: Thread Group 1-65
2026-09-11 01:31:19,326 INFO o.a.j.t.JMeterThread: Thread started: Thread Group 1-61
2026-09-11 01:31:19,327 INFO o.a.j.t.JMeterThread: Thread started: Thread Group 1-66
2026-09-11 01:31:19,327 INFO o.a.j.t.JMeterThread: Thread started: Thread Group 1-67
2026-09-11 01:31:19,330 INFO o.a.j.t.JMeterThread: Thread started: Thread Group 1-68
2026-09-11 01:31:19,332 INFO o.a.j.t.JMeterThread: Thread started: Thread Group 1-71
2026-09-11 01:31:19,333 INFO o.a.j.t.JMeterThread: Thread started: Thread Group 1-69
2026-09-11 01:31:19,333 INFO o.a.j.t.JMeterThread: Thread started: Thread Group 1-73
2026-09-11 01:31:19,334 INFO o.a.j.t.JMeterThread: Thread started: Thread Group 1-72
2026-09-11 01:31:19,335 INFO o.a.j.t.JMeterThread: Thread started: Thread Group 1-70
2026-09-11 01:31:19,335 INFO o.a.j.t.JMeterThread: Thread started: Thread Group 1-75
2026-09-11 01:31:19,338 INFO o.a.j.t.JMeterThread: Thread started: Thread Group 1-76
2026-09-11 01:31:19,338 INFO o.a.j.t.JMeterThread: Thread started: Thread Group 1-74
2026-09-11 01:31:19,341 INFO o.a.j.t.JMeterThread: Thread started: Thread Group 1-77
2026-09-11 01:31:19,342 INFO o.a.j.t.JMeterThread: Thread started: Thread Group 1-78
2026-09-11 01:31:19,342 INFO o.a.j.t.JMeterThread: Thread started: Thread Group 1-79
2026-09-11 01:31:19,342 INFO o.a.j.t.JMeterThread: Thread started: Thread Group 1-80
2026-09-11 01:31:19,343 INFO o.a.j.t.JMeterThread: Thread started: Thread Group 1-81
2026-09-11 01:31:19,343 INFO o.a.j.t.JMeterThread: Thread started: Thread Group 1-83
2026-09-11 01:31:19,344 INFO o.a.j.t.JMeterThread: Thread started: Thread Group 1-82
2026-09-11 01:31:19,347 INFO o.a.j.t.JMeterThread: Thread started: Thread Group 1-87
2026-09-11 01:31:19,348 INFO o.a.j.t.JMeterThread: Thread started: Thread Group 1-85
2026-09-11 01:31:19,348 INFO o.a.j.t.JMeterThread: Thread started: Thread Group 1-84
2026-09-11 01:31:19,348 INFO o.a.j.t.JMeterThread: Thread started: Thread Group 1-89
2026-09-11 01:31:19,351 INFO o.a.j.t.JMeterThread: Thread started: Thread Group 1-86
2026-09-11 01:31:19,350 INFO o.a.j.t.JMeterThread: Thread started: Thread Group 1-90
2026-09-11 01:31:19,351 INFO o.a.j.t.JMeterThread: Thread started: Thread Group 1-88
2026-09-11 01:31:19,354 INFO o.a.j.t.JMeterThread: Thread started: Thread Group 1-91
2026-09-11 01:31:19,354 INFO o.a.j.t.JMeterThread: Thread started: Thread Group 1-94
2026-09-11 01:31:19,354 INFO o.a.j.t.JMeterThread: Thread started: Thread Group 1-95
2026-09-11 01:31:19,354 INFO o.a.j.t.JMeterThread: Thread started: Thread Group 1-93
2026-09-11 01:31:19,356 INFO o.a.j.t.JMeterThread: Thread started: Thread Group 1-97
2026-09-11 01:31:19,356 INFO o.a.j.t.JMeterThread: Thread started: Thread Group 1-92
2026-09-11 01:31:19,362 INFO o.a.j.t.JMeterThread: Thread started: Thread Group 1-96
2026-09-11 01:31:19,362 INFO o.a.j.t.JMeterThread: Thread started: Thread Group 1-99
2026-09-11 01:31:19,362 INFO o.a.j.t.JMeterThread: Thread started: Thread Group 1-101
2026-09-11 01:31:19,362 INFO o.a.j.t.JMeterThread: Thread started: Thread Group 1-100
2026-09-11 01:31:19,362 INFO o.a.j.t.JMeterThread: Thread started: Thread Group 1-98
2026-09-11 01:31:19,363 INFO o.a.j.t.JMeterThread: Thread started: Thread Group 1-102
2026-09-11 01:31:19,363 INFO o.a.j.t.JMeterThread: Thread started: Thread Group 1-104
2026-09-11 01:31:19,367 INFO o.a.j.t.JMeterThread: Thread started: Thread Group 1-103
2026-09-11 01:31:19,368 INFO o.a.j.t.JMeterThread: Thread started: Thread Group 1-107
2026-09-11 01:31:19,369 INFO o.a.j.t.JMeterThread: Thread started: Thread Group 1-105
2026-09-11 01:31:19,370 INFO o.a.j.t.JMeterThread: Thread started: Thread Group 1-106
2026-09-11 01:31:19,371 INFO o.a.j.t.JMeterThread: Thread started: Thread Group 1-111
2026-09-11 01:31:19,373 INFO o.a.j.t.JMeterThread: Thread started: Thread Group 1-112
2026-09-11 01:31:19,373 INFO o.a.j.t.JMeterThread: Thread started: Thread Group 1-108
2026-09-11 01:31:19,373 INFO o.a.j.t.JMeterThread: Thread started: Thread Group 1-110
2026-09-11 01:31:19,373 INFO o.a.j.t.JMeterThread: Thread started: Thread Group 1-109
2026-09-11 01:31:19,373 INFO o.a.j.t.JMeterThread: Thread started: Thread Group 1-113
2026-09-11 01:31:19,374 INFO o.a.j.t.JMeterThread: Thread started: Thread Group 1-114
2026-09-11 01:31:19,375 INFO o.a.j.t.JMeterThread: Thread started: Thread Group 1-115
2026-09-11 01:31:19,377 INFO o.a.j.t.JMeterThread: Thread started: Thread Group 1-118
2026-09-11 01:31:19,379 INFO o.a.j.t.JMeterThread: Thread started: Thread Group 1-117
2026-09-11 01:31:19,380 INFO o.a.j.t.JMeterThread: Thread started: Thread Group 1-116
2026-09-11 01:31:19,381 INFO o.a.j.t.JMeterThread: Thread started: Thread Group 1-119
2026-09-11 01:31:19,381 INFO o.a.j.t.JMeterThread: Thread started: Thread Group 1-121
2026-09-11 01:31:19,382 INFO o.a.j.t.JMeterThread: Thread started: Thread Group 1-120
2026-09-11 01:31:19,383 INFO o.a.j.t.JMeterThread: Thread started: Thread Group 1-122
2026-09-11 01:31:19,385 INFO o.a.j.t.JMeterThread: Thread started: Thread Group 1-125
2026-09-11 01:31:19,386 INFO o.a.j.t.JMeterThread: Thread started: Thread Group 1-124
2026-09-11 01:31:19,388 INFO o.a.j.t.JMeterThread: Thread started: Thread Group 1-123
2026-09-11 01:31:19,390 INFO o.a.j.t.JMeterThread: Thread started: Thread Group 1-126
2026-09-11 01:31:19,391 INFO o.a.j.t.JMeterThread: Thread started: Thread Group 1-128
2026-09-11 01:31:19,391 INFO o.a.j.t.JMeterThread: Thread started: Thread Group 1-127
2026-09-11 01:31:19,391 INFO o.a.j.t.JMeterThread: Thread started: Thread Group 1-130
2026-09-11 01:31:19,393 INFO o.a.j.t.JMeterThread: Thread started: Thread Group 1-131
2026-09-11 01:31:19,393 INFO o.a.j.t.JMeterThread: Thread started: Thread Group 1-132
2026-09-11 01:31:19,393 INFO o.a.j.t.JMeterThread: Thread started: Thread Group 1-129
2026-09-11 01:31:19,393 INFO o.a.j.t.JMeterThread: Thread started: Thread Group 1-133
2026-09-11 01:31:19,394 INFO o.a.j.t.JMeterThread: Thread started: Thread Group 1-135
2026-09-11 01:31:19,394 INFO o.a.j.t.JMeterThread: Thread started: Thread Group 1-134
2026-09-11 01:31:19,395 INFO o.a.j.t.JMeterThread: Thread started: Thread Group 1-136
2026-09-11 01:31:19,398 INFO o.a.j.t.JMeterThread: Thread started: Thread Group 1-137
2026-09-11 01:31:19,399 INFO o.a.j.t.JMeterThread: Thread started: Thread Group 1-138
2026-09-11 01:31:19,401 INFO o.a.j.t.JMeterThread: Thread started: Thread Group 1-140
2026-09-11 01:31:19,401 INFO o.a.j.t.JMeterThread: Thread started: Thread Group 1-139
2026-09-11 01:31:19,401 INFO o.a.j.t.JMeterThread: Thread started: Thread Group 1-141
2026-09-11 01:31:19,405 INFO o.a.j.t.JMeterThread: Thread started: Thread Group 1-143
2026-09-11 01:31:19,406 INFO o.a.j.t.JMeterThread: Thread started: Thread Group 1-147
2026-09-11 01:31:19,407 INFO o.a.j.t.JMeterThread: Thread started: Thread Group 1-145
2026-09-11 01:31:19,407 INFO o.a.j.t.JMeterThread: Thread started: Thread Group 1-144
2026-09-11 01:31:19,407 INFO o.a.j.t.JMeterThread: Thread started: Thread Group 1-146
2026-09-11 01:31:19,407 INFO o.a.j.t.JMeterThread: Thread started: Thread Group 1-142
2026-09-11 01:31:19,408 INFO o.a.j.t.JMeterThread: Thread started: Thread Group 1-148
2026-09-11 01:31:19,409 INFO o.a.j.t.JMeterThread: Thread started: Thread Group 1-149
2026-09-11 01:31:19,411 INFO o.a.j.t.JMeterThread: Thread started: Thread Group 1-152
2026-09-11 01:31:19,413 INFO o.a.j.t.JMeterThread: Thread started: Thread Group 1-151
2026-09-11 01:31:19,414 INFO o.a.j.t.JMeterThread: Thread started: Thread Group 1-154
2026-09-11 01:31:19,414 INFO o.a.j.t.JMeterThread: Thread started: Thread Group 1-153
2026-09-11 01:31:19,414 INFO o.a.j.t.JMeterThread: Thread started: Thread Group 1-150
2026-09-11 01:31:19,417 INFO o.a.j.t.JMeterThread: Thread started: Thread Group 1-155
2026-09-11 01:31:19,418 INFO o.a.j.t.JMeterThread: Thread started: Thread Group 1-158
2026-09-11 01:31:19,418 INFO o.a.j.t.JMeterThread: Thread started: Thread Group 1-159
2026-09-11 01:31:19,420 INFO o.a.j.t.JMeterThread: Thread started: Thread Group 1-156
2026-09-11 01:31:19,421 INFO o.a.j.t.JMeterThread: Thread started: Thread Group 1-157
2026-09-11 01:31:19,427 INFO o.a.j.t.JMeterThread: Thread started: Thread Group 1-160
2026-09-11 01:31:19,428 INFO o.a.j.t.JMeterThread: Thread started: Thread Group 1-163
2026-09-11 01:31:19,428 INFO o.a.j.t.JMeterThread: Thread started: Thread Group 1-162
2026-09-11 01:31:19,428 INFO o.a.j.t.JMeterThread: Thread started: Thread Group 1-164
2026-09-11 01:31:19,429 INFO o.a.j.t.JMeterThread: Thread started: Thread Group 1-161
2026-09-11 01:31:19,429 INFO o.a.j.t.JMeterThread: Thread started: Thread Group 1-165
2026-09-11 01:31:19,430 INFO o.a.j.t.JMeterThread: Thread started: Thread Group 1-166
2026-09-11 01:31:19,430 INFO o.a.j.t.JMeterThread: Thread started: Thread Group 1-167
2026-09-11 01:31:19,431 INFO o.a.j.t.JMeterThread: Thread started: Thread Group 1-169
2026-09-11 01:31:19,431 INFO o.a.j.t.JMeterThread: Thread started: Thread Group 1-170
2026-09-11 01:31:19,431 INFO o.a.j.t.JMeterThread: Thread started: Thread Group 1-171
2026-09-11 01:31:19,432 INFO o.a.j.t.JMeterThread: Thread started: Thread Group 1-168
2026-09-11 01:31:19,433 INFO o.a.j.t.JMeterThread: Thread started: Thread Group 1-174
2026-09-11 01:31:19,434 INFO o.a.j.t.JMeterThread: Thread started: Thread Group 1-172
2026-09-11 01:31:19,434 INFO o.a.j.t.JMeterThread: Thread started: Thread Group 1-173
2026-09-11 01:31:19,435 INFO o.a.j.t.JMeterThread: Thread started: Thread Group 1-175
2026-09-11 01:31:19,439 INFO o.a.j.t.JMeterThread: Thread started: Thread Group 1-176
2026-09-11 01:31:19,439 INFO o.a.j.t.JMeterThread: Thread started: Thread Group 1-178
2026-09-11 01:31:19,440 INFO o.a.j.t.JMeterThread: Thread started: Thread Group 1-177
2026-09-11 01:31:19,441 INFO o.a.j.t.JMeterThread: Thread started: Thread Group 1-181
2026-09-11 01:31:19,441 INFO o.a.j.t.JMeterThread: Thread started: Thread Group 1-179
2026-09-11 01:31:19,442 INFO o.a.j.t.JMeterThread: Thread started: Thread Group 1-182
2026-09-11 01:31:19,442 INFO o.a.j.t.JMeterThread: Thread started: Thread Group 1-183
2026-09-11 01:31:19,443 INFO o.a.j.t.JMeterThread: Thread started: Thread Group 1-180
2026-09-11 01:31:19,448 INFO o.a.j.t.JMeterThread: Thread started: Thread Group 1-184
2026-09-11 01:31:19,449 INFO o.a.j.t.JMeterThread: Thread started: Thread Group 1-185
2026-09-11 01:31:19,451 INFO o.a.j.t.JMeterThread: Thread started: Thread Group 1-186
2026-09-11 01:31:19,451 INFO o.a.j.t.JMeterThread: Thread started: Thread Group 1-188
2026-09-11 01:31:19,451 INFO o.a.j.t.JMeterThread: Thread started: Thread Group 1-187
2026-09-11 01:31:19,451 INFO o.a.j.t.JMeterThread: Thread started: Thread Group 1-189
2026-09-11 01:31:19,451 INFO o.a.j.t.JMeterThread: Thread started: Thread Group 1-191
2026-09-11 01:31:19,452 INFO o.a.j.t.JMeterThread: Thread started: Thread Group 1-190
2026-09-11 01:31:19,454 INFO o.a.j.t.JMeterThread: Thread started: Thread Group 1-194
2026-09-11 01:31:19,455 INFO o.a.j.t.JMeterThread: Thread started: Thread Group 1-196
2026-09-11 01:31:19,456 INFO o.a.j.t.JMeterThread: Thread started: Thread Group 1-192
2026-09-11 01:31:19,458 INFO o.a.j.t.JMeterThread: Thread started: Thread Group 1-198
2026-09-11 01:31:19,458 INFO o.a.j.t.JMeterThread: Thread started: Thread Group 1-197
2026-09-11 01:31:19,458 INFO o.a.j.t.JMeterThread: Thread started: Thread Group 1-193
2026-09-11 01:31:19,458 INFO o.a.j.t.JMeterThread: Thread started: Thread Group 1-195
2026-09-11 01:31:19,459 INFO o.a.j.t.JMeterThread: Thread started: Thread Group 1-199
2026-09-11 01:31:19,464 INFO o.a.j.t.JMeterThread: Thread started: Thread Group 1-202
2026-09-11 01:31:19,469 INFO o.a.j.t.JMeterThread: Thread started: Thread Group 1-200
2026-09-11 01:31:19,469 INFO o.a.j.t.JMeterThread: Thread started: Thread Group 1-201
2026-09-11 01:31:19,469 INFO o.a.j.t.JMeterThread: Thread started: Thread Group 1-204
2026-09-11 01:31:19,469 INFO o.a.j.t.JMeterThread: Thread started: Thread Group 1-205
2026-09-11 01:31:19,471 INFO o.a.j.t.JMeterThread: Thread started: Thread Group 1-208
2026-09-11 01:31:19,469 INFO o.a.j.t.JMeterThread: Thread started: Thread Group 1-203
2026-09-11 01:31:19,473 INFO o.a.j.t.JMeterThread: Thread started: Thread Group 1-206
2026-09-11 01:31:19,473 INFO o.a.j.t.JMeterThread: Thread started: Thread Group 1-207
2026-09-11 01:31:19,475 INFO o.a.j.t.JMeterThread: Thread started: Thread Group 1-210
2026-09-11 01:31:19,473 INFO o.a.j.t.JMeterThread: Thread started: Thread Group 1-211
2026-09-11 01:31:19,476 INFO o.a.j.t.JMeterThread: Thread started: Thread Group 1-214
2026-09-11 01:31:19,476 INFO o.a.j.t.JMeterThread: Thread started: Thread Group 1-213
2026-09-11 01:31:19,476 INFO o.a.j.t.JMeterThread: Thread started: Thread Group 1-212
2026-09-11 01:31:19,476 INFO o.a.j.t.JMeterThread: Thread started: Thread Group 1-209
2026-09-11 01:31:19,477 INFO o.a.j.t.JMeterThread: Thread started: Thread Group 1-215
2026-09-11 01:31:19,478 INFO o.a.j.t.JMeterThread: Thread started: Thread Group 1-217
2026-09-11 01:31:19,479 INFO o.a.j.t.JMeterThread: Thread started: Thread Group 1-218
2026-09-11 01:31:19,481 INFO o.a.j.t.JMeterThread: Thread started: Thread Group 1-216
2026-09-11 01:31:19,482 INFO o.a.j.t.JMeterThread: Thread started: Thread Group 1-222
2026-09-11 01:31:19,483 INFO o.a.j.t.JMeterThread: Thread started: Thread Group 1-221
2026-09-11 01:31:19,484 INFO o.a.j.t.JMeterThread: Thread started: Thread Group 1-219
2026-09-11 01:31:19,484 INFO o.a.j.t.JMeterThread: Thread started: Thread Group 1-220
2026-09-11 01:31:19,486 INFO o.a.j.t.JMeterThread: Thread started: Thread Group 1-225
2026-09-11 01:31:19,486 INFO o.a.j.t.JMeterThread: Thread started: Thread Group 1-223
2026-09-11 01:31:19,486 INFO o.a.j.t.JMeterThread: Thread started: Thread Group 1-224
2026-09-11 01:31:19,491 INFO o.a.j.t.JMeterThread: Thread started: Thread Group 1-229
2026-09-11 01:31:19,492 INFO o.a.j.t.JMeterThread: Thread started: Thread Group 1-227
2026-09-11 01:31:19,493 INFO o.a.j.t.JMeterThread: Thread started: Thread Group 1-228
2026-09-11 01:31:19,491 INFO o.a.j.t.JMeterThread: Thread started: Thread Group 1-226
2026-09-11 01:31:19,494 INFO o.a.j.t.JMeterThread: Thread started: Thread Group 1-233
2026-09-11 01:31:19,494 INFO o.a.j.t.JMeterThread: Thread started: Thread Group 1-231
2026-09-11 01:31:19,496 INFO o.a.j.t.JMeterThread: Thread started: Thread Group 1-230
2026-09-11 01:31:19,497 INFO o.a.j.t.JMeterThread: Thread started: Thread Group 1-232
2026-09-11 01:31:19,498 INFO o.a.j.t.JMeterThread: Thread started: Thread Group 1-234
2026-09-11 01:31:19,498 INFO o.a.j.t.JMeterThread: Thread started: Thread Group 1-236
2026-09-11 01:31:19,498 INFO o.a.j.t.JMeterThread: Thread started: Thread Group 1-235
2026-09-11 01:31:19,502 INFO o.a.j.t.JMeterThread: Thread started: Thread Group 1-237
2026-09-11 01:31:19,502 INFO o.a.j.t.JMeterThread: Thread started: Thread Group 1-241
2026-09-11 01:31:19,503 INFO o.a.j.t.JMeterThread: Thread started: Thread Group 1-238
2026-09-11 01:31:19,504 INFO o.a.j.t.JMeterThread: Thread started: Thread Group 1-239
2026-09-11 01:31:19,504 INFO o.a.j.t.JMeterThread: Thread started: Thread Group 1-240
2026-09-11 01:31:19,506 INFO o.a.j.t.JMeterThread: Thread started: Thread Group 1-242
2026-09-11 01:31:19,508 INFO o.a.j.t.JMeterThread: Thread started: Thread Group 1-243
2026-09-11 01:31:19,508 INFO o.a.j.t.JMeterThread: Thread started: Thread Group 1-245
2026-09-11 01:31:19,508 INFO o.a.j.t.JMeterThread: Thread started: Thread Group 1-244
2026-09-11 01:31:19,508 INFO o.a.j.t.JMeterThread: Thread started: Thread Group 1-246
2026-09-11 01:31:19,507 INFO o.a.j.t.JMeterThread: Thread started: Thread Group 1-247
2026-09-11 01:31:19,510 INFO o.a.j.t.JMeterThread: Thread started: Thread Group 1-248
2026-09-11 01:31:19,514 INFO o.a.j.t.JMeterThread: Thread started: Thread Group 1-249
2026-09-11 01:31:19,514 INFO o.a.j.t.JMeterThread: Thread started: Thread Group 1-252
2026-09-11 01:31:19,515 INFO o.a.j.t.JMeterThread: Thread started: Thread Group 1-250
2026-09-11 01:31:19,515 INFO o.a.j.t.JMeterThread: Thread started: Thread Group 1-251
2026-09-11 01:31:19,515 INFO o.a.j.t.JMeterThread: Thread started: Thread Group 1-254
2026-09-11 01:31:19,516 INFO o.a.j.t.JMeterThread: Thread started: Thread Group 1-255
2026-09-11 01:31:19,516 INFO o.a.j.t.JMeterThread: Thread started: Thread Group 1-253
2026-09-11 01:31:19,518 INFO o.a.j.t.JMeterThread: Thread started: Thread Group 1-257
2026-09-11 01:31:19,520 INFO o.a.j.t.JMeterThread: Thread started: Thread Group 1-258
2026-09-11 01:31:19,523 INFO o.a.j.t.JMeterThread: Thread started: Thread Group 1-256
2026-09-11 01:31:19,525 INFO o.a.j.t.JMeterThread: Thread started: Thread Group 1-263
2026-09-11 01:31:19,525 INFO o.a.j.t.JMeterThread: Thread started: Thread Group 1-262
2026-09-11 01:31:19,526 INFO o.a.j.t.JMeterThread: Thread started: Thread Group 1-259
2026-09-11 01:31:19,527 INFO o.a.j.t.JMeterThread: Thread started: Thread Group 1-261
2026-09-11 01:31:19,527 INFO o.a.j.t.JMeterThread: Thread started: Thread Group 1-264
2026-09-11 01:31:19,527 INFO o.a.j.t.JMeterThread: Thread started: Thread Group 1-265
2026-09-11 01:31:19,527 INFO o.a.j.t.JMeterThread: Thread started: Thread Group 1-260
2026-09-11 01:31:19,529 INFO o.a.j.t.JMeterThread: Thread started: Thread Group 1-268
2026-09-11 01:31:19,532 INFO o.a.j.t.JMeterThread: Thread started: Thread Group 1-269
2026-09-11 01:31:19,532 INFO o.a.j.t.JMeterThread: Thread started: Thread Group 1-267
2026-09-11 01:31:19,532 INFO o.a.j.t.JMeterThread: Thread started: Thread Group 1-266
2026-09-11 01:31:19,534 INFO o.a.j.t.JMeterThread: Thread started: Thread Group 1-270
2026-09-11 01:31:19,535 INFO o.a.j.t.JMeterThread: Thread started: Thread Group 1-272
2026-09-11 01:31:19,536 INFO o.a.j.t.JMeterThread: Thread started: Thread Group 1-271
2026-09-11 01:31:19,536 INFO o.a.j.t.JMeterThread: Thread started: Thread Group 1-273
2026-09-11 01:31:19,536 INFO o.a.j.t.JMeterThread: Thread started: Thread Group 1-274
2026-09-11 01:31:19,537 INFO o.a.j.t.JMeterThread: Thread started: Thread Group 1-275
2026-09-11 01:31:19,542 INFO o.a.j.t.JMeterThread: Thread started: Thread Group 1-278
2026-09-11 01:31:19,543 INFO o.a.j.t.JMeterThread: Thread started: Thread Group 1-279
2026-09-11 01:31:19,543 INFO o.a.j.t.JMeterThread: Thread started: Thread Group 1-282
2026-09-11 01:31:19,545 INFO o.a.j.t.JMeterThread: Thread started: Thread Group 1-276
2026-09-11 01:31:19,542 INFO o.a.j.t.JMeterThread: Thread started: Thread Group 1-277
2026-09-11 01:31:19,550 INFO o.a.j.t.JMeterThread: Thread started: Thread Group 1-283
2026-09-11 01:31:19,550 INFO o.a.j.t.JMeterThread: Thread started: Thread Group 1-284
2026-09-11 01:31:19,550 INFO o.a.j.t.JMeterThread: Thread started: Thread Group 1-285
2026-09-11 01:31:19,551 INFO o.a.j.t.JMeterThread: Thread started: Thread Group 1-288
2026-09-11 01:31:19,552 INFO o.a.j.t.JMeterThread: Thread started: Thread Group 1-280
2026-09-11 01:31:19,552 INFO o.a.j.t.JMeterThread: Thread started: Thread Group 1-281
2026-09-11 01:31:19,555 INFO o.a.j.t.JMeterThread: Thread started: Thread Group 1-286
2026-09-11 01:31:19,555 INFO o.a.j.t.JMeterThread: Thread started: Thread Group 1-287
2026-09-11 01:31:19,555 INFO o.a.j.t.JMeterThread: Thread started: Thread Group 1-289
2026-09-11 01:31:19,556 INFO o.a.j.t.JMeterThread: Thread started: Thread Group 1-291
2026-09-11 01:31:19,556 INFO o.a.j.t.JMeterThread: Thread started: Thread Group 1-292
2026-09-11 01:31:19,557 INFO o.a.j.t.JMeterThread: Thread started: Thread Group 1-293
2026-09-11 01:31:19,557 INFO o.a.j.t.JMeterThread: Thread started: Thread Group 1-294
2026-09-11 01:31:19,558 INFO o.a.j.t.JMeterThread: Thread started: Thread Group 1-295
2026-09-11 01:31:19,555 INFO o.a.j.t.JMeterThread: Thread started: Thread Group 1-290
2026-09-11 01:31:19,560 INFO o.a.j.t.JMeterThread: Thread started: Thread Group 1-297
2026-09-11 01:31:19,562 INFO o.a.j.t.JMeterThread: Thread started: Thread Group 1-299
2026-09-11 01:31:19,564 INFO o.a.j.t.JMeterThread: Thread started: Thread Group 1-296
2026-09-11 01:31:19,564 INFO o.a.j.t.JMeterThread: Thread started: Thread Group 1-298
2026-09-11 01:31:19,565 INFO o.a.j.t.JMeterThread: Thread started: Thread Group 1-301
2026-09-11 01:31:19,568 INFO o.a.j.t.JMeterThread: Thread started: Thread Group 1-302
2026-09-11 01:31:19,568 INFO o.a.j.t.JMeterThread: Thread started: Thread Group 1-300
2026-09-11 01:31:19,569 INFO o.a.j.t.JMeterThread: Thread started: Thread Group 1-305
2026-09-11 01:31:19,570 INFO o.a.j.t.JMeterThread: Thread started: Thread Group 1-306
2026-09-11 01:31:19,570 INFO o.a.j.t.JMeterThread: Thread started: Thread Group 1-303
2026-09-11 01:31:19,572 INFO o.a.j.t.JMeterThread: Thread started: Thread Group 1-304
2026-09-11 01:31:19,573 INFO o.a.j.t.JMeterThread: Thread started: Thread Group 1-307
2026-09-11 01:31:19,573 INFO o.a.j.t.JMeterThread: Thread started: Thread Group 1-308
2026-09-11 01:31:19,573 INFO o.a.j.t.JMeterThread: Thread started: Thread Group 1-311
2026-09-11 01:31:19,574 INFO o.a.j.t.JMeterThread: Thread started: Thread Group 1-309
2026-09-11 01:31:19,574 INFO o.a.j.t.JMeterThread: Thread started: Thread Group 1-313
2026-09-11 01:31:19,574 INFO o.a.j.t.JMeterThread: Thread started: Thread Group 1-310
2026-09-11 01:31:19,575 INFO o.a.j.t.JMeterThread: Thread started: Thread Group 1-314
2026-09-11 01:31:19,574 INFO o.a.j.t.JMeterThread: Thread started: Thread Group 1-312
2026-09-11 01:31:19,577 INFO o.a.j.t.JMeterThread: Thread started: Thread Group 1-316
2026-09-11 01:31:19,577 INFO o.a.j.t.JMeterThread: Thread started: Thread Group 1-315
2026-09-11 01:31:19,579 INFO o.a.j.t.JMeterThread: Thread started: Thread Group 1-317
2026-09-11 01:31:19,583 INFO o.a.j.t.JMeterThread: Thread started: Thread Group 1-318
2026-09-11 01:31:19,583 INFO o.a.j.t.JMeterThread: Thread started: Thread Group 1-320
2026-09-11 01:31:19,583 INFO o.a.j.t.JMeterThread: Thread started: Thread Group 1-319
2026-09-11 01:31:19,583 INFO o.a.j.t.JMeterThread: Thread started: Thread Group 1-321
2026-09-11 01:31:19,583 INFO o.a.j.t.JMeterThread: Thread started: Thread Group 1-324
2026-09-11 01:31:19,586 INFO o.a.j.t.JMeterThread: Thread started: Thread Group 1-323
2026-09-11 01:31:19,586 INFO o.a.j.t.JMeterThread: Thread started: Thread Group 1-322
2026-09-11 01:31:19,587 INFO o.a.j.t.JMeterThread: Thread started: Thread Group 1-325
2026-09-11 01:31:19,587 INFO o.a.j.t.JMeterThread: Thread started: Thread Group 1-326
2026-09-11 01:31:19,591 INFO o.a.j.t.JMeterThread: Thread started: Thread Group 1-328
2026-09-11 01:31:19,591 INFO o.a.j.t.JMeterThread: Thread started: Thread Group 1-327
2026-09-11 01:31:19,591 INFO o.a.j.t.JMeterThread: Thread started: Thread Group 1-330
2026-09-11 01:31:19,591 INFO o.a.j.t.JMeterThread: Thread started: Thread Group 1-329
2026-09-11 01:31:19,591 INFO o.a.j.t.JMeterThread: Thread started: Thread Group 1-331
2026-09-11 01:31:19,596 INFO o.a.j.t.JMeterThread: Thread started: Thread Group 1-335
2026-09-11 01:31:19,596 INFO o.a.j.t.JMeterThread: Thread started: Thread Group 1-332
2026-09-11 01:31:19,596 INFO o.a.j.t.JMeterThread: Thread started: Thread Group 1-333
2026-09-11 01:31:19,597 INFO o.a.j.t.JMeterThread: Thread started: Thread Group 1-336
2026-09-11 01:31:19,597 INFO o.a.j.t.JMeterThread: Thread started: Thread Group 1-334
2026-09-11 01:31:19,599 INFO o.a.j.t.JMeterThread: Thread started: Thread Group 1-338
2026-09-11 01:31:19,599 INFO o.a.j.t.JMeterThread: Thread started: Thread Group 1-339
2026-09-11 01:31:19,599 INFO o.a.j.t.JMeterThread: Thread started: Thread Group 1-337
2026-09-11 01:31:19,600 INFO o.a.j.t.JMeterThread: Thread started: Thread Group 1-340
2026-09-11 01:31:19,601 INFO o.a.j.t.JMeterThread: Thread started: Thread Group 1-342
2026-09-11 01:31:19,601 INFO o.a.j.t.JMeterThread: Thread started: Thread Group 1-341
2026-09-11 01:31:19,604 INFO o.a.j.t.JMeterThread: Thread started: Thread Group 1-345
2026-09-11 01:31:19,606 INFO o.a.j.t.JMeterThread: Thread started: Thread Group 1-344
2026-09-11 01:31:19,607 INFO o.a.j.t.JMeterThread: Thread started: Thread Group 1-343
2026-09-11 01:31:19,607 INFO o.a.j.t.JMeterThread: Thread started: Thread Group 1-346
2026-09-11 01:31:19,609 INFO o.a.j.t.JMeterThread: Thread started: Thread Group 1-349
2026-09-11 01:31:19,611 INFO o.a.j.t.JMeterThread: Thread started: Thread Group 1-347
2026-09-11 01:31:19,612 INFO o.a.j.t.JMeterThread: Thread started: Thread Group 1-352
2026-09-11 01:31:19,613 INFO o.a.j.t.JMeterThread: Thread started: Thread Group 1-348
2026-09-11 01:31:19,613 INFO o.a.j.t.JMeterThread: Thread started: Thread Group 1-351
2026-09-11 01:31:19,614 INFO o.a.j.t.JMeterThread: Thread started: Thread Group 1-350
2026-09-11 01:31:19,614 INFO o.a.j.t.JMeterThread: Thread started: Thread Group 1-354
2026-09-11 01:31:19,614 INFO o.a.j.t.JMeterThread: Thread started: Thread Group 1-353
2026-09-11 01:31:19,616 INFO o.a.j.t.JMeterThread: Thread started: Thread Group 1-355
2026-09-11 01:31:19,619 INFO o.a.j.t.JMeterThread: Thread started: Thread Group 1-359
2026-09-11 01:31:19,619 INFO o.a.j.t.JMeterThread: Thread started: Thread Group 1-357
2026-09-11 01:31:19,619 INFO o.a.j.t.JMeterThread: Thread started: Thread Group 1-356
2026-09-11 01:31:19,621 INFO o.a.j.t.JMeterThread: Thread started: Thread Group 1-362
2026-09-11 01:31:19,622 INFO o.a.j.t.JMeterThread: Thread started: Thread Group 1-358
2026-09-11 01:31:19,623 INFO o.a.j.t.JMeterThread: Thread started: Thread Group 1-360
2026-09-11 01:31:19,624 INFO o.a.j.t.JMeterThread: Thread started: Thread Group 1-363
2026-09-11 01:31:19,624 INFO o.a.j.t.JMeterThread: Thread started: Thread Group 1-361
2026-09-11 01:31:19,624 INFO o.a.j.t.JMeterThread: Thread started: Thread Group 1-364
2026-09-11 01:31:19,625 INFO o.a.j.t.JMeterThread: Thread started: Thread Group 1-366
2026-09-11 01:31:19,626 INFO o.a.j.t.JMeterThread: Thread started: Thread Group 1-367
2026-09-11 01:31:19,627 INFO o.a.j.t.JMeterThread: Thread started: Thread Group 1-365
2026-09-11 01:31:19,631 INFO o.a.j.t.JMeterThread: Thread started: Thread Group 1-370
2026-09-11 01:31:19,631 INFO o.a.j.t.JMeterThread: Thread started: Thread Group 1-368
2026-09-11 01:31:19,631 INFO o.a.j.t.JMeterThread: Thread started: Thread Group 1-371
2026-09-11 01:31:19,633 INFO o.a.j.t.JMeterThread: Thread started: Thread Group 1-369
2026-09-11 01:31:19,634 INFO o.a.j.t.JMeterThread: Thread started: Thread Group 1-373
2026-09-11 01:31:19,634 INFO o.a.j.t.JMeterThread: Thread started: Thread Group 1-372
2026-09-11 01:31:19,634 INFO o.a.j.t.JMeterThread: Thread started: Thread Group 1-375
2026-09-11 01:31:19,639 INFO o.a.j.t.JMeterThread: Thread started: Thread Group 1-374
2026-09-11 01:31:19,640 INFO o.a.j.t.JMeterThread: Thread started: Thread Group 1-377
2026-09-11 01:31:19,640 INFO o.a.j.t.JMeterThread: Thread started: Thread Group 1-380
2026-09-11 01:31:19,640 INFO o.a.j.t.JMeterThread: Thread started: Thread Group 1-378
2026-09-11 01:31:19,641 INFO o.a.j.t.JMeterThread: Thread started: Thread Group 1-376
2026-09-11 01:31:19,643 INFO o.a.j.t.JMeterThread: Thread started: Thread Group 1-382
2026-09-11 01:31:19,644 INFO o.a.j.t.JMeterThread: Thread started: Thread Group 1-383
2026-09-11 01:31:19,644 INFO o.a.j.t.JMeterThread: Thread started: Thread Group 1-379
2026-09-11 01:31:19,644 INFO o.a.j.t.JMeterThread: Thread started: Thread Group 1-384
2026-09-11 01:31:19,644 INFO o.a.j.t.JMeterThread: Thread started: Thread Group 1-381
2026-09-11 01:31:19,649 INFO o.a.j.t.JMeterThread: Thread started: Thread Group 1-387
2026-09-11 01:31:19,649 INFO o.a.j.t.JMeterThread: Thread started: Thread Group 1-389
2026-09-11 01:31:19,649 INFO o.a.j.t.JMeterThread: Thread started: Thread Group 1-386
2026-09-11 01:31:19,649 INFO o.a.j.t.JMeterThread: Thread started: Thread Group 1-385
2026-09-11 01:31:19,650 INFO o.a.j.t.JMeterThread: Thread started: Thread Group 1-390
2026-09-11 01:31:19,651 INFO o.a.j.t.JMeterThread: Thread started: Thread Group 1-391
2026-09-11 01:31:19,652 INFO o.a.j.t.JMeterThread: Thread started: Thread Group 1-388
2026-09-11 01:31:19,652 INFO o.a.j.t.JMeterThread: Thread started: Thread Group 1-392
2026-09-11 01:31:19,656 INFO o.a.j.t.JMeterThread: Thread started: Thread Group 1-393
2026-09-11 01:31:19,656 INFO o.a.j.t.JMeterThread: Thread started: Thread Group 1-397
2026-09-11 01:31:19,656 INFO o.a.j.t.JMeterThread: Thread started: Thread Group 1-395
2026-09-11 01:31:19,656 INFO o.a.j.t.JMeterThread: Thread started: Thread Group 1-394
2026-09-11 01:31:19,660 INFO o.a.j.t.JMeterThread: Thread started: Thread Group 1-396
2026-09-11 01:31:19,662 INFO o.a.j.t.JMeterThread: Thread started: Thread Group 1-398
2026-09-11 01:31:19,662 INFO o.a.j.t.JMeterThread: Thread started: Thread Group 1-399
2026-09-11 01:31:19,662 INFO o.a.j.t.JMeterThread: Thread started: Thread Group 1-400
2026-09-11 01:31:19,662 INFO o.a.j.t.JMeterThread: Thread started: Thread Group 1-402
2026-09-11 01:31:19,665 INFO o.a.j.t.JMeterThread: Thread started: Thread Group 1-401
2026-09-11 01:31:19,667 INFO o.a.j.t.JMeterThread: Thread started: Thread Group 1-403
2026-09-11 01:31:19,667 INFO o.a.j.t.JMeterThread: Thread started: Thread Group 1-404
2026-09-11 01:31:19,667 INFO o.a.j.t.JMeterThread: Thread started: Thread Group 1-405
2026-09-11 01:31:19,670 INFO o.a.j.t.JMeterThread: Thread started: Thread Group 1-407
2026-09-11 01:31:19,670 INFO o.a.j.t.JMeterThread: Thread started: Thread Group 1-406
2026-09-11 01:31:19,670 INFO o.a.j.t.JMeterThread: Thread started: Thread Group 1-408
2026-09-11 01:31:19,674 INFO o.a.j.t.JMeterThread: Thread started: Thread Group 1-409
2026-09-11 01:31:19,674 INFO o.a.j.t.JMeterThread: Thread started: Thread Group 1-411
2026-09-11 01:31:19,674 INFO o.a.j.t.JMeterThread: Thread started: Thread Group 1-412
2026-09-11 01:31:19,674 INFO o.a.j.t.JMeterThread: Thread started: Thread Group 1-410
2026-09-11 01:31:19,675 INFO o.a.j.t.JMeterThread: Thread started: Thread Group 1-413
2026-09-11 01:31:19,676 INFO o.a.j.t.JMeterThread: Thread started: Thread Group 1-416
2026-09-11 01:31:19,676 INFO o.a.j.t.JMeterThread: Thread started: Thread Group 1-415
2026-09-11 01:31:19,678 INFO o.a.j.t.JMeterThread: Thread started: Thread Group 1-414
2026-09-11 01:31:19,679 INFO o.a.j.t.JMeterThread: Thread started: Thread Group 1-419
2026-09-11 01:31:19,679 INFO o.a.j.t.JMeterThread: Thread started: Thread Group 1-418
2026-09-11 01:31:19,680 INFO o.a.j.t.JMeterThread: Thread started: Thread Group 1-417
2026-09-11 01:31:19,682 INFO o.a.j.t.JMeterThread: Thread started: Thread Group 1-420
2026-09-11 01:31:19,683 INFO o.a.j.t.JMeterThread: Thread started: Thread Group 1-421
2026-09-11 01:31:19,684 INFO o.a.j.t.JMeterThread: Thread started: Thread Group 1-422
2026-09-11 01:31:19,684 INFO o.a.j.t.JMeterThread: Thread started: Thread Group 1-423
2026-09-11 01:31:19,686 INFO o.a.j.t.JMeterThread: Thread started: Thread Group 1-424
2026-09-11 01:31:19,687 INFO o.a.j.t.JMeterThread: Thread started: Thread Group 1-428
2026-09-11 01:31:19,688 INFO o.a.j.t.JMeterThread: Thread started: Thread Group 1-426
2026-09-11 01:31:19,688 INFO o.a.j.t.JMeterThread: Thread started: Thread Group 1-427
2026-09-11 01:31:19,689 INFO o.a.j.t.JMeterThread: Thread started: Thread Group 1-425
2026-09-11 01:31:19,690 INFO o.a.j.t.JMeterThread: Thread started: Thread Group 1-429
2026-09-11 01:31:19,691 INFO o.a.j.t.JMeterThread: Thread started: Thread Group 1-431
2026-09-11 01:31:19,694 INFO o.a.j.t.JMeterThread: Thread started: Thread Group 1-430
2026-09-11 01:31:19,696 INFO o.a.j.t.JMeterThread: Thread started: Thread Group 1-432
2026-09-11 01:31:19,696 INFO o.a.j.t.JMeterThread: Thread started: Thread Group 1-433
2026-09-11 01:31:19,696 INFO o.a.j.t.JMeterThread: Thread started: Thread Group 1-434
2026-09-11 01:31:19,696 INFO o.a.j.t.JMeterThread: Thread started: Thread Group 1-435
2026-09-11 01:31:19,697 INFO o.a.j.t.JMeterThread: Thread started: Thread Group 1-436
2026-09-11 01:31:19,698 INFO o.a.j.t.JMeterThread: Thread started: Thread Group 1-439
2026-09-11 01:31:19,699 INFO o.a.j.t.JMeterThread: Thread started: Thread Group 1-440
2026-09-11 01:31:19,702 INFO o.a.j.t.JMeterThread: Thread started: Thread Group 1-437
2026-09-11 01:31:19,702 INFO o.a.j.t.JMeterThread: Thread started: Thread Group 1-438
2026-09-11 01:31:19,703 INFO o.a.j.t.JMeterThread: Thread started: Thread Group 1-443
2026-09-11 01:31:19,703 INFO o.a.j.t.JMeterThread: Thread started: Thread Group 1-441
2026-09-11 01:31:19,706 INFO o.a.j.t.JMeterThread: Thread started: Thread Group 1-446
2026-09-11 01:31:19,707 INFO o.a.j.t.JMeterThread: Thread started: Thread Group 1-445
2026-09-11 01:31:19,707 INFO o.a.j.t.JMeterThread: Thread started: Thread Group 1-442
2026-09-11 01:31:19,707 INFO o.a.j.t.JMeterThread: Thread started: Thread Group 1-444
2026-09-11 01:31:19,707 INFO o.a.j.t.JMeterThread: Thread started: Thread Group 1-447
2026-09-11 01:31:19,708 INFO o.a.j.t.JMeterThread: Thread started: Thread Group 1-448
2026-09-11 01:31:19,710 INFO o.a.j.t.JMeterThread: Thread started: Thread Group 1-449
2026-09-11 01:31:19,710 INFO o.a.j.t.JMeterThread: Thread started: Thread Group 1-451
2026-09-11 01:31:19,712 INFO o.a.j.t.JMeterThread: Thread started: Thread Group 1-452
2026-09-11 01:31:19,713 INFO o.a.j.t.JMeterThread: Thread started: Thread Group 1-453
2026-09-11 01:31:19,715 INFO o.a.j.t.JMeterThread: Thread started: Thread Group 1-450
2026-09-11 01:31:19,715 INFO o.a.j.t.JMeterThread: Thread started: Thread Group 1-455
2026-09-11 01:31:19,716 INFO o.a.j.t.JMeterThread: Thread started: Thread Group 1-454
2026-09-11 01:31:19,717 INFO o.a.j.t.JMeterThread: Thread started: Thread Group 1-458
2026-09-11 01:31:19,719 INFO o.a.j.t.JMeterThread: Thread started: Thread Group 1-459
2026-09-11 01:31:19,721 INFO o.a.j.t.JMeterThread: Thread started: Thread Group 1-457
2026-09-11 01:31:19,721 INFO o.a.j.t.JMeterThread: Thread started: Thread Group 1-456
2026-09-11 01:31:19,723 INFO o.a.j.t.JMeterThread: Thread started: Thread Group 1-462
2026-09-11 01:31:19,723 INFO o.a.j.t.JMeterThread: Thread started: Thread Group 1-460
2026-09-11 01:31:19,723 INFO o.a.j.t.JMeterThread: Thread started: Thread Group 1-461
2026-09-11 01:31:19,727 INFO o.a.j.t.JMeterThread: Thread started: Thread Group 1-465
2026-09-11 01:31:19,727 INFO o.a.j.t.JMeterThread: Thread started: Thread Group 1-466
2026-09-11 01:31:19,727 INFO o.a.j.t.JMeterThread: Thread started: Thread Group 1-463
2026-09-11 01:31:19,727 INFO o.a.j.t.JMeterThread: Thread started: Thread Group 1-468
2026-09-11 01:31:19,727 INFO o.a.j.t.JMeterThread: Thread started: Thread Group 1-464
2026-09-11 01:31:19,728 INFO o.a.j.t.JMeterThread: Thread started: Thread Group 1-467
2026-09-11 01:31:19,729 INFO o.a.j.t.JMeterThread: Thread started: Thread Group 1-469
2026-09-11 01:31:19,731 INFO o.a.j.t.JMeterThread: Thread started: Thread Group 1-471
2026-09-11 01:31:19,731 INFO o.a.j.t.JMeterThread: Thread started: Thread Group 1-470
2026-09-11 01:31:19,733 INFO o.a.j.t.JMeterThread: Thread started: Thread Group 1-472
2026-09-11 01:31:19,734 INFO o.a.j.t.JMeterThread: Thread started: Thread Group 1-474
2026-09-11 01:31:19,737 INFO o.a.j.t.JMeterThread: Thread started: Thread Group 1-473
2026-09-11 01:31:19,739 INFO o.a.j.t.JMeterThread: Thread started: Thread Group 1-475
2026-09-11 01:31:19,739 INFO o.a.j.t.JMeterThread: Thread started: Thread Group 1-476
2026-09-11 01:31:19,741 INFO o.a.j.t.JMeterThread: Thread started: Thread Group 1-480
2026-09-11 01:31:19,741 INFO o.a.j.t.JMeterThread: Thread started: Thread Group 1-481
2026-09-11 01:31:19,741 INFO o.a.j.t.JMeterThread: Thread started: Thread Group 1-478
2026-09-11 01:31:19,741 INFO o.a.j.t.JMeterThread: Thread started: Thread Group 1-477
2026-09-11 01:31:19,743 INFO o.a.j.t.JMeterThread: Thread started: Thread Group 1-479
2026-09-11 01:31:19,743 INFO o.a.j.t.JMeterThread: Thread started: Thread Group 1-482
2026-09-11 01:31:19,743 INFO o.a.j.t.JMeterThread: Thread started: Thread Group 1-483
2026-09-11 01:31:19,745 INFO o.a.j.t.JMeterThread: Thread started: Thread Group 1-484
2026-09-11 01:31:19,745 INFO o.a.j.t.JMeterThread: Thread started: Thread Group 1-486
2026-09-11 01:31:19,745 INFO o.a.j.t.JMeterThread: Thread started: Thread Group 1-485
2026-09-11 01:31:19,747 INFO o.a.j.t.JMeterThread: Thread started: Thread Group 1-487
2026-09-11 01:31:19,747 INFO o.a.j.t.JMeterThread: Thread started: Thread Group 1-488
2026-09-11 01:31:19,749 INFO o.a.j.t.JMeterThread: Thread started: Thread Group 1-489
2026-09-11 01:31:19,754 INFO o.a.j.t.JMeterThread: Thread started: Thread Group 1-494
2026-09-11 01:31:19,754 INFO o.a.j.t.JMeterThread: Thread started: Thread Group 1-495
2026-09-11 01:31:19,755 INFO o.a.j.t.JMeterThread: Thread started: Thread Group 1-496
2026-09-11 01:31:19,756 INFO o.a.j.t.JMeterThread: Thread started: Thread Group 1-490
2026-09-11 01:31:19,756 INFO o.a.j.t.JMeterThread: Thread started: Thread Group 1-491
2026-09-11 01:31:19,756 INFO o.a.j.t.JMeterThread: Thread started: Thread Group 1-493
2026-09-11 01:31:19,756 INFO o.a.j.t.JMeterThread: Thread started: Thread Group 1-492
2026-09-11 01:31:19,757 INFO o.a.j.t.JMeterThread: Thread started: Thread Group 1-497
2026-09-11 01:31:19,759 INFO o.a.j.t.JMeterThread: Thread started: Thread Group 1-498
2026-09-11 01:31:19,760 INFO o.a.j.t.JMeterThread: Thread started: Thread Group 1-499
2026-09-11 01:31:19,760 INFO o.a.j.t.JMeterThread: Thread started: Thread Group 1-500
2026-09-11 01:31:19,763 INFO o.a.j.t.JMeterThread: Thread started: Thread Group 1-502
2026-09-11 01:31:19,764 INFO o.a.j.t.JMeterThread: Thread started: Thread Group 1-505
2026-09-11 01:31:19,765 INFO o.a.j.t.JMeterThread: Thread started: Thread Group 1-501
2026-09-11 01:31:19,765 INFO o.a.j.t.JMeterThread: Thread started: Thread Group 1-503
2026-09-11 01:31:19,765 INFO o.a.j.t.JMeterThread: Thread started: Thread Group 1-506
2026-09-11 01:31:19,766 INFO o.a.j.t.JMeterThread: Thread started: Thread Group 1-507
2026-09-11 01:31:19,767 INFO o.a.j.t.JMeterThread: Thread started: Thread Group 1-504
2026-09-11 01:31:19,772 INFO o.a.j.t.JMeterThread: Thread started: Thread Group 1-508
2026-09-11 01:31:19,773 INFO o.a.j.t.JMeterThread: Thread started: Thread Group 1-509
2026-09-11 01:31:19,773 INFO o.a.j.t.JMeterThread: Thread started: Thread Group 1-512
2026-09-11 01:31:19,773 INFO o.a.j.t.JMeterThread: Thread started: Thread Group 1-510
2026-09-11 01:31:19,774 INFO o.a.j.t.JMeterThread: Thread started: Thread Group 1-514
2026-09-11 01:31:19,774 INFO o.a.j.t.JMeterThread: Thread started: Thread Group 1-513
2026-09-11 01:31:19,774 INFO o.a.j.t.JMeterThread: Thread started: Thread Group 1-511
2026-09-11 01:31:19,776 INFO o.a.j.t.JMeterThread: Thread started: Thread Group 1-515
2026-09-11 01:31:19,779 INFO o.a.j.t.JMeterThread: Thread started: Thread Group 1-516
2026-09-11 01:31:19,780 INFO o.a.j.t.JMeterThread: Thread started: Thread Group 1-517
2026-09-11 01:31:19,782 INFO o.a.j.t.JMeterThread: Thread started: Thread Group 1-518
2026-09-11 01:31:19,782 INFO o.a.j.t.JMeterThread: Thread started: Thread Group 1-522
2026-09-11 01:31:19,782 INFO o.a.j.t.JMeterThread: Thread started: Thread Group 1-521
2026-09-11 01:31:19,783 INFO o.a.j.t.JMeterThread: Thread started: Thread Group 1-524
2026-09-11 01:31:19,785 INFO o.a.j.t.JMeterThread: Thread started: Thread Group 1-520
2026-09-11 01:31:19,785 INFO o.a.j.t.JMeterThread: Thread started: Thread Group 1-519
2026-09-11 01:31:19,786 INFO o.a.j.t.JMeterThread: Thread started: Thread Group 1-523
2026-09-11 01:31:19,788 INFO o.a.j.t.JMeterThread: Thread started: Thread Group 1-526
2026-09-11 01:31:19,788 INFO o.a.j.t.JMeterThread: Thread started: Thread Group 1-525
2026-09-11 01:31:19,788 INFO o.a.j.t.JMeterThread: Thread started: Thread Group 1-527
2026-09-11 01:31:19,789 INFO o.a.j.t.JMeterThread: Thread started: Thread Group 1-529
2026-09-11 01:31:19,791 INFO o.a.j.t.JMeterThread: Thread started: Thread Group 1-528
2026-09-11 01:31:19,795 INFO o.a.j.t.JMeterThread: Thread started: Thread Group 1-532
2026-09-11 01:31:19,795 INFO o.a.j.t.JMeterThread: Thread started: Thread Group 1-533
2026-09-11 01:31:19,795 INFO o.a.j.t.JMeterThread: Thread started: Thread Group 1-530
2026-09-11 01:31:19,796 INFO o.a.j.t.JMeterThread: Thread started: Thread Group 1-537
2026-09-11 01:31:19,795 INFO o.a.j.t.JMeterThread: Thread started: Thread Group 1-531
2026-09-11 01:31:19,798 INFO o.a.j.t.JMeterThread: Thread started: Thread Group 1-534
2026-09-11 01:31:19,798 INFO o.a.j.t.JMeterThread: Thread started: Thread Group 1-535
2026-09-11 01:31:19,798 INFO o.a.j.t.JMeterThread: Thread started: Thread Group 1-538
2026-09-11 01:31:19,798 INFO o.a.j.t.JMeterThread: Thread started: Thread Group 1-536
2026-09-11 01:31:19,799 INFO o.a.j.t.JMeterThread: Thread started: Thread Group 1-539
2026-09-11 01:31:19,801 INFO o.a.j.t.JMeterThread: Thread started: Thread Group 1-542
2026-09-11 01:31:19,804 INFO o.a.j.t.JMeterThread: Thread started: Thread Group 1-541
2026-09-11 01:31:19,804 INFO o.a.j.t.JMeterThread: Thread started: Thread Group 1-540
2026-09-11 01:31:19,806 INFO o.a.j.t.JMeterThread: Thread started: Thread Group 1-544
2026-09-11 01:31:19,806 INFO o.a.j.t.JMeterThread: Thread started: Thread Group 1-543
2026-09-11 01:31:19,806 INFO o.a.j.t.JMeterThread: Thread started: Thread Group 1-545
2026-09-11 01:31:19,810 INFO o.a.j.t.JMeterThread: Thread started: Thread Group 1-546
2026-09-11 01:31:19,811 INFO o.a.j.t.JMeterThread: Thread started: Thread Group 1-547
2026-09-11 01:31:19,811 INFO o.a.j.t.JMeterThread: Thread started: Thread Group 1-548
2026-09-11 01:31:19,812 INFO o.a.j.t.JMeterThread: Thread started: Thread Group 1-552
2026-09-11 01:31:19,812 INFO o.a.j.t.JMeterThread: Thread started: Thread Group 1-550
2026-09-11 01:31:19,812 INFO o.a.j.t.JMeterThread: Thread started: Thread Group 1-549
2026-09-11 01:31:19,814 INFO o.a.j.t.JMeterThread: Thread started: Thread Group 1-554
2026-09-11 01:31:19,815 INFO o.a.j.t.JMeterThread: Thread started: Thread Group 1-553
2026-09-11 01:31:19,815 INFO o.a.j.t.JMeterThread: Thread started: Thread Group 1-551
2026-09-11 01:31:19,816 INFO o.a.j.t.JMeterThread: Thread started: Thread Group 1-555
2026-09-11 01:31:19,816 INFO o.a.j.t.JMeterThread: Thread started: Thread Group 1-556
2026-09-11 01:31:19,821 INFO o.a.j.t.JMeterThread: Thread started: Thread Group 1-557
2026-09-11 01:31:19,821 INFO o.a.j.t.JMeterThread: Thread started: Thread Group 1-558
2026-09-11 01:31:19,822 INFO o.a.j.t.JMeterThread: Thread started: Thread Group 1-559
2026-09-11 01:31:19,822 INFO o.a.j.t.JMeterThread: Thread started: Thread Group 1-560
2026-09-11 01:31:19,824 INFO o.a.j.t.JMeterThread: Thread started: Thread Group 1-562
2026-09-11 01:31:19,824 INFO o.a.j.t.JMeterThread: Thread started: Thread Group 1-561
2026-09-11 01:31:19,824 INFO o.a.j.t.JMeterThread: Thread started: Thread Group 1-563
2026-09-11 01:31:19,827 INFO o.a.j.t.JMeterThread: Thread started: Thread Group 1-565
2026-09-11 01:31:19,827 INFO o.a.j.t.JMeterThread: Thread started: Thread Group 1-564
2026-09-11 01:31:19,830 INFO o.a.j.t.JMeterThread: Thread started: Thread Group 1-567
2026-09-11 01:31:19,830 INFO o.a.j.t.JMeterThread: Thread started: Thread Group 1-566
2026-09-11 01:31:19,831 INFO o.a.j.t.JMeterThread: Thread started: Thread Group 1-568
2026-09-11 01:31:19,831 INFO o.a.j.t.JMeterThread: Thread started: Thread Group 1-570
2026-09-11 01:31:19,831 INFO o.a.j.t.JMeterThread: Thread started: Thread Group 1-569
2026-09-11 01:31:19,833 INFO o.a.j.t.JMeterThread: Thread started: Thread Group 1-571
2026-09-11 01:31:19,833 INFO o.a.j.t.JMeterThread: Thread started: Thread Group 1-572
2026-09-11 01:31:19,837 INFO o.a.j.t.JMeterThread: Thread started: Thread Group 1-573
2026-09-11 01:31:19,837 INFO o.a.j.t.JMeterThread: Thread started: Thread Group 1-577
2026-09-11 01:31:19,838 INFO o.a.j.t.JMeterThread: Thread started: Thread Group 1-574
2026-09-11 01:31:19,838 INFO o.a.j.t.JMeterThread: Thread started: Thread Group 1-575
2026-09-11 01:31:19,838 INFO o.a.j.t.JMeterThread: Thread started: Thread Group 1-578
2026-09-11 01:31:19,839 INFO o.a.j.t.JMeterThread: Thread started: Thread Group 1-576
2026-09-11 01:31:19,839 INFO o.a.j.t.JMeterThread: Thread started: Thread Group 1-579
2026-09-11 01:31:19,841 INFO o.a.j.t.JMeterThread: Thread started: Thread Group 1-580
2026-09-11 01:31:19,844 INFO o.a.j.t.JMeterThread: Thread started: Thread Group 1-581
2026-09-11 01:31:19,844 INFO o.a.j.t.JMeterThread: Thread started: Thread Group 1-582
2026-09-11 01:31:19,844 INFO o.a.j.t.JMeterThread: Thread started: Thread Group 1-583
2026-09-11 01:31:19,848 INFO o.a.j.t.JMeterThread: Thread started: Thread Group 1-584
2026-09-11 01:31:19,849 INFO o.a.j.t.JMeterThread: Thread started: Thread Group 1-588
2026-09-11 01:31:19,849 INFO o.a.j.t.JMeterThread: Thread started: Thread Group 1-585
2026-09-11 01:31:19,849 INFO o.a.j.t.JMeterThread: Thread started: Thread Group 1-586
2026-09-11 01:31:19,850 INFO o.a.j.t.JMeterThread: Thread started: Thread Group 1-587
2026-09-11 01:31:19,852 INFO o.a.j.t.JMeterThread: Thread started: Thread Group 1-592
2026-09-11 01:31:19,852 INFO o.a.j.t.JMeterThread: Thread started: Thread Group 1-591
2026-09-11 01:31:19,852 INFO o.a.j.t.JMeterThread: Thread started: Thread Group 1-589
2026-09-11 01:31:19,853 INFO o.a.j.t.JMeterThread: Thread started: Thread Group 1-590
2026-09-11 01:31:19,856 INFO o.a.j.t.JMeterThread: Thread started: Thread Group 1-593
2026-09-11 01:31:19,857 INFO o.a.j.t.JMeterThread: Thread started: Thread Group 1-594
2026-09-11 01:31:19,858 INFO o.a.j.t.JMeterThread: Thread started: Thread Group 1-597
2026-09-11 01:31:19,858 INFO o.a.j.t.JMeterThread: Thread started: Thread Group 1-598
2026-09-11 01:31:19,858 INFO o.a.j.t.JMeterThread: Thread started: Thread Group 1-595
2026-09-11 01:31:19,858 INFO o.a.j.t.JMeterThread: Thread started: Thread Group 1-596
2026-09-11 01:31:19,859 INFO o.a.j.t.JMeterThread: Thread started: Thread Group 1-599
2026-09-11 01:31:19,862 INFO o.a.j.t.JMeterThread: Thread started: Thread Group 1-600
2026-09-11 01:31:19,862 INFO o.a.j.t.JMeterThread: Thread started: Thread Group 1-601
2026-09-11 01:31:19,864 INFO o.a.j.t.JMeterThread: Thread started: Thread Group 1-604
2026-09-11 01:31:19,864 INFO o.a.j.t.JMeterThread: Thread started: Thread Group 1-605
2026-09-11 01:31:19,864 INFO o.a.j.t.JMeterThread: Thread started: Thread Group 1-603
2026-09-11 01:31:19,864 INFO o.a.j.t.JMeterThread: Thread started: Thread Group 1-602
2026-09-11 01:31:19,865 INFO o.a.j.t.JMeterThread: Thread started: Thread Group 1-606
2026-09-11 01:31:19,868 INFO o.a.j.t.JMeterThread: Thread started: Thread Group 1-607
2026-09-11 01:31:19,870 INFO o.a.j.t.JMeterThread: Thread started: Thread Group 1-609
2026-09-11 01:31:19,871 INFO o.a.j.t.JMeterThread: Thread started: Thread Group 1-608
2026-09-11 01:31:19,872 INFO o.a.j.t.JMeterThread: Thread started: Thread Group 1-612
2026-09-11 01:31:19,873 INFO o.a.j.t.JMeterThread: Thread started: Thread Group 1-611
2026-09-11 01:31:19,873 INFO o.a.j.t.JMeterThread: Thread started: Thread Group 1-610
2026-09-11 01:31:19,874 INFO o.a.j.t.JMeterThread: Thread started: Thread Group 1-613
2026-09-11 01:31:19,877 INFO o.a.j.t.JMeterThread: Thread started: Thread Group 1-615
2026-09-11 01:31:19,877 INFO o.a.j.t.JMeterThread: Thread started: Thread Group 1-616
2026-09-11 01:31:19,878 INFO o.a.j.t.JMeterThread: Thread started: Thread Group 1-618
2026-09-11 01:31:19,878 INFO o.a.j.t.JMeterThread: Thread started: Thread Group 1-614
2026-09-11 01:31:19,880 INFO o.a.j.t.JMeterThread: Thread started: Thread Group 1-620
2026-09-11 01:31:19,881 INFO o.a.j.t.JMeterThread: Thread started: Thread Group 1-617
2026-09-11 01:31:19,882 INFO o.a.j.t.JMeterThread: Thread started: Thread Group 1-622
2026-09-11 01:31:19,882 INFO o.a.j.t.JMeterThread: Thread started: Thread Group 1-619
2026-09-11 01:31:19,883 INFO o.a.j.t.JMeterThread: Thread started: Thread Group 1-623
2026-09-11 01:31:19,883 INFO o.a.j.t.JMeterThread: Thread started: Thread Group 1-621
2026-09-11 01:31:19,886 INFO o.a.j.t.JMeterThread: Thread started: Thread Group 1-624
2026-09-11 01:31:19,887 INFO o.a.j.t.JMeterThread: Thread started: Thread Group 1-625
2026-09-11 01:31:19,888 INFO o.a.j.t.JMeterThread: Thread started: Thread Group 1-626
2026-09-11 01:31:19,888 INFO o.a.j.t.JMeterThread: Thread started: Thread Group 1-628
2026-09-11 01:31:19,890 INFO o.a.j.t.JMeterThread: Thread started: Thread Group 1-627
2026-09-11 01:31:19,891 INFO o.a.j.t.JMeterThread: Thread started: Thread Group 1-629
2026-09-11 01:31:19,893 INFO o.a.j.t.JMeterThread: Thread started: Thread Group 1-633
2026-09-11 01:31:19,893 INFO o.a.j.t.JMeterThread: Thread started: Thread Group 1-634
2026-09-11 01:31:19,893 INFO o.a.j.t.JMeterThread: Thread started: Thread Group 1-631
2026-09-11 01:31:19,894 INFO o.a.j.t.JMeterThread: Thread started: Thread Group 1-632
2026-09-11 01:31:19,894 INFO o.a.j.t.JMeterThread: Thread started: Thread Group 1-630
2026-09-11 01:31:19,895 INFO o.a.j.t.JMeterThread: Thread started: Thread Group 1-636
2026-09-11 01:31:19,896 INFO o.a.j.t.JMeterThread: Thread started: Thread Group 1-637
2026-09-11 01:31:19,897 INFO o.a.j.t.JMeterThread: Thread started: Thread Group 1-635
2026-09-11 01:31:19,898 INFO o.a.j.t.JMeterThread: Thread started: Thread Group 1-639
2026-09-11 01:31:19,900 INFO o.a.j.t.JMeterThread: Thread started: Thread Group 1-638
2026-09-11 01:31:19,901 INFO o.a.j.t.JMeterThread: Thread started: Thread Group 1-640
2026-09-11 01:31:19,904 INFO o.a.j.t.JMeterThread: Thread started: Thread Group 1-643
2026-09-11 01:31:19,905 INFO o.a.j.t.JMeterThread: Thread started: Thread Group 1-645
2026-09-11 01:31:19,905 INFO o.a.j.t.JMeterThread: Thread started: Thread Group 1-641
2026-09-11 01:31:19,905 INFO o.a.j.t.JMeterThread: Thread started: Thread Group 1-642
2026-09-11 01:31:19,907 INFO o.a.j.t.JMeterThread: Thread started: Thread Group 1-644
2026-09-11 01:31:19,909 INFO o.a.j.t.JMeterThread: Thread started: Thread Group 1-649
2026-09-11 01:31:19,910 INFO o.a.j.t.JMeterThread: Thread started: Thread Group 1-650
2026-09-11 01:31:19,910 INFO o.a.j.t.JMeterThread: Thread started: Thread Group 1-646
2026-09-11 01:31:19,910 INFO o.a.j.t.JMeterThread: Thread started: Thread Group 1-647
2026-09-11 01:31:19,910 INFO o.a.j.t.JMeterThread: Thread started: Thread Group 1-648
2026-09-11 01:31:19,912 INFO o.a.j.t.JMeterThread: Thread started: Thread Group 1-652
2026-09-11 01:31:19,915 INFO o.a.j.t.JMeterThread: Thread started: Thread Group 1-654
2026-09-11 01:31:19,915 INFO o.a.j.t.JMeterThread: Thread started: Thread Group 1-655
2026-09-11 01:31:19,915 INFO o.a.j.t.JMeterThread: Thread started: Thread Group 1-651
2026-09-11 01:31:19,915 INFO o.a.j.t.JMeterThread: Thread started: Thread Group 1-656
2026-09-11 01:31:19,916 INFO o.a.j.t.JMeterThread: Thread started: Thread Group 1-653
2026-09-11 01:31:19,916 INFO o.a.j.t.JMeterThread: Thread started: Thread Group 1-657
2026-09-11 01:31:19,918 INFO o.a.j.t.JMeterThread: Thread started: Thread Group 1-658
2026-09-11 01:31:19,919 INFO o.a.j.t.JMeterThread: Thread started: Thread Group 1-660
2026-09-11 01:31:19,919 INFO o.a.j.t.JMeterThread: Thread started: Thread Group 1-659
2026-09-11 01:31:19,923 INFO o.a.j.t.JMeterThread: Thread started: Thread Group 1-662
2026-09-11 01:31:19,924 INFO o.a.j.t.JMeterThread: Thread started: Thread Group 1-661
2026-09-11 01:31:19,926 INFO o.a.j.t.JMeterThread: Thread started: Thread Group 1-664
2026-09-11 01:31:19,927 INFO o.a.j.t.JMeterThread: Thread started: Thread Group 1-663
2026-09-11 01:31:19,928 INFO o.a.j.t.JMeterThread: Thread started: Thread Group 1-669
2026-09-11 01:31:19,929 INFO o.a.j.t.JMeterThread: Thread started: Thread Group 1-665
2026-09-11 01:31:19,929 INFO o.a.j.t.JMeterThread: Thread started: Thread Group 1-666
2026-09-11 01:31:19,930 INFO o.a.j.t.JMeterThread: Thread started: Thread Group 1-667
2026-09-11 01:31:19,932 INFO o.a.j.t.JMeterThread: Thread started: Thread Group 1-668
2026-09-11 01:31:19,932 INFO o.a.j.t.JMeterThread: Thread started: Thread Group 1-671
2026-09-11 01:31:19,934 INFO o.a.j.t.JMeterThread: Thread started: Thread Group 1-670
2026-09-11 01:31:19,937 INFO o.a.j.t.JMeterThread: Thread started: Thread Group 1-672
2026-09-11 01:31:19,937 INFO o.a.j.t.JMeterThread: Thread started: Thread Group 1-673
2026-09-11 01:31:19,937 INFO o.a.j.t.JMeterThread: Thread started: Thread Group 1-675
2026-09-11 01:31:19,937 INFO o.a.j.t.JMeterThread: Thread started: Thread Group 1-674
2026-09-11 01:31:19,939 INFO o.a.j.t.JMeterThread: Thread started: Thread Group 1-676
2026-09-11 01:31:19,939 INFO o.a.j.t.JMeterThread: Thread started: Thread Group 1-677
2026-09-11 01:31:19,940 INFO o.a.j.t.JMeterThread: Thread started: Thread Group 1-680
2026-09-11 01:31:19,941 INFO o.a.j.t.JMeterThread: Thread started: Thread Group 1-682
2026-09-11 01:31:19,942 INFO o.a.j.t.JMeterThread: Thread started: Thread Group 1-679
2026-09-11 01:31:19,942 INFO o.a.j.t.JMeterThread: Thread started: Thread Group 1-678
2026-09-11 01:31:19,946 INFO o.a.j.t.JMeterThread: Thread started: Thread Group 1-683
2026-09-11 01:31:19,949 INFO o.a.j.t.JMeterThread: Thread started: Thread Group 1-681
2026-09-11 01:31:19,950 INFO o.a.j.t.JMeterThread: Thread started: Thread Group 1-685
2026-09-11 01:31:19,950 INFO o.a.j.t.JMeterThread: Thread started: Thread Group 1-684
2026-09-11 01:31:19,951 INFO o.a.j.t.JMeterThread: Thread started: Thread Group 1-686
2026-09-11 01:31:19,952 INFO o.a.j.t.JMeterThread: Thread started: Thread Group 1-691
2026-09-11 01:31:19,952 INFO o.a.j.t.JMeterThread: Thread started: Thread Group 1-687
2026-09-11 01:31:19,953 INFO o.a.j.t.JMeterThread: Thread started: Thread Group 1-688
2026-09-11 01:31:19,953 INFO o.a.j.t.JMeterThread: Thread started: Thread Group 1-689
2026-09-11 01:31:19,954 INFO o.a.j.t.JMeterThread: Thread started: Thread Group 1-694
2026-09-11 01:31:19,954 INFO o.a.j.t.JMeterThread: Thread started: Thread Group 1-692
2026-09-11 01:31:19,955 INFO o.a.j.t.JMeterThread: Thread started: Thread Group 1-690
2026-09-11 01:31:19,956 INFO o.a.j.t.JMeterThread: Thread started: Thread Group 1-693
2026-09-11 01:31:19,957 INFO o.a.j.t.JMeterThread: Thread started: Thread Group 1-697
2026-09-11 01:31:19,958 INFO o.a.j.t.JMeterThread: Thread started: Thread Group 1-695
2026-09-11 01:31:19,958 INFO o.a.j.t.JMeterThread: Thread started: Thread Group 1-696
2026-09-11 01:31:19,958 INFO o.a.j.t.JMeterThread: Thread started: Thread Group 1-699
2026-09-11 01:31:19,961 INFO o.a.j.t.JMeterThread: Thread started: Thread Group 1-698
2026-09-11 01:31:19,962 INFO o.a.j.t.JMeterThread: Thread started: Thread Group 1-701
2026-09-11 01:31:19,963 INFO o.a.j.t.JMeterThread: Thread started: Thread Group 1-700
2026-09-11 01:31:19,963 INFO o.a.j.t.JMeterThread: Thread started: Thread Group 1-702
2026-09-11 01:31:19,965 INFO o.a.j.t.JMeterThread: Thread started: Thread Group 1-703
2026-09-11 01:31:19,967 INFO o.a.j.t.JMeterThread: Thread started: Thread Group 1-706
2026-09-11 01:31:19,968 INFO o.a.j.t.JMeterThread: Thread started: Thread Group 1-704
2026-09-11 01:31:19,969 INFO o.a.j.t.JMeterThread: Thread started: Thread Group 1-708
2026-09-11 01:31:19,969 INFO o.a.j.t.JMeterThread: Thread started: Thread Group 1-705
2026-09-11 01:31:19,969 INFO o.a.j.t.JMeterThread: Thread started: Thread Group 1-707
2026-09-11 01:31:19,968 INFO o.a.j.t.JMeterThread: Thread started: Thread Group 1-709
2026-09-11 01:31:19,973 INFO o.a.j.t.JMeterThread: Thread started: Thread Group 1-710
2026-09-11 01:31:19,975 INFO o.a.j.t.JMeterThread: Thread started: Thread Group 1-712
2026-09-11 01:31:19,973 INFO o.a.j.t.JMeterThread: Thread started: Thread Group 1-711
2026-09-11 01:31:19,976 INFO o.a.j.t.JMeterThread: Thread started: Thread Group 1-713
2026-09-11 01:31:19,975 INFO o.a.j.t.JMeterThread: Thread started: Thread Group 1-715
2026-09-11 01:31:19,977 INFO o.a.j.t.JMeterThread: Thread started: Thread Group 1-717
2026-09-11 01:31:19,978 INFO o.a.j.t.JMeterThread: Thread started: Thread Group 1-714
2026-09-11 01:31:19,978 INFO o.a.j.t.JMeterThread: Thread started: Thread Group 1-718
2026-09-11 01:31:19,978 INFO o.a.j.t.JMeterThread: Thread started: Thread Group 1-716
2026-09-11 01:31:19,983 INFO o.a.j.t.JMeterThread: Thread started: Thread Group 1-719
2026-09-11 01:31:19,984 INFO o.a.j.t.JMeterThread: Thread started: Thread Group 1-722
2026-09-11 01:31:19,984 INFO o.a.j.t.JMeterThread: Thread started: Thread Group 1-721
2026-09-11 01:31:19,983 INFO o.a.j.t.JMeterThread: Thread started: Thread Group 1-720
2026-09-11 01:31:19,984 INFO o.a.j.t.JMeterThread: Thread started: Thread Group 1-724
2026-09-11 01:31:19,985 INFO o.a.j.t.JMeterThread: Thread started: Thread Group 1-723
2026-09-11 01:31:19,985 INFO o.a.j.t.JMeterThread: Thread started: Thread Group 1-726
2026-09-11 01:31:19,992 INFO o.a.j.t.JMeterThread: Thread started: Thread Group 1-727
2026-09-11 01:31:19,993 INFO o.a.j.t.JMeterThread: Thread started: Thread Group 1-729
2026-09-11 01:31:19,993 INFO o.a.j.t.JMeterThread: Thread started: Thread Group 1-728
2026-09-11 01:31:19,994 INFO o.a.j.t.JMeterThread: Thread started: Thread Group 1-733
2026-09-11 01:31:19,997 INFO o.a.j.t.JMeterThread: Thread started: Thread Group 1-734
2026-09-11 01:31:19,998 INFO o.a.j.t.JMeterThread: Thread started: Thread Group 1-738
2026-09-11 01:31:19,997 INFO o.a.j.t.JMeterThread: Thread started: Thread Group 1-731
2026-09-11 01:31:19,997 INFO o.a.j.t.JMeterThread: Thread started: Thread Group 1-732
2026-09-11 01:31:19,999 INFO o.a.j.t.JMeterThread: Thread started: Thread Group 1-735
2026-09-11 01:31:19,994 INFO o.a.j.t.JMeterThread: Thread started: Thread Group 1-730
2026-09-11 01:31:19,999 INFO o.a.j.t.JMeterThread: Thread started: Thread Group 1-736
2026-09-11 01:31:19,994 INFO o.a.j.t.JMeterThread: Thread started: Thread Group 1-725
2026-09-11 01:31:20,001 INFO o.a.j.t.JMeterThread: Thread started: Thread Group 1-737
2026-09-11 01:31:20,002 INFO o.a.j.t.JMeterThread: Thread started: Thread Group 1-741
2026-09-11 01:31:20,002 INFO o.a.j.t.JMeterThread: Thread started: Thread Group 1-742
2026-09-11 01:31:20,002 INFO o.a.j.t.JMeterThread: Thread started: Thread Group 1-739
2026-09-11 01:31:20,004 INFO o.a.j.t.JMeterThread: Thread started: Thread Group 1-740
2026-09-11 01:31:20,006 INFO o.a.j.t.JMeterThread: Thread started: Thread Group 1-743
2026-09-11 01:31:20,008 INFO o.a.j.t.JMeterThread: Thread started: Thread Group 1-747
2026-09-11 01:31:20,008 INFO o.a.j.t.JMeterThread: Thread started: Thread Group 1-744
2026-09-11 01:31:20,008 INFO o.a.j.t.JMeterThread: Thread started: Thread Group 1-748
2026-09-11 01:31:20,009 INFO o.a.j.t.JMeterThread: Thread started: Thread Group 1-745
2026-09-11 01:31:20,010 INFO o.a.j.t.JMeterThread: Thread started: Thread Group 1-746
2026-09-11 01:31:20,011 INFO o.a.j.t.JMeterThread: Thread started: Thread Group 1-749
2026-09-11 01:31:20,014 INFO o.a.j.t.JMeterThread: Thread started: Thread Group 1-750
2026-09-11 01:31:20,015 INFO o.a.j.t.JMeterThread: Thread started: Thread Group 1-753
2026-09-11 01:31:20,015 INFO o.a.j.t.JMeterThread: Thread started: Thread Group 1-755
2026-09-11 01:31:20,014 INFO o.a.j.t.JMeterThread: Thread started: Thread Group 1-751
2026-09-11 01:31:20,015 INFO o.a.j.t.JMeterThread: Thread started: Thread Group 1-754
2026-09-11 01:31:20,015 INFO o.a.j.t.JMeterThread: Thread started: Thread Group 1-752
2026-09-11 01:31:20,018 INFO o.a.j.t.JMeterThread: Thread started: Thread Group 1-758
2026-09-11 01:31:20,018 INFO o.a.j.t.JMeterThread: Thread started: Thread Group 1-756
2026-09-11 01:31:20,018 INFO o.a.j.t.JMeterThread: Thread started: Thread Group 1-757
2026-09-11 01:31:20,019 INFO o.a.j.t.JMeterThread: Thread started: Thread Group 1-759
2026-09-11 01:31:20,023 INFO o.a.j.t.JMeterThread: Thread started: Thread Group 1-760
2026-09-11 01:31:20,024 INFO o.a.j.t.JMeterThread: Thread started: Thread Group 1-763
2026-09-11 01:31:20,024 INFO o.a.j.t.JMeterThread: Thread started: Thread Group 1-764
2026-09-11 01:31:20,024 INFO o.a.j.t.JMeterThread: Thread started: Thread Group 1-765
2026-09-11 01:31:20,024 INFO o.a.j.t.JMeterThread: Thread started: Thread Group 1-762
2026-09-11 01:31:20,025 INFO o.a.j.t.JMeterThread: Thread started: Thread Group 1-761
2026-09-11 01:31:20,026 INFO o.a.j.t.JMeterThread: Thread started: Thread Group 1-766
2026-09-11 01:31:20,029 INFO o.a.j.t.JMeterThread: Thread started: Thread Group 1-767
2026-09-11 01:31:20,031 INFO o.a.j.t.JMeterThread: Thread started: Thread Group 1-770
2026-09-11 01:31:20,031 INFO o.a.j.t.JMeterThread: Thread started: Thread Group 1-768
2026-09-11 01:31:20,031 INFO o.a.j.t.JMeterThread: Thread started: Thread Group 1-771
2026-09-11 01:31:20,033 INFO o.a.j.t.JMeterThread: Thread started: Thread Group 1-772
2026-09-11 01:31:20,033 INFO o.a.j.t.JMeterThread: Thread started: Thread Group 1-769
2026-09-11 01:31:20,035 INFO o.a.j.t.JMeterThread: Thread started: Thread Group 1-776
2026-09-11 01:31:20,035 INFO o.a.j.t.JMeterThread: Thread started: Thread Group 1-773
2026-09-11 01:31:20,035 INFO o.a.j.t.JMeterThread: Thread started: Thread Group 1-774
2026-09-11 01:31:20,035 INFO o.a.j.t.JMeterThread: Thread started: Thread Group 1-775
2026-09-11 01:31:20,041 INFO o.a.j.t.JMeterThread: Thread started: Thread Group 1-777
2026-09-11 01:31:20,041 INFO o.a.j.t.JMeterThread: Thread started: Thread Group 1-778
2026-09-11 01:31:20,041 INFO o.a.j.t.JMeterThread: Thread started: Thread Group 1-781
2026-09-11 01:31:20,042 INFO o.a.j.t.JMeterThread: Thread started: Thread Group 1-780
2026-09-11 01:31:20,043 INFO o.a.j.t.JMeterThread: Thread started: Thread Group 1-782
2026-09-11 01:31:20,042 INFO o.a.j.t.JMeterThread: Thread started: Thread Group 1-779
2026-09-11 01:31:20,043 INFO o.a.j.t.JMeterThread: Thread started: Thread Group 1-783
2026-09-11 01:31:20,044 INFO o.a.j.t.JMeterThread: Thread started: Thread Group 1-785
2026-09-11 01:31:20,046 INFO o.a.j.t.JMeterThread: Thread started: Thread Group 1-784
2026-09-11 01:31:20,050 INFO o.a.j.t.JMeterThread: Thread started: Thread Group 1-786
2026-09-11 01:31:20,050 INFO o.a.j.t.JMeterThread: Thread started: Thread Group 1-788
2026-09-11 01:31:20,050 INFO o.a.j.t.JMeterThread: Thread started: Thread Group 1-787
2026-09-11 01:31:20,050 INFO o.a.j.t.JMeterThread: Thread started: Thread Group 1-789
2026-09-11 01:31:20,053 INFO o.a.j.t.JMeterThread: Thread started: Thread Group 1-793
2026-09-11 01:31:20,054 INFO o.a.j.t.JMeterThread: Thread started: Thread Group 1-790
2026-09-11 01:31:20,054 INFO o.a.j.t.JMeterThread: Thread started: Thread Group 1-792
2026-09-11 01:31:20,054 INFO o.a.j.t.JMeterThread: Thread started: Thread Group 1-791
2026-09-11 01:31:20,057 INFO o.a.j.t.JMeterThread: Thread started: Thread Group 1-794
2026-09-11 01:31:20,057 INFO o.a.j.t.JMeterThread: Thread started: Thread Group 1-795
2026-09-11 01:31:20,057 INFO o.a.j.t.JMeterThread: Thread started: Thread Group 1-797
2026-09-11 01:31:20,060 INFO o.a.j.t.JMeterThread: Thread started: Thread Group 1-796
2026-09-11 01:31:20,060 INFO o.a.j.t.JMeterThread: Thread started: Thread Group 1-799
2026-09-11 01:31:20,063 INFO o.a.j.t.JMeterThread: Thread started: Thread Group 1-800
2026-09-11 01:31:20,063 INFO o.a.j.t.JMeterThread: Thread started: Thread Group 1-801
2026-09-11 01:31:20,063 INFO o.a.j.t.JMeterThread: Thread started: Thread Group 1-802
2026-09-11 01:31:20,063 INFO o.a.j.t.JMeterThread: Thread started: Thread Group 1-798
2026-09-11 01:31:20,065 INFO o.a.j.t.JMeterThread: Thread started: Thread Group 1-803
2026-09-11 01:31:20,065 INFO o.a.j.t.JMeterThread: Thread started: Thread Group 1-806
2026-09-11 01:31:20,066 INFO o.a.j.t.JMeterThread: Thread started: Thread Group 1-804
2026-09-11 01:31:20,066 INFO o.a.j.t.JMeterThread: Thread started: Thread Group 1-805
2026-09-11 01:31:20,067 INFO o.a.j.t.JMeterThread: Thread started: Thread Group 1-807
2026-09-11 01:31:20,069 INFO o.a.j.t.JMeterThread: Thread started: Thread Group 1-809
2026-09-11 01:31:20,070 INFO o.a.j.t.JMeterThread: Thread started: Thread Group 1-808
2026-09-11 01:31:20,072 INFO o.a.j.t.JMeterThread: Thread started: Thread Group 1-813
2026-09-11 01:31:20,073 INFO o.a.j.t.JMeterThread: Thread started: Thread Group 1-810
2026-09-11 01:31:20,073 INFO o.a.j.t.JMeterThread: Thread started: Thread Group 1-811
2026-09-11 01:31:20,074 INFO o.a.j.t.JMeterThread: Thread started: Thread Group 1-812
2026-09-11 01:31:20,078 INFO o.a.j.t.JMeterThread: Thread started: Thread Group 1-816
2026-09-11 01:31:20,078 INFO o.a.j.t.JMeterThread: Thread started: Thread Group 1-814
2026-09-11 01:31:20,078 INFO o.a.j.t.JMeterThread: Thread started: Thread Group 1-817
2026-09-11 01:31:20,078 INFO o.a.j.t.JMeterThread: Thread started: Thread Group 1-818
2026-09-11 01:31:20,079 INFO o.a.j.t.JMeterThread: Thread started: Thread Group 1-819
2026-09-11 01:31:20,079 INFO o.a.j.t.JMeterThread: Thread started: Thread Group 1-815
2026-09-11 01:31:20,081 INFO o.a.j.t.JMeterThread: Thread started: Thread Group 1-820
2026-09-11 01:31:20,082 INFO o.a.j.t.JMeterThread: Thread started: Thread Group 1-821
2026-09-11 01:31:20,085 INFO o.a.j.t.JMeterThread: Thread started: Thread Group 1-822
2026-09-11 01:31:20,087 INFO o.a.j.t.JMeterThread: Thread started: Thread Group 1-823
2026-09-11 01:31:20,087 INFO o.a.j.t.JMeterThread: Thread started: Thread Group 1-826
2026-09-11 01:31:20,087 INFO o.a.j.t.JMeterThread: Thread started: Thread Group 1-825
2026-09-11 01:31:20,087 INFO o.a.j.t.JMeterThread: Thread started: Thread Group 1-824
2026-09-11 01:31:20,089 INFO o.a.j.t.JMeterThread: Thread started: Thread Group 1-827
2026-09-11 01:31:20,089 INFO o.a.j.t.JMeterThread: Thread started: Thread Group 1-829
2026-09-11 01:31:20,089 INFO o.a.j.t.JMeterThread: Thread started: Thread Group 1-830
2026-09-11 01:31:20,089 INFO o.a.j.t.JMeterThread: Thread started: Thread Group 1-828
2026-09-11 01:31:20,092 INFO o.a.j.t.JMeterThread: Thread started: Thread Group 1-831
2026-09-11 01:31:20,095 INFO o.a.j.t.JMeterThread: Thread started: Thread Group 1-832
2026-09-11 01:31:20,096 INFO o.a.j.t.JMeterThread: Thread started: Thread Group 1-833
2026-09-11 01:31:20,098 INFO o.a.j.t.JMeterThread: Thread started: Thread Group 1-834
2026-09-11 01:31:20,098 INFO o.a.j.t.JMeterThread: Thread started: Thread Group 1-836
2026-09-11 01:31:20,098 INFO o.a.j.t.JMeterThread: Thread started: Thread Group 1-838
2026-09-11 01:31:20,098 INFO o.a.j.t.JMeterThread: Thread started: Thread Group 1-835
2026-09-11 01:31:20,099 INFO o.a.j.t.JMeterThread: Thread started: Thread Group 1-837
2026-09-11 01:31:20,101 INFO o.a.j.t.JMeterThread: Thread started: Thread Group 1-840
2026-09-11 01:31:20,102 INFO o.a.j.t.JMeterThread: Thread started: Thread Group 1-841
2026-09-11 01:31:20,103 INFO o.a.j.t.JMeterThread: Thread started: Thread Group 1-839
2026-09-11 01:31:20,106 INFO o.a.j.t.JMeterThread: Thread started: Thread Group 1-842
2026-09-11 01:31:20,106 INFO o.a.j.t.JMeterThread: Thread started: Thread Group 1-843
2026-09-11 01:31:20,107 INFO o.a.j.t.JMeterThread: Thread started: Thread Group 1-845
2026-09-11 01:31:20,107 INFO o.a.j.t.JMeterThread: Thread started: Thread Group 1-847
2026-09-11 01:31:20,107 INFO o.a.j.t.JMeterThread: Thread started: Thread Group 1-846
2026-09-11 01:31:20,108 INFO o.a.j.t.JMeterThread: Thread started: Thread Group 1-844
2026-09-11 01:31:20,110 INFO o.a.j.t.JMeterThread: Thread started: Thread Group 1-850
2026-09-11 01:31:20,110 INFO o.a.j.t.JMeterThread: Thread started: Thread Group 1-848
2026-09-11 01:31:20,111 INFO o.a.j.t.JMeterThread: Thread started: Thread Group 1-851
2026-09-11 01:31:20,113 INFO o.a.j.t.JMeterThread: Thread started: Thread Group 1-853
2026-09-11 01:31:20,113 INFO o.a.j.t.JMeterThread: Thread started: Thread Group 1-849
2026-09-11 01:31:20,113 INFO o.a.j.t.JMeterThread: Thread started: Thread Group 1-852
2026-09-11 01:31:20,115 INFO o.a.j.t.JMeterThread: Thread started: Thread Group 1-855
2026-09-11 01:31:20,116 INFO o.a.j.t.JMeterThread: Thread started: Thread Group 1-857
2026-09-11 01:31:20,164 INFO o.a.j.t.JMeterThread: Thread started: Thread Group 1-904
2026-09-11 01:31:20,117 INFO o.a.j.t.JMeterThread: Thread started: Thread Group 1-854
2026-09-11 01:31:20,166 INFO o.a.j.t.JMeterThread: Thread started: Thread Group 1-872
2026-09-11 01:31:20,166 INFO o.a.j.t.JMeterThread: Thread started: Thread Group 1-870
2026-09-11 01:31:20,166 INFO o.a.j.t.JMeterThread: Thread started: Thread Group 1-884
2026-09-11 01:31:20,166 INFO o.a.j.t.JMeterThread: Thread started: Thread Group 1-890
2026-09-11 01:31:20,166 INFO o.a.j.t.JMeterThread: Thread started: Thread Group 1-905
2026-09-11 01:31:20,167 INFO o.a.j.t.JMeterThread: Thread started: Thread Group 1-861
2026-09-11 01:31:20,167 INFO o.a.j.t.JMeterThread: Thread started: Thread Group 1-903
2026-09-11 01:31:20,168 INFO o.a.j.t.JMeterThread: Thread started: Thread Group 1-863
2026-09-11 01:31:20,168 INFO o.a.j.t.JMeterThread: Thread started: Thread Group 1-864
2026-09-11 01:31:20,169 INFO o.a.j.t.JMeterThread: Thread started: Thread Group 1-865
2026-09-11 01:31:20,169 INFO o.a.j.t.JMeterThread: Thread started: Thread Group 1-862
2026-09-11 01:31:20,169 INFO o.a.j.t.JMeterThread: Thread started: Thread Group 1-907
2026-09-11 01:31:20,170 INFO o.a.j.t.JMeterThread: Thread started: Thread Group 1-908
2026-09-11 01:31:20,170 INFO o.a.j.t.JMeterThread: Thread started: Thread Group 1-909
2026-09-11 01:31:20,170 INFO o.a.j.t.JMeterThread: Thread started: Thread Group 1-868
2026-09-11 01:31:20,171 INFO o.a.j.t.JMeterThread: Thread started: Thread Group 1-866
2026-09-11 01:31:20,172 INFO o.a.j.t.JMeterThread: Thread started: Thread Group 1-906
2026-09-11 01:31:20,172 INFO o.a.j.t.JMeterThread: Thread started: Thread Group 1-911
2026-09-11 01:31:20,173 INFO o.a.j.t.JMeterThread: Thread started: Thread Group 1-871
2026-09-11 01:31:20,173 INFO o.a.j.t.JMeterThread: Thread started: Thread Group 1-873
2026-09-11 01:31:20,173 INFO o.a.j.t.JMeterThread: Thread started: Thread Group 1-867
2026-09-11 01:31:20,173 INFO o.a.j.t.JMeterThread: Thread started: Thread Group 1-912
2026-09-11 01:31:20,173 INFO o.a.j.t.JMeterThread: Thread started: Thread Group 1-875
2026-09-11 01:31:20,173 INFO o.a.j.t.JMeterThread: Thread started: Thread Group 1-874
2026-09-11 01:31:20,173 INFO o.a.j.t.JMeterThread: Thread started: Thread Group 1-879
2026-09-11 01:31:20,174 INFO o.a.j.t.JMeterThread: Thread started: Thread Group 1-913
2026-09-11 01:31:20,174 INFO o.a.j.t.JMeterThread: Thread started: Thread Group 1-877
2026-09-11 01:31:20,174 INFO o.a.j.t.JMeterThread: Thread started: Thread Group 1-880
2026-09-11 01:31:20,174 INFO o.a.j.t.JMeterThread: Thread started: Thread Group 1-914
2026-09-11 01:31:20,174 INFO o.a.j.t.JMeterThread: Thread started: Thread Group 1-876
2026-09-11 01:31:20,174 INFO o.a.j.t.JMeterThread: Thread started: Thread Group 1-878
2026-09-11 01:31:20,174 INFO o.a.j.t.JMeterThread: Thread started: Thread Group 1-881
2026-09-11 01:31:20,174 INFO o.a.j.t.JMeterThread: Thread started: Thread Group 1-910
2026-09-11 01:31:20,174 INFO o.a.j.t.JMeterThread: Thread started: Thread Group 1-915
2026-09-11 01:31:20,176 INFO o.a.j.t.JMeterThread: Thread started: Thread Group 1-885
2026-09-11 01:31:20,176 INFO o.a.j.t.JMeterThread: Thread started: Thread Group 1-883
2026-09-11 01:31:20,176 INFO o.a.j.t.JMeterThread: Thread started: Thread Group 1-886
2026-09-11 01:31:20,176 INFO o.a.j.t.JMeterThread: Thread started: Thread Group 1-888
2026-09-11 01:31:20,176 INFO o.a.j.t.JMeterThread: Thread started: Thread Group 1-882
2026-09-11 01:31:20,177 INFO o.a.j.t.JMeterThread: Thread started: Thread Group 1-916
2026-09-11 01:31:20,177 INFO o.a.j.t.JMeterThread: Thread started: Thread Group 1-917
2026-09-11 01:31:20,177 INFO o.a.j.t.JMeterThread: Thread started: Thread Group 1-889
2026-09-11 01:31:20,177 INFO o.a.j.t.JMeterThread: Thread started: Thread Group 1-891
2026-09-11 01:31:20,178 INFO o.a.j.t.JMeterThread: Thread started: Thread Group 1-895
2026-09-11 01:31:20,178 INFO o.a.j.t.JMeterThread: Thread started: Thread Group 1-897
2026-09-11 01:31:20,178 INFO o.a.j.t.JMeterThread: Thread started: Thread Group 1-899
2026-09-11 01:31:20,178 INFO o.a.j.t.JMeterThread: Thread started: Thread Group 1-898
2026-09-11 01:31:20,179 INFO o.a.j.t.JMeterThread: Thread started: Thread Group 1-900
2026-09-11 01:31:20,176 INFO o.a.j.t.JMeterThread: Thread started: Thread Group 1-887
2026-09-11 01:31:20,178 INFO o.a.j.t.JMeterThread: Thread started: Thread Group 1-896
2026-09-11 01:31:20,177 INFO o.a.j.t.JMeterThread: Thread started: Thread Group 1-892
2026-09-11 01:31:20,179 INFO o.a.j.t.JMeterThread: Thread started: Thread Group 1-860
2026-09-11 01:31:20,179 INFO o.a.j.t.JMeterThread: Thread started: Thread Group 1-902
2026-09-11 01:31:20,177 INFO o.a.j.t.JMeterThread: Thread started: Thread Group 1-893
2026-09-11 01:31:20,179 INFO o.a.j.t.JMeterThread: Thread started: Thread Group 1-858
2026-09-11 01:31:20,179 INFO o.a.j.t.JMeterThread: Thread started: Thread Group 1-869
2026-09-11 01:31:20,179 INFO o.a.j.t.JMeterThread: Thread started: Thread Group 1-901
2026-09-11 01:31:20,180 INFO o.a.j.t.JMeterThread: Thread started: Thread Group 1-859
2026-09-11 01:31:20,179 INFO o.a.j.t.JMeterThread: Thread started: Thread Group 1-856
2026-09-11 01:31:20,180 INFO o.a.j.t.JMeterThread: Thread started: Thread Group 1-894
2026-09-11 01:31:20,181 INFO o.a.j.t.JMeterThread: Thread started: Thread Group 1-918
2026-09-11 01:31:20,182 INFO o.a.j.t.JMeterThread: Thread started: Thread Group 1-920
2026-09-11 01:31:20,182 INFO o.a.j.t.JMeterThread: Thread started: Thread Group 1-921
2026-09-11 01:31:20,182 INFO o.a.j.t.JMeterThread: Thread started: Thread Group 1-922
2026-09-11 01:31:20,182 INFO o.a.j.t.JMeterThread: Thread started: Thread Group 1-923
2026-09-11 01:31:20,182 INFO o.a.j.t.JMeterThread: Thread started: Thread Group 1-919
2026-09-11 01:31:20,185 INFO o.a.j.t.JMeterThread: Thread started: Thread Group 1-925
2026-09-11 01:31:20,188 INFO o.a.j.t.JMeterThread: Thread started: Thread Group 1-924
2026-09-11 01:31:20,190 INFO o.a.j.t.JMeterThread: Thread started: Thread Group 1-927
2026-09-11 01:31:20,190 INFO o.a.j.t.JMeterThread: Thread started: Thread Group 1-928
2026-09-11 01:31:20,190 INFO o.a.j.t.JMeterThread: Thread started: Thread Group 1-930
2026-09-11 01:31:20,190 INFO o.a.j.t.JMeterThread: Thread started: Thread Group 1-926
2026-09-11 01:31:20,190 INFO o.a.j.t.JMeterThread: Thread started: Thread Group 1-929
2026-09-11 01:31:20,192 INFO o.a.j.t.JMeterThread: Thread started: Thread Group 1-932
2026-09-11 01:31:20,192 INFO o.a.j.t.JMeterThread: Thread started: Thread Group 1-931
2026-09-11 01:31:20,194 INFO o.a.j.t.JMeterThread: Thread started: Thread Group 1-933
2026-09-11 01:31:20,199 INFO o.a.j.t.JMeterThread: Thread started: Thread Group 1-935
2026-09-11 01:31:20,201 INFO o.a.j.t.JMeterThread: Thread started: Thread Group 1-937
2026-09-11 01:31:20,202 INFO o.a.j.t.JMeterThread: Thread started: Thread Group 1-934
2026-09-11 01:31:20,202 INFO o.a.j.t.JMeterThread: Thread started: Thread Group 1-938
2026-09-11 01:31:20,202 INFO o.a.j.t.JMeterThread: Thread started: Thread Group 1-936
2026-09-11 01:31:20,202 INFO o.a.j.t.JMeterThread: Thread started: Thread Group 1-940
2026-09-11 01:31:20,203 INFO o.a.j.t.JMeterThread: Thread started: Thread Group 1-939
2026-09-11 01:31:20,203 INFO o.a.j.t.JMeterThread: Thread started: Thread Group 1-942
2026-09-11 01:31:20,203 INFO o.a.j.t.JMeterThread: Thread started: Thread Group 1-941
2026-09-11 01:31:20,206 INFO o.a.j.t.JMeterThread: Thread started: Thread Group 1-946
2026-09-11 01:31:20,206 INFO o.a.j.t.JMeterThread: Thread started: Thread Group 1-943
2026-09-11 01:31:20,208 INFO o.a.j.t.JMeterThread: Thread started: Thread Group 1-945
2026-09-11 01:31:20,208 INFO o.a.j.t.JMeterThread: Thread started: Thread Group 1-944
2026-09-11 01:31:20,208 INFO o.a.j.t.JMeterThread: Thread started: Thread Group 1-948
2026-09-11 01:31:20,210 INFO o.a.j.t.JMeterThread: Thread started: Thread Group 1-947
2026-09-11 01:31:20,213 INFO o.a.j.t.JMeterThread: Thread started: Thread Group 1-950
2026-09-11 01:31:20,213 INFO o.a.j.t.JMeterThread: Thread started: Thread Group 1-949
2026-09-11 01:31:20,213 INFO o.a.j.t.JMeterThread: Thread started: Thread Group 1-952
2026-09-11 01:31:20,215 INFO o.a.j.t.JMeterThread: Thread started: Thread Group 1-953
2026-09-11 01:31:20,215 INFO o.a.j.t.JMeterThread: Thread started: Thread Group 1-951
2026-09-11 01:31:20,215 INFO o.a.j.t.JMeterThread: Thread started: Thread Group 1-954
2026-09-11 01:31:20,216 INFO o.a.j.t.JMeterThread: Thread started: Thread Group 1-956
2026-09-11 01:31:20,220 INFO o.a.j.t.JMeterThread: Thread started: Thread Group 1-955
2026-09-11 01:31:20,221 INFO o.a.j.t.JMeterThread: Thread started: Thread Group 1-957
2026-09-11 01:31:20,223 INFO o.a.j.t.JMeterThread: Thread started: Thread Group 1-958
2026-09-11 01:31:20,223 INFO o.a.j.t.JMeterThread: Thread started: Thread Group 1-959
2026-09-11 01:31:20,223 INFO o.a.j.t.JMeterThread: Thread started: Thread Group 1-961
2026-09-11 01:31:20,223 INFO o.a.j.t.JMeterThread: Thread started: Thread Group 1-963
2026-09-11 01:31:20,223 INFO o.a.j.t.JMeterThread: Thread started: Thread Group 1-962
2026-09-11 01:31:20,224 INFO o.a.j.t.JMeterThread: Thread started: Thread Group 1-964
2026-09-11 01:31:20,224 INFO o.a.j.t.JMeterThread: Thread started: Thread Group 1-960
2026-09-11 01:31:20,227 INFO o.a.j.t.JMeterThread: Thread started: Thread Group 1-966
2026-09-11 01:31:20,227 INFO o.a.j.t.JMeterThread: Thread started: Thread Group 1-967
2026-09-11 01:31:20,228 INFO o.a.j.t.JMeterThread: Thread started: Thread Group 1-965
2026-09-11 01:31:20,231 INFO o.a.j.t.JMeterThread: Thread started: Thread Group 1-970
2026-09-11 01:31:20,231 INFO o.a.j.t.JMeterThread: Thread started: Thread Group 1-968
2026-09-11 01:31:20,232 INFO o.a.j.t.JMeterThread: Thread started: Thread Group 1-969
2026-09-11 01:31:20,235 INFO o.a.j.t.JMeterThread: Thread started: Thread Group 1-972
2026-09-11 01:31:20,235 INFO o.a.j.t.JMeterThread: Thread started: Thread Group 1-974
2026-09-11 01:31:20,235 INFO o.a.j.t.JMeterThread: Thread started: Thread Group 1-971
2026-09-11 01:31:20,236 INFO o.a.j.t.JMeterThread: Thread started: Thread Group 1-975
2026-09-11 01:31:20,237 INFO o.a.j.t.JMeterThread: Thread started: Thread Group 1-973
2026-09-11 01:31:20,238 INFO o.a.j.t.JMeterThread: Thread started: Thread Group 1-978
2026-09-11 01:31:20,240 INFO o.a.j.t.JMeterThread: Thread started: Thread Group 1-979
2026-09-11 01:31:20,241 INFO o.a.j.t.JMeterThread: Thread started: Thread Group 1-976
2026-09-11 01:31:20,241 INFO o.a.j.t.JMeterThread: Thread started: Thread Group 1-977
2026-09-11 01:31:20,241 INFO o.a.j.t.JMeterThread: Thread started: Thread Group 1-981
2026-09-11 01:31:20,242 INFO o.a.j.t.JMeterThread: Thread started: Thread Group 1-982
2026-09-11 01:31:20,244 INFO o.a.j.t.JMeterThread: Thread started: Thread Group 1-980
2026-09-11 01:31:20,246 INFO o.a.j.t.JMeterThread: Thread started: Thread Group 1-983
2026-09-11 01:31:20,246 INFO o.a.j.t.JMeterThread: Thread started: Thread Group 1-984
2026-09-11 01:31:20,247 INFO o.a.j.t.JMeterThread: Thread started: Thread Group 1-985
2026-09-11 01:31:20,250 INFO o.a.j.t.JMeterThread: Thread started: Thread Group 1-987
2026-09-11 01:31:20,250 INFO o.a.j.t.JMeterThread: Thread started: Thread Group 1-986
2026-09-11 01:31:20,250 INFO o.a.j.t.JMeterThread: Thread started: Thread Group 1-988
2026-09-11 01:31:20,250 INFO o.a.j.t.JMeterThread: Thread started: Thread Group 1-989
2026-09-11 01:31:20,251 INFO o.a.j.t.JMeterThread: Thread started: Thread Group 1-990
2026-09-11 01:31:20,251 INFO o.a.j.t.JMeterThread: Thread started: Thread Group 1-991
2026-09-11 01:31:20,256 INFO o.a.j.t.JMeterThread: Thread started: Thread Group 1-996
2026-09-11 01:31:20,256 INFO o.a.j.t.JMeterThread: Thread started: Thread Group 1-992
2026-09-11 01:31:20,258 INFO o.a.j.t.JMeterThread: Thread started: Thread Group 1-993
2026-09-11 01:31:20,258 INFO o.a.j.t.JMeterThread: Thread started: Thread Group 1-995
2026-09-11 01:31:20,258 INFO o.a.j.t.JMeterThread: Thread started: Thread Group 1-994
2026-09-11 01:31:20,260 INFO o.a.j.t.JMeterThread: Thread started: Thread Group 1-999
2026-09-11 01:31:20,260 INFO o.a.j.t.JMeterThread: Thread started: Thread Group 1-998
2026-09-11 01:31:20,261 INFO o.a.j.t.JMeterThread: Thread started: Thread Group 1-997
2026-09-11 01:31:20,261 INFO o.a.j.t.JMeterThread: Thread started: Thread Group 1-1002
2026-09-11 01:31:20,261 INFO o.a.j.t.JMeterThread: Thread started: Thread Group 1-1000
2026-09-11 01:31:20,263 INFO o.a.j.t.JMeterThread: Thread started: Thread Group 1-1004
2026-09-11 01:31:20,263 INFO o.a.j.t.JMeterThread: Thread started: Thread Group 1-1003
2026-09-11 01:31:20,265 INFO o.a.j.t.JMeterThread: Thread started: Thread Group 1-1005
2026-09-11 01:31:20,265 INFO o.a.j.t.JMeterThread: Thread started: Thread Group 1-1001
2026-09-11 01:31:20,266 INFO o.a.j.t.JMeterThread: Thread started: Thread Group 1-1006
2026-09-11 01:31:20,270 INFO o.a.j.t.JMeterThread: Thread started: Thread Group 1-1007
2026-09-11 01:31:20,270 INFO o.a.j.t.JMeterThread: Thread started: Thread Group 1-1008
2026-09-11 01:31:20,270 INFO o.a.j.t.JMeterThread: Thread started: Thread Group 1-1009
2026-09-11 01:31:20,271 INFO o.a.j.t.JMeterThread: Thread started: Thread Group 1-1010
2026-09-11 01:31:20,272 INFO o.a.j.t.JMeterThread: Thread started: Thread Group 1-1013
2026-09-11 01:31:20,273 INFO o.a.j.t.JMeterThread: Thread started: Thread Group 1-1011
2026-09-11 01:31:20,274 INFO o.a.j.t.JMeterThread: Thread started: Thread Group 1-1012
2026-09-11 01:31:20,274 INFO o.a.j.t.JMeterThread: Thread started: Thread Group 1-1015
2026-09-11 01:31:20,275 INFO o.a.j.t.JMeterThread: Thread started: Thread Group 1-1014
2026-09-11 01:31:20,280 INFO o.a.j.t.JMeterThread: Thread started: Thread Group 1-1016
2026-09-11 01:31:20,281 INFO o.a.j.t.JMeterThread: Thread started: Thread Group 1-1019
2026-09-11 01:31:20,281 INFO o.a.j.t.JMeterThread: Thread started: Thread Group 1-1017
2026-09-11 01:31:20,281 INFO o.a.j.t.JMeterThread: Thread started: Thread Group 1-1018
2026-09-11 01:31:20,281 INFO o.a.j.t.JMeterThread: Thread started: Thread Group 1-1020
2026-09-11 01:31:20,282 INFO o.a.j.t.JMeterThread: Thread started: Thread Group 1-1021
2026-09-11 01:31:20,282 INFO o.a.j.t.JMeterThread: Thread started: Thread Group 1-1022
2026-09-11 01:31:20,285 INFO o.a.j.t.JMeterThread: Thread started: Thread Group 1-1025
2026-09-11 01:31:20,285 INFO o.a.j.t.JMeterThread: Thread started: Thread Group 1-1024
2026-09-11 01:31:20,286 INFO o.a.j.t.JMeterThread: Thread started: Thread Group 1-1027
2026-09-11 01:31:20,287 INFO o.a.j.t.JMeterThread: Thread started: Thread Group 1-1023
2026-09-11 01:31:20,290 INFO o.a.j.t.JMeterThread: Thread started: Thread Group 1-1026
2026-09-11 01:31:20,291 INFO o.a.j.t.JMeterThread: Thread started: Thread Group 1-1030
2026-09-11 01:31:20,291 INFO o.a.j.t.JMeterThread: Thread started: Thread Group 1-1028
2026-09-11 01:31:20,291 INFO o.a.j.t.JMeterThread: Thread started: Thread Group 1-1029
2026-09-11 01:31:20,292 INFO o.a.j.t.JMeterThread: Thread started: Thread Group 1-1032
2026-09-11 01:31:20,295 INFO o.a.j.t.JMeterThread: Thread started: Thread Group 1-1031
2026-09-11 01:31:20,297 INFO o.a.j.t.JMeterThread: Thread started: Thread Group 1-1033
2026-09-11 01:31:20,297 INFO o.a.j.t.JMeterThread: Thread started: Thread Group 1-1038
2026-09-11 01:31:20,299 INFO o.a.j.t.JMeterThread: Thread started: Thread Group 1-1034
2026-09-11 01:31:20,299 INFO o.a.j.t.JMeterThread: Thread started: Thread Group 1-1035
2026-09-11 01:31:20,299 INFO o.a.j.t.JMeterThread: Thread started: Thread Group 1-1037
2026-09-11 01:31:20,299 INFO o.a.j.t.JMeterThread: Thread started: Thread Group 1-1039
2026-09-11 01:31:20,299 INFO o.a.j.t.JMeterThread: Thread started: Thread Group 1-1036
2026-09-11 01:31:20,301 INFO o.a.j.t.JMeterThread: Thread started: Thread Group 1-1041
2026-09-11 01:31:20,302 INFO o.a.j.t.JMeterThread: Thread started: Thread Group 1-1042
2026-09-11 01:31:20,302 INFO o.a.j.t.JMeterThread: Thread started: Thread Group 1-1040
2026-09-11 01:31:20,307 INFO o.a.j.t.JMeterThread: Thread started: Thread Group 1-1043
2026-09-11 01:31:20,307 INFO o.a.j.t.JMeterThread: Thread started: Thread Group 1-1047
2026-09-11 01:31:20,307 INFO o.a.j.t.JMeterThread: Thread started: Thread Group 1-1045
2026-09-11 01:31:20,308 INFO o.a.j.t.JMeterThread: Thread started: Thread Group 1-1044
2026-09-11 01:31:20,308 INFO o.a.j.t.JMeterThread: Thread started: Thread Group 1-1046
2026-09-11 01:31:20,308 INFO o.a.j.t.JMeterThread: Thread started: Thread Group 1-1048
2026-09-11 01:31:20,309 INFO o.a.j.t.JMeterThread: Thread started: Thread Group 1-1049
2026-09-11 01:31:20,309 INFO o.a.j.t.JMeterThread: Thread started: Thread Group 1-1050
2026-09-11 01:31:20,312 INFO o.a.j.t.JMeterThread: Thread started: Thread Group 1-1053
2026-09-11 01:31:20,315 INFO o.a.j.t.JMeterThread: Thread started: Thread Group 1-1051
2026-09-11 01:31:20,315 INFO o.a.j.t.JMeterThread: Thread started: Thread Group 1-1052
2026-09-11 01:31:20,315 INFO o.a.j.t.JMeterThread: Thread started: Thread Group 1-1054
2026-09-11 01:31:20,316 INFO o.a.j.t.JMeterThread: Thread started: Thread Group 1-1055
2026-09-11 01:31:20,319 INFO o.a.j.t.JMeterThread: Thread started: Thread Group 1-1057
2026-09-11 01:31:20,319 INFO o.a.j.t.JMeterThread: Thread started: Thread Group 1-1056
2026-09-11 01:31:20,321 INFO o.a.j.t.JMeterThread: Thread started: Thread Group 1-1060
2026-09-11 01:31:20,321 INFO o.a.j.t.JMeterThread: Thread started: Thread Group 1-1058
2026-09-11 01:31:20,322 INFO o.a.j.t.JMeterThread: Thread started: Thread Group 1-1059
2026-09-11 01:31:20,322 INFO o.a.j.t.JMeterThread: Thread started: Thread Group 1-1062
2026-09-11 01:31:20,324 INFO o.a.j.t.JMeterThread: Thread started: Thread Group 1-1063
2026-09-11 01:31:20,324 INFO o.a.j.t.JMeterThread: Thread started: Thread Group 1-1064
2026-09-11 01:31:20,325 INFO o.a.j.t.JMeterThread: Thread started: Thread Group 1-1065
2026-09-11 01:31:20,324 INFO o.a.j.t.JMeterThread: Thread started: Thread Group 1-1061
2026-09-11 01:31:20,328 INFO o.a.j.t.JMeterThread: Thread started: Thread Group 1-1068
2026-09-11 01:31:20,330 INFO o.a.j.t.JMeterThread: Thread started: Thread Group 1-1069
2026-09-11 01:31:20,330 INFO o.a.j.t.JMeterThread: Thread started: Thread Group 1-1066
2026-09-11 01:31:20,330 INFO o.a.j.t.JMeterThread: Thread started: Thread Group 1-1067
2026-09-11 01:31:20,331 INFO o.a.j.t.JMeterThread: Thread started: Thread Group 1-1070
2026-09-11 01:31:20,331 INFO o.a.j.t.JMeterThread: Thread started: Thread Group 1-1071
2026-09-11 01:31:20,334 INFO o.a.j.t.JMeterThread: Thread started: Thread Group 1-1073
2026-09-11 01:31:20,334 INFO o.a.j.t.JMeterThread: Thread started: Thread Group 1-1074
2026-09-11 01:31:20,334 INFO o.a.j.t.JMeterThread: Thread started: Thread Group 1-1072
2026-09-11 01:31:20,338 INFO o.a.j.t.JMeterThread: Thread started: Thread Group 1-1076
2026-09-11 01:31:20,338 INFO o.a.j.t.JMeterThread: Thread started: Thread Group 1-1075
2026-09-11 01:31:20,340 INFO o.a.j.t.JMeterThread: Thread started: Thread Group 1-1079
2026-09-11 01:31:20,342 INFO o.a.j.t.JMeterThread: Thread started: Thread Group 1-1078
2026-09-11 01:31:20,342 INFO o.a.j.t.JMeterThread: Thread started: Thread Group 1-1081
2026-09-11 01:31:20,342 INFO o.a.j.t.JMeterThread: Thread started: Thread Group 1-1077
2026-09-11 01:31:20,343 INFO o.a.j.t.JMeterThread: Thread started: Thread Group 1-1082
2026-09-11 01:31:20,342 INFO o.a.j.t.JMeterThread: Thread started: Thread Group 1-1080
2026-09-11 01:31:20,345 INFO o.a.j.t.JMeterThread: Thread started: Thread Group 1-1083
2026-09-11 01:31:20,347 INFO o.a.j.t.JMeterThread: Thread started: Thread Group 1-1085
2026-09-11 01:31:20,347 INFO o.a.j.t.JMeterThread: Thread started: Thread Group 1-1086
2026-09-11 01:31:20,348 INFO o.a.j.t.JMeterThread: Thread started: Thread Group 1-1084
2026-09-11 01:31:20,348 INFO o.a.j.t.JMeterThread: Thread started: Thread Group 1-1087
2026-09-11 01:31:20,350 INFO o.a.j.t.JMeterThread: Thread started: Thread Group 1-1088
2026-09-11 01:31:20,352 INFO o.a.j.t.JMeterThread: Thread started: Thread Group 1-1089
2026-09-11 01:31:20,352 INFO o.a.j.t.JMeterThread: Thread started: Thread Group 1-1090
2026-09-11 01:31:20,353 INFO o.a.j.t.JMeterThread: Thread started: Thread Group 1-1091
2026-09-11 01:31:20,357 INFO o.a.j.t.JMeterThread: Thread started: Thread Group 1-1092
2026-09-11 01:31:20,357 INFO o.a.j.t.JMeterThread: Thread started: Thread Group 1-1096
2026-09-11 01:31:20,357 INFO o.a.j.t.JMeterThread: Thread started: Thread Group 1-1093
2026-09-11 01:31:20,357 INFO o.a.j.t.JMeterThread: Thread started: Thread Group 1-1094
2026-09-11 01:31:20,357 INFO o.a.j.t.JMeterThread: Thread started: Thread Group 1-1097
2026-09-11 01:31:20,357 INFO o.a.j.t.JMeterThread: Thread started: Thread Group 1-1095
2026-09-11 01:31:20,358 INFO o.a.j.t.JMeterThread: Thread started: Thread Group 1-1098
2026-09-11 01:31:20,361 INFO o.a.j.t.JMeterThread: Thread started: Thread Group 1-1101
2026-09-11 01:31:20,361 INFO o.a.j.t.JMeterThread: Thread started: Thread Group 1-1100
2026-09-11 01:31:20,361 INFO o.a.j.t.JMeterThread: Thread started: Thread Group 1-1099
2026-09-11 01:31:20,363 INFO o.a.j.t.JMeterThread: Thread started: Thread Group 1-1102
2026-09-11 01:31:20,363 INFO o.a.j.t.JMeterThread: Thread started: Thread Group 1-1103
2026-09-11 01:31:20,363 INFO o.a.j.t.JMeterThread: Thread started: Thread Group 1-1104
2026-09-11 01:31:20,365 INFO o.a.j.t.JMeterThread: Thread started: Thread Group 1-1105
2026-09-11 01:31:20,368 INFO o.a.j.t.JMeterThread: Thread started: Thread Group 1-1109
2026-09-11 01:31:20,369 INFO o.a.j.t.JMeterThread: Thread started: Thread Group 1-1106
2026-09-11 01:31:20,369 INFO o.a.j.t.JMeterThread: Thread started: Thread Group 1-1108
2026-09-11 01:31:20,369 INFO o.a.j.t.JMeterThread: Thread started: Thread Group 1-1107
2026-09-11 01:31:20,370 INFO o.a.j.t.JMeterThread: Thread started: Thread Group 1-1110
2026-09-11 01:31:20,375 INFO o.a.j.t.JMeterThread: Thread started: Thread Group 1-1114
2026-09-11 01:31:20,375 INFO o.a.j.t.JMeterThread: Thread started: Thread Group 1-1113
2026-09-11 01:31:20,375 INFO o.a.j.t.JMeterThread: Thread started: Thread Group 1-1111
2026-09-11 01:31:20,377 INFO o.a.j.t.JMeterThread: Thread started: Thread Group 1-1115
2026-09-11 01:31:20,377 INFO o.a.j.t.JMeterThread: Thread started: Thread Group 1-1112
2026-09-11 01:31:20,377 INFO o.a.j.t.JMeterThread: Thread started: Thread Group 1-1116
2026-09-11 01:31:20,379 INFO o.a.j.t.JMeterThread: Thread started: Thread Group 1-1118
2026-09-11 01:31:20,380 INFO o.a.j.t.JMeterThread: Thread started: Thread Group 1-1121
2026-09-11 01:31:20,381 INFO o.a.j.t.JMeterThread: Thread started: Thread Group 1-1122
2026-09-11 01:31:20,382 INFO o.a.j.t.JMeterThread: Thread started: Thread Group 1-1119
2026-09-11 01:31:20,382 INFO o.a.j.t.JMeterThread: Thread started: Thread Group 1-1120
2026-09-11 01:31:20,382 INFO o.a.j.t.JMeterThread: Thread started: Thread Group 1-1123
2026-09-11 01:31:20,382 INFO o.a.j.t.JMeterThread: Thread started: Thread Group 1-1117
2026-09-11 01:31:20,383 INFO o.a.j.t.JMeterThread: Thread started: Thread Group 1-1124
2026-09-11 01:31:20,385 INFO o.a.j.t.JMeterThread: Thread started: Thread Group 1-1126
2026-09-11 01:31:20,385 INFO o.a.j.t.JMeterThread: Thread started: Thread Group 1-1125
2026-09-11 01:31:20,387 INFO o.a.j.t.JMeterThread: Thread started: Thread Group 1-1128
2026-09-11 01:31:20,388 INFO o.a.j.t.JMeterThread: Thread started: Thread Group 1-1127
2026-09-11 01:31:20,389 INFO o.a.j.t.JMeterThread: Thread started: Thread Group 1-1129
2026-09-11 01:31:20,391 INFO o.a.j.t.JMeterThread: Thread started: Thread Group 1-1130
2026-09-11 01:31:20,391 INFO o.a.j.t.JMeterThread: Thread started: Thread Group 1-1131
2026-09-11 01:31:20,394 INFO o.a.j.t.JMeterThread: Thread started: Thread Group 1-1135
2026-09-11 01:31:20,394 INFO o.a.j.t.JMeterThread: Thread started: Thread Group 1-1132
2026-09-11 01:31:20,395 INFO o.a.j.t.JMeterThread: Thread started: Thread Group 1-1133
2026-09-11 01:31:20,395 INFO o.a.j.t.JMeterThread: Thread started: Thread Group 1-1134
2026-09-11 01:31:20,398 INFO o.a.j.t.JMeterThread: Thread started: Thread Group 1-1136
2026-09-11 01:31:20,400 INFO o.a.j.t.JMeterThread: Thread started: Thread Group 1-1139
2026-09-11 01:31:20,400 INFO o.a.j.t.JMeterThread: Thread started: Thread Group 1-1138
2026-09-11 01:31:20,401 INFO o.a.j.t.JMeterThread: Thread started: Thread Group 1-1137
2026-09-11 01:31:20,401 INFO o.a.j.t.JMeterThread: Thread started: Thread Group 1-1141
2026-09-11 01:31:20,402 INFO o.a.j.t.JMeterThread: Thread started: Thread Group 1-1140
2026-09-11 01:31:20,404 INFO o.a.j.t.JMeterThread: Thread started: Thread Group 1-1144
2026-09-11 01:31:20,407 INFO o.a.j.t.JMeterThread: Thread started: Thread Group 1-1142
2026-09-11 01:31:20,407 INFO o.a.j.t.JMeterThread: Thread started: Thread Group 1-1145
2026-09-11 01:31:20,407 INFO o.a.j.t.JMeterThread: Thread started: Thread Group 1-1143
2026-09-11 01:31:20,408 INFO o.a.j.t.JMeterThread: Thread started: Thread Group 1-1147
2026-09-11 01:31:20,408 INFO o.a.j.t.JMeterThread: Thread started: Thread Group 1-1146
2026-09-11 01:31:20,409 INFO o.a.j.t.JMeterThread: Thread started: Thread Group 1-1148
2026-09-11 01:31:20,409 INFO o.a.j.t.JMeterThread: Thread started: Thread Group 1-1149
2026-09-11 01:31:20,410 INFO o.a.j.t.JMeterThread: Thread started: Thread Group 1-1150
2026-09-11 01:31:20,412 INFO o.a.j.t.JMeterThread: Thread started: Thread Group 1-1152
2026-09-11 01:31:20,415 INFO o.a.j.t.JMeterThread: Thread started: Thread Group 1-1153
2026-09-11 01:31:20,415 INFO o.a.j.t.JMeterThread: Thread started: Thread Group 1-1154
2026-09-11 01:31:20,415 INFO o.a.j.t.JMeterThread: Thread started: Thread Group 1-1151
2026-09-11 01:31:20,416 INFO o.a.j.t.JMeterThread: Thread started: Thread Group 1-1156
2026-09-11 01:31:20,416 INFO o.a.j.t.JMeterThread: Thread started: Thread Group 1-1155
2026-09-11 01:31:20,417 INFO o.a.j.t.JMeterThread: Thread started: Thread Group 1-1157
2026-09-11 01:31:20,420 INFO o.a.j.t.JMeterThread: Thread started: Thread Group 1-1159
2026-09-11 01:31:20,420 INFO o.a.j.t.JMeterThread: Thread started: Thread Group 1-1158
2026-09-11 01:31:20,420 INFO o.a.j.t.JMeterThread: Thread started: Thread Group 1-1160
2026-09-11 01:31:20,422 INFO o.a.j.t.JMeterThread: Thread started: Thread Group 1-1162
2026-09-11 01:31:20,422 INFO o.a.j.t.JMeterThread: Thread started: Thread Group 1-1161
2026-09-11 01:31:20,424 INFO o.a.j.t.JMeterThread: Thread started: Thread Group 1-1164
2026-09-11 01:31:20,424 INFO o.a.j.t.JMeterThread: Thread started: Thread Group 1-1165
2026-09-11 01:31:20,426 INFO o.a.j.t.JMeterThread: Thread started: Thread Group 1-1163
2026-09-11 01:31:20,426 INFO o.a.j.t.JMeterThread: Thread started: Thread Group 1-1166
2026-09-11 01:31:20,430 INFO o.a.j.t.JMeterThread: Thread started: Thread Group 1-1167
2026-09-11 01:31:20,430 INFO o.a.j.t.JMeterThread: Thread started: Thread Group 1-1170
2026-09-11 01:31:20,431 INFO o.a.j.t.JMeterThread: Thread started: Thread Group 1-1169
2026-09-11 01:31:20,432 INFO o.a.j.t.JMeterThread: Thread started: Thread Group 1-1168
2026-09-11 01:31:20,432 INFO o.a.j.t.JMeterThread: Thread started: Thread Group 1-1171
2026-09-11 01:31:20,433 INFO o.a.j.t.JMeterThread: Thread started: Thread Group 1-1173
2026-09-11 01:31:20,433 INFO o.a.j.t.JMeterThread: Thread started: Thread Group 1-1172
2026-09-11 01:31:20,434 INFO o.a.j.t.JMeterThread: Thread started: Thread Group 1-1174
2026-09-11 01:31:20,437 INFO o.a.j.t.JMeterThread: Thread started: Thread Group 1-1175
2026-09-11 01:31:20,436 INFO o.a.j.t.JMeterThread: Thread started: Thread Group 1-1176
2026-09-11 01:31:20,439 INFO o.a.j.t.JMeterThread: Thread started: Thread Group 1-1177
2026-09-11 01:31:20,440 INFO o.a.j.t.JMeterThread: Thread started: Thread Group 1-1179
2026-09-11 01:31:20,441 INFO o.a.j.t.JMeterThread: Thread started: Thread Group 1-1178
2026-09-11 01:31:20,442 INFO o.a.j.t.JMeterThread: Thread started: Thread Group 1-1182
2026-09-11 01:31:20,444 INFO o.a.j.t.JMeterThread: Thread started: Thread Group 1-1181
2026-09-11 01:31:20,445 INFO o.a.j.t.JMeterThread: Thread started: Thread Group 1-1180
2026-09-11 01:31:20,446 INFO o.a.j.t.JMeterThread: Thread started: Thread Group 1-1183
2026-09-11 01:31:20,447 INFO o.a.j.t.JMeterThread: Thread started: Thread Group 1-1186
2026-09-11 01:31:20,447 INFO o.a.j.t.JMeterThread: Thread started: Thread Group 1-1184
2026-09-11 01:31:20,448 INFO o.a.j.t.JMeterThread: Thread started: Thread Group 1-1187
2026-09-11 01:31:20,448 INFO o.a.j.t.JMeterThread: Thread started: Thread Group 1-1185
2026-09-11 01:31:20,450 INFO o.a.j.t.JMeterThread: Thread started: Thread Group 1-1188
2026-09-11 01:31:20,450 INFO o.a.j.t.JMeterThread: Thread started: Thread Group 1-1189
2026-09-11 01:31:20,452 INFO o.a.j.t.JMeterThread: Thread started: Thread Group 1-1192
2026-09-11 01:31:20,454 INFO o.a.j.t.JMeterThread: Thread started: Thread Group 1-1190
2026-09-11 01:31:20,455 INFO o.a.j.t.JMeterThread: Thread started: Thread Group 1-1191
2026-09-11 01:31:20,456 INFO o.a.j.t.JMeterThread: Thread started: Thread Group 1-1194
2026-09-11 01:31:20,457 INFO o.a.j.t.JMeterThread: Thread started: Thread Group 1-1193
2026-09-11 01:31:20,457 INFO o.a.j.t.JMeterThread: Thread started: Thread Group 1-1195
2026-09-11 01:31:20,458 INFO o.a.j.t.JMeterThread: Thread started: Thread Group 1-1198
2026-09-11 01:31:20,461 INFO o.a.j.t.JMeterThread: Thread started: Thread Group 1-1197
2026-09-11 01:31:20,461 INFO o.a.j.t.JMeterThread: Thread started: Thread Group 1-1199
2026-09-11 01:31:20,461 INFO o.a.j.t.JMeterThread: Thread started: Thread Group 1-1196
2026-09-11 01:31:20,461 INFO o.a.j.t.JMeterThread: Thread started: Thread Group 1-1201
2026-09-11 01:31:20,461 INFO o.a.j.t.JMeterThread: Thread started: Thread Group 1-1202
2026-09-11 01:31:20,462 INFO o.a.j.t.JMeterThread: Thread started: Thread Group 1-1200
2026-09-11 01:31:20,465 INFO o.a.j.t.JMeterThread: Thread started: Thread Group 1-1204
2026-09-11 01:31:20,465 INFO o.a.j.t.JMeterThread: Thread started: Thread Group 1-1203
2026-09-11 01:31:20,466 INFO o.a.j.t.JMeterThread: Thread started: Thread Group 1-1206
2026-09-11 01:31:20,466 INFO o.a.j.t.JMeterThread: Thread started: Thread Group 1-1207
2026-09-11 01:31:20,469 INFO o.a.j.t.JMeterThread: Thread started: Thread Group 1-1208
2026-09-11 01:31:20,469 INFO o.a.j.t.JMeterThread: Thread started: Thread Group 1-1209
2026-09-11 01:31:20,473 INFO o.a.j.t.JMeterThread: Thread started: Thread Group 1-1211
2026-09-11 01:31:20,474 INFO o.a.j.t.JMeterThread: Thread started: Thread Group 1-1213
2026-09-11 01:31:20,475 INFO o.a.j.t.JMeterThread: Thread started: Thread Group 1-1212
2026-09-11 01:31:20,475 INFO o.a.j.t.JMeterThread: Thread started: Thread Group 1-1214
2026-09-11 01:31:20,477 INFO o.a.j.t.JMeterThread: Thread started: Thread Group 1-1216
2026-09-11 01:31:20,477 INFO o.a.j.t.JMeterThread: Thread started: Thread Group 1-1215
2026-09-11 01:31:20,478 INFO o.a.j.t.JMeterThread: Thread started: Thread Group 1-1217
2026-09-11 01:31:20,478 INFO o.a.j.t.JMeterThread: Thread started: Thread Group 1-1218
2026-09-11 01:31:20,471 INFO o.a.j.t.JMeterThread: Thread started: Thread Group 1-1210
2026-09-11 01:31:20,479 INFO o.a.j.t.JMeterThread: Thread started: Thread Group 1-1219
2026-09-11 01:31:20,470 INFO o.a.j.t.JMeterThread: Thread started: Thread Group 1-1205
2026-09-11 01:31:20,482 INFO o.a.j.t.JMeterThread: Thread started: Thread Group 1-1221
2026-09-11 01:31:20,483 INFO o.a.j.t.JMeterThread: Thread started: Thread Group 1-1220
2026-09-11 01:31:20,483 INFO o.a.j.t.JMeterThread: Thread started: Thread Group 1-1222
2026-09-11 01:31:20,483 INFO o.a.j.t.JMeterThread: Thread started: Thread Group 1-1223
2026-09-11 01:31:20,485 INFO o.a.j.t.JMeterThread: Thread started: Thread Group 1-1225
2026-09-11 01:31:20,486 INFO o.a.j.t.JMeterThread: Thread started: Thread Group 1-1226
2026-09-11 01:31:20,487 INFO o.a.j.t.JMeterThread: Thread started: Thread Group 1-1227
2026-09-11 01:31:20,488 INFO o.a.j.t.JMeterThread: Thread started: Thread Group 1-1224
2026-09-11 01:31:20,489 INFO o.a.j.t.JMeterThread: Thread started: Thread Group 1-1230
2026-09-11 01:31:20,490 INFO o.a.j.t.JMeterThread: Thread started: Thread Group 1-1228
2026-09-11 01:31:20,491 INFO o.a.j.t.JMeterThread: Thread started: Thread Group 1-1231
2026-09-11 01:31:20,491 INFO o.a.j.t.JMeterThread: Thread started: Thread Group 1-1232
2026-09-11 01:31:20,492 INFO o.a.j.t.JMeterThread: Thread started: Thread Group 1-1229
2026-09-11 01:31:20,493 INFO o.a.j.t.JMeterThread: Thread started: Thread Group 1-1233
2026-09-11 01:31:20,494 INFO o.a.j.t.JMeterThread: Thread started: Thread Group 1-1234
2026-09-11 01:31:20,499 INFO o.a.j.t.JMeterThread: Thread started: Thread Group 1-1238
2026-09-11 01:31:20,499 INFO o.a.j.t.JMeterThread: Thread started: Thread Group 1-1239
2026-09-11 01:31:20,500 INFO o.a.j.t.JMeterThread: Thread started: Thread Group 1-1235
2026-09-11 01:31:20,500 INFO o.a.j.t.JMeterThread: Thread started: Thread Group 1-1236
2026-09-11 01:31:20,500 INFO o.a.j.t.JMeterThread: Thread started: Thread Group 1-1240
2026-09-11 01:31:20,500 INFO o.a.j.t.JMeterThread: Thread started: Thread Group 1-1237
2026-09-11 01:31:20,501 INFO o.a.j.t.JMeterThread: Thread started: Thread Group 1-1241
2026-09-11 01:31:20,503 INFO o.a.j.t.JMeterThread: Thread started: Thread Group 1-1242
2026-09-11 01:31:20,503 INFO o.a.j.t.JMeterThread: Thread started: Thread Group 1-1243
2026-09-11 01:31:20,504 INFO o.a.j.t.JMeterThread: Thread started: Thread Group 1-1244
2026-09-11 01:31:20,506 INFO o.a.j.t.JMeterThread: Thread started: Thread Group 1-1245
2026-09-11 01:31:20,508 INFO o.a.j.t.JMeterThread: Thread started: Thread Group 1-1246
2026-09-11 01:31:20,510 INFO o.a.j.t.JMeterThread: Thread started: Thread Group 1-1247
2026-09-11 01:31:20,510 INFO o.a.j.t.JMeterThread: Thread started: Thread Group 1-1248
2026-09-11 01:31:20,512 INFO o.a.j.t.JMeterThread: Thread started: Thread Group 1-1250
2026-09-11 01:31:20,512 INFO o.a.j.t.JMeterThread: Thread started: Thread Group 1-1249
2026-09-11 01:31:20,512 INFO o.a.j.t.JMeterThread: Thread started: Thread Group 1-1251
2026-09-11 01:31:20,514 INFO o.a.j.t.JMeterThread: Thread started: Thread Group 1-1253
2026-09-11 01:31:20,516 INFO o.a.j.t.JMeterThread: Thread started: Thread Group 1-1252
2026-09-11 01:31:20,517 INFO o.a.j.t.JMeterThread: Thread started: Thread Group 1-1255
2026-09-11 01:31:20,517 INFO o.a.j.t.JMeterThread: Thread started: Thread Group 1-1254
2026-09-11 01:31:20,522 INFO o.a.j.t.JMeterThread: Thread started: Thread Group 1-1258
2026-09-11 01:31:20,522 INFO o.a.j.t.JMeterThread: Thread started: Thread Group 1-1256
2026-09-11 01:31:20,522 INFO o.a.j.t.JMeterThread: Thread started: Thread Group 1-1257
2026-09-11 01:31:20,523 INFO o.a.j.t.JMeterThread: Thread started: Thread Group 1-1260
2026-09-11 01:31:20,523 INFO o.a.j.t.JMeterThread: Thread started: Thread Group 1-1259
2026-09-11 01:31:20,523 INFO o.a.j.t.JMeterThread: Thread started: Thread Group 1-1263
2026-09-11 01:31:20,523 INFO o.a.j.t.JMeterThread: Thread started: Thread Group 1-1262
2026-09-11 01:31:20,524 INFO o.a.j.t.JMeterThread: Thread started: Thread Group 1-1261
2026-09-11 01:31:20,525 INFO o.a.j.t.JMeterThread: Thread started: Thread Group 1-1264
2026-09-11 01:31:20,528 INFO o.a.j.t.JMeterThread: Thread started: Thread Group 1-1266
2026-09-11 01:31:20,528 INFO o.a.j.t.JMeterThread: Thread started: Thread Group 1-1265
2026-09-11 01:31:20,531 INFO o.a.j.t.JMeterThread: Thread started: Thread Group 1-1271
2026-09-11 01:31:20,532 INFO o.a.j.t.JMeterThread: Thread started: Thread Group 1-1267
2026-09-11 01:31:20,531 INFO o.a.j.t.JMeterThread: Thread started: Thread Group 1-1268
2026-09-11 01:31:20,532 INFO o.a.j.t.JMeterThread: Thread started: Thread Group 1-1270
2026-09-11 01:31:20,533 INFO o.a.j.t.JMeterThread: Thread started: Thread Group 1-1272
2026-09-11 01:31:20,534 INFO o.a.j.t.JMeterThread: Thread started: Thread Group 1-1273
2026-09-11 01:31:20,535 INFO o.a.j.t.JMeterThread: Thread started: Thread Group 1-1269
2026-09-11 01:31:20,536 INFO o.a.j.t.JMeterThread: Thread started: Thread Group 1-1274
2026-09-11 01:31:20,537 INFO o.a.j.t.JMeterThread: Thread started: Thread Group 1-1276
2026-09-11 01:31:20,538 INFO o.a.j.t.JMeterThread: Thread started: Thread Group 1-1275
2026-09-11 01:31:20,539 INFO o.a.j.t.JMeterThread: Thread started: Thread Group 1-1279
2026-09-11 01:31:20,539 INFO o.a.j.t.JMeterThread: Thread started: Thread Group 1-1277
2026-09-11 01:31:20,541 INFO o.a.j.t.JMeterThread: Thread started: Thread Group 1-1278
2026-09-11 01:31:20,545 INFO o.a.j.t.JMeterThread: Thread started: Thread Group 1-1280
2026-09-11 01:31:20,545 INFO o.a.j.t.JMeterThread: Thread started: Thread Group 1-1282
2026-09-11 01:31:20,546 INFO o.a.j.t.JMeterThread: Thread started: Thread Group 1-1281
2026-09-11 01:31:20,546 INFO o.a.j.t.JMeterThread: Thread started: Thread Group 1-1285
2026-09-11 01:31:20,546 INFO o.a.j.t.JMeterThread: Thread started: Thread Group 1-1283
2026-09-11 01:31:20,546 INFO o.a.j.t.JMeterThread: Thread started: Thread Group 1-1284
2026-09-11 01:31:20,547 INFO o.a.j.t.JMeterThread: Thread started: Thread Group 1-1286
2026-09-11 01:31:20,547 INFO o.a.j.t.JMeterThread: Thread started: Thread Group 1-1287
2026-09-11 01:31:20,549 INFO o.a.j.t.JMeterThread: Thread started: Thread Group 1-1289
2026-09-11 01:31:20,551 INFO o.a.j.t.JMeterThread: Thread started: Thread Group 1-1291
2026-09-11 01:31:20,552 INFO o.a.j.t.JMeterThread: Thread started: Thread Group 1-1288
2026-09-11 01:31:20,552 INFO o.a.j.t.JMeterThread: Thread started: Thread Group 1-1290
2026-09-11 01:31:20,555 INFO o.a.j.t.JMeterThread: Thread started: Thread Group 1-1293
2026-09-11 01:31:20,556 INFO o.a.j.t.JMeterThread: Thread started: Thread Group 1-1292
2026-09-11 01:31:20,556 INFO o.a.j.t.JMeterThread: Thread started: Thread Group 1-1295
2026-09-11 01:31:20,557 INFO o.a.j.t.JMeterThread: Thread started: Thread Group 1-1296
2026-09-11 01:31:20,557 INFO o.a.j.t.JMeterThread: Thread started: Thread Group 1-1297
2026-09-11 01:31:20,558 INFO o.a.j.t.JMeterThread: Thread started: Thread Group 1-1298
2026-09-11 01:31:20,560 INFO o.a.j.t.JMeterThread: Thread started: Thread Group 1-1294
2026-09-11 01:31:20,560 INFO o.a.j.t.JMeterThread: Thread started: Thread Group 1-1299
2026-09-11 01:31:20,563 INFO o.a.j.t.JMeterThread: Thread started: Thread Group 1-1300
2026-09-11 01:31:20,564 INFO o.a.j.t.JMeterThread: Thread started: Thread Group 1-1303
2026-09-11 01:31:20,565 INFO o.a.j.t.JMeterThread: Thread started: Thread Group 1-1301
2026-09-11 01:31:20,565 INFO o.a.j.t.JMeterThread: Thread started: Thread Group 1-1306
2026-09-11 01:31:20,565 INFO o.a.j.t.JMeterThread: Thread started: Thread Group 1-1305
2026-09-11 01:31:20,565 INFO o.a.j.t.JMeterThread: Thread started: Thread Group 1-1304
2026-09-11 01:31:20,567 INFO o.a.j.t.JMeterThread: Thread started: Thread Group 1-1302
2026-09-11 01:31:20,569 INFO o.a.j.t.JMeterThread: Thread started: Thread Group 1-1308
2026-09-11 01:31:20,570 INFO o.a.j.t.JMeterThread: Thread started: Thread Group 1-1307
2026-09-11 01:31:20,571 INFO o.a.j.t.JMeterThread: Thread started: Thread Group 1-1309
2026-09-11 01:31:20,572 INFO o.a.j.t.JMeterThread: Thread started: Thread Group 1-1310
2026-09-11 01:31:20,574 INFO o.a.j.t.JMeterThread: Thread started: Thread Group 1-1312
2026-09-11 01:31:20,574 INFO o.a.j.t.JMeterThread: Thread started: Thread Group 1-1311
2026-09-11 01:31:20,574 INFO o.a.j.t.JMeterThread: Thread started: Thread Group 1-1314
2026-09-11 01:31:20,575 INFO o.a.j.t.JMeterThread: Thread started: Thread Group 1-1313
2026-09-11 01:31:20,575 INFO o.a.j.t.JMeterThread: Thread started: Thread Group 1-1315
2026-09-11 01:31:20,576 INFO o.a.j.t.JMeterThread: Thread started: Thread Group 1-1316
2026-09-11 01:31:20,579 INFO o.a.j.t.JMeterThread: Thread started: Thread Group 1-1317
2026-09-11 01:31:20,580 INFO o.a.j.t.JMeterThread: Thread started: Thread Group 1-1320
2026-09-11 01:31:20,581 INFO o.a.j.t.JMeterThread: Thread started: Thread Group 1-1318
2026-09-11 01:31:20,582 INFO o.a.j.t.JMeterThread: Thread started: Thread Group 1-1319
2026-09-11 01:31:20,582 INFO o.a.j.t.JMeterThread: Thread started: Thread Group 1-1321
2026-09-11 01:31:20,582 INFO o.a.j.t.JMeterThread: Thread started: Thread Group 1-1322
2026-09-11 01:31:20,584 INFO o.a.j.t.JMeterThread: Thread started: Thread Group 1-1325
2026-09-11 01:31:20,586 INFO o.a.j.t.JMeterThread: Thread started: Thread Group 1-1324
2026-09-11 01:31:20,586 INFO o.a.j.t.JMeterThread: Thread started: Thread Group 1-1323
2026-09-11 01:31:20,588 INFO o.a.j.t.JMeterThread: Thread started: Thread Group 1-1328
2026-09-11 01:31:20,591 INFO o.a.j.t.JMeterThread: Thread started: Thread Group 1-1327
2026-09-11 01:31:20,591 INFO o.a.j.t.JMeterThread: Thread started: Thread Group 1-1326
2026-09-11 01:31:20,592 INFO o.a.j.t.JMeterThread: Thread started: Thread Group 1-1329
2026-09-11 01:31:20,593 INFO o.a.j.t.JMeterThread: Thread started: Thread Group 1-1330
2026-09-11 01:31:20,593 INFO o.a.j.t.JMeterThread: Thread started: Thread Group 1-1331
2026-09-11 01:31:20,593 INFO o.a.j.t.JMeterThread: Thread started: Thread Group 1-1333
2026-09-11 01:31:20,595 INFO o.a.j.t.JMeterThread: Thread started: Thread Group 1-1335
2026-09-11 01:31:20,596 INFO o.a.j.t.JMeterThread: Thread started: Thread Group 1-1332
2026-09-11 01:31:20,596 INFO o.a.j.t.JMeterThread: Thread started: Thread Group 1-1336
2026-09-11 01:31:20,598 INFO o.a.j.t.JMeterThread: Thread started: Thread Group 1-1338
2026-09-11 01:31:20,599 INFO o.a.j.t.JMeterThread: Thread started: Thread Group 1-1334
2026-09-11 01:31:20,599 INFO o.a.j.t.JMeterThread: Thread started: Thread Group 1-1337
2026-09-11 01:31:20,602 INFO o.a.j.t.JMeterThread: Thread started: Thread Group 1-1339
2026-09-11 01:31:20,604 INFO o.a.j.t.JMeterThread: Thread started: Thread Group 1-1344
2026-09-11 01:31:20,604 INFO o.a.j.t.JMeterThread: Thread started: Thread Group 1-1343
2026-09-11 01:31:20,604 INFO o.a.j.t.JMeterThread: Thread started: Thread Group 1-1342
2026-09-11 01:31:20,605 INFO o.a.j.t.JMeterThread: Thread started: Thread Group 1-1341
2026-09-11 01:31:20,605 INFO o.a.j.t.JMeterThread: Thread started: Thread Group 1-1340
2026-09-11 01:31:20,607 INFO o.a.j.t.JMeterThread: Thread started: Thread Group 1-1348
2026-09-11 01:31:20,608 INFO o.a.j.t.JMeterThread: Thread started: Thread Group 1-1345
2026-09-11 01:31:20,610 INFO o.a.j.t.JMeterThread: Thread started: Thread Group 1-1347
2026-09-11 01:31:20,610 INFO o.a.j.t.JMeterThread: Thread started: Thread Group 1-1346
2026-09-11 01:31:20,611 INFO o.a.j.t.JMeterThread: Thread started: Thread Group 1-1349
2026-09-11 01:31:20,612 INFO o.a.j.t.JMeterThread: Thread started: Thread Group 1-1352
2026-09-11 01:31:20,613 INFO o.a.j.t.JMeterThread: Thread started: Thread Group 1-1350
2026-09-11 01:31:20,613 INFO o.a.j.t.JMeterThread: Thread started: Thread Group 1-1354
2026-09-11 01:31:20,615 INFO o.a.j.t.JMeterThread: Thread started: Thread Group 1-1355
2026-09-11 01:31:20,616 INFO o.a.j.t.JMeterThread: Thread started: Thread Group 1-1353
2026-09-11 01:31:20,617 INFO o.a.j.t.JMeterThread: Thread started: Thread Group 1-1356
2026-09-11 01:31:20,618 INFO o.a.j.t.JMeterThread: Thread started: Thread Group 1-1357
2026-09-11 01:31:20,618 INFO o.a.j.t.JMeterThread: Thread started: Thread Group 1-1351
2026-09-11 01:31:20,622 INFO o.a.j.t.JMeterThread: Thread started: Thread Group 1-1358
2026-09-11 01:31:20,622 INFO o.a.j.t.JMeterThread: Thread started: Thread Group 1-1359
2026-09-11 01:31:20,624 INFO o.a.j.t.JMeterThread: Thread started: Thread Group 1-1362
2026-09-11 01:31:20,624 INFO o.a.j.t.JMeterThread: Thread started: Thread Group 1-1360
2026-09-11 01:31:20,625 INFO o.a.j.t.JMeterThread: Thread started: Thread Group 1-1361
2026-09-11 01:31:20,627 INFO o.a.j.t.JMeterThread: Thread started: Thread Group 1-1366
2026-09-11 01:31:20,627 INFO o.a.j.t.JMeterThread: Thread started: Thread Group 1-1365
2026-09-11 01:31:20,627 INFO o.a.j.t.JMeterThread: Thread started: Thread Group 1-1363
2026-09-11 01:31:20,628 INFO o.a.j.t.JMeterThread: Thread started: Thread Group 1-1367
2026-09-11 01:31:20,630 INFO o.a.j.t.JMeterThread: Thread started: Thread Group 1-1364
2026-09-11 01:31:20,630 INFO o.a.j.t.JMeterThread: Thread started: Thread Group 1-1368
2026-09-11 01:31:20,631 INFO o.a.j.t.JMeterThread: Thread started: Thread Group 1-1369
2026-09-11 01:31:20,632 INFO o.a.j.t.JMeterThread: Thread started: Thread Group 1-1372
2026-09-11 01:31:20,633 INFO o.a.j.t.JMeterThread: Thread started: Thread Group 1-1370
2026-09-11 01:31:20,634 INFO o.a.j.t.JMeterThread: Thread started: Thread Group 1-1371
2026-09-11 01:31:20,635 INFO o.a.j.t.JMeterThread: Thread started: Thread Group 1-1374
2026-09-11 01:31:20,635 INFO o.a.j.t.JMeterThread: Thread started: Thread Group 1-1373
2026-09-11 01:31:20,636 INFO o.a.j.t.JMeterThread: Thread started: Thread Group 1-1376
2026-09-11 01:31:20,637 INFO o.a.j.t.JMeterThread: Thread started: Thread Group 1-1375
2026-09-11 01:31:20,639 INFO o.a.j.t.JMeterThread: Thread started: Thread Group 1-1378
2026-09-11 01:31:20,639 INFO o.a.j.t.JMeterThread: Thread started: Thread Group 1-1379
2026-09-11 01:31:20,641 INFO o.a.j.t.JMeterThread: Thread started: Thread Group 1-1381
2026-09-11 01:31:20,641 INFO o.a.j.t.JMeterThread: Thread started: Thread Group 1-1377
2026-09-11 01:31:20,642 INFO o.a.j.t.JMeterThread: Thread started: Thread Group 1-1380
2026-09-11 01:31:20,643 INFO o.a.j.t.JMeterThread: Thread started: Thread Group 1-1382
2026-09-11 01:31:20,645 INFO o.a.j.t.JMeterThread: Thread started: Thread Group 1-1385
2026-09-11 01:31:20,646 INFO o.a.j.t.JMeterThread: Thread started: Thread Group 1-1383
2026-09-11 01:31:20,647 INFO o.a.j.t.JMeterThread: Thread started: Thread Group 1-1387
2026-09-11 01:31:20,647 INFO o.a.j.t.JMeterThread: Thread started: Thread Group 1-1384
2026-09-11 01:31:20,648 INFO o.a.j.t.JMeterThread: Thread started: Thread Group 1-1386
2026-09-11 01:31:20,649 INFO o.a.j.t.JMeterThread: Thread started: Thread Group 1-1388
2026-09-11 01:31:20,652 INFO o.a.j.t.JMeterThread: Thread started: Thread Group 1-1389
2026-09-11 01:31:20,652 INFO o.a.j.t.JMeterThread: Thread started: Thread Group 1-1391
2026-09-11 01:31:20,653 INFO o.a.j.t.JMeterThread: Thread started: Thread Group 1-1390
2026-09-11 01:31:20,653 INFO o.a.j.t.JMeterThread: Thread started: Thread Group 1-1393
2026-09-11 01:31:20,654 INFO o.a.j.t.JMeterThread: Thread started: Thread Group 1-1394
2026-09-11 01:31:20,655 INFO o.a.j.t.JMeterThread: Thread started: Thread Group 1-1392
2026-09-11 01:31:20,656 INFO o.a.j.t.JMeterThread: Thread started: Thread Group 1-1396
2026-09-11 01:31:20,659 INFO o.a.j.t.JMeterThread: Thread started: Thread Group 1-1395
2026-09-11 01:31:20,659 INFO o.a.j.t.JMeterThread: Thread started: Thread Group 1-1397
2026-09-11 01:31:20,660 INFO o.a.j.t.JMeterThread: Thread started: Thread Group 1-1398
2026-09-11 01:31:20,661 INFO o.a.j.t.JMeterThread: Thread started: Thread Group 1-1402
2026-09-11 01:31:20,661 INFO o.a.j.t.JMeterThread: Thread started: Thread Group 1-1399
2026-09-11 01:31:20,663 INFO o.a.j.t.JMeterThread: Thread started: Thread Group 1-1400
2026-09-11 01:31:20,663 INFO o.a.j.t.JMeterThread: Thread started: Thread Group 1-1401
2026-09-11 01:31:20,664 INFO o.a.j.t.JMeterThread: Thread started: Thread Group 1-1403
2026-09-11 01:31:20,666 INFO o.a.j.t.JMeterThread: Thread started: Thread Group 1-1405
2026-09-11 01:31:20,668 INFO o.a.j.t.JMeterThread: Thread started: Thread Group 1-1404
2026-09-11 01:31:20,669 INFO o.a.j.t.JMeterThread: Thread started: Thread Group 1-1407
2026-09-11 01:31:20,670 INFO o.a.j.t.JMeterThread: Thread started: Thread Group 1-1409
2026-09-11 01:31:20,670 INFO o.a.j.t.JMeterThread: Thread started: Thread Group 1-1410
2026-09-11 01:31:20,670 INFO o.a.j.t.JMeterThread: Thread started: Thread Group 1-1408
2026-09-11 01:31:20,671 INFO o.a.j.t.JMeterThread: Thread started: Thread Group 1-1406
2026-09-11 01:31:20,673 INFO o.a.j.t.JMeterThread: Thread started: Thread Group 1-1414
2026-09-11 01:31:20,674 INFO o.a.j.t.JMeterThread: Thread started: Thread Group 1-1411
2026-09-11 01:31:20,674 INFO o.a.j.t.JMeterThread: Thread started: Thread Group 1-1413
2026-09-11 01:31:20,674 INFO o.a.j.t.JMeterThread: Thread started: Thread Group 1-1415
2026-09-11 01:31:20,674 INFO o.a.j.t.JMeterThread: Thread started: Thread Group 1-1412
2026-09-11 01:31:20,676 INFO o.a.j.t.JMeterThread: Thread started: Thread Group 1-1416
2026-09-11 01:31:20,676 INFO o.a.j.t.JMeterThread: Thread started: Thread Group 1-1417
2026-09-11 01:31:20,678 INFO o.a.j.t.JMeterThread: Thread started: Thread Group 1-1418
2026-09-11 01:31:20,680 INFO o.a.j.t.JMeterThread: Thread started: Thread Group 1-1420
2026-09-11 01:31:20,681 INFO o.a.j.t.JMeterThread: Thread started: Thread Group 1-1422
2026-09-11 01:31:20,683 INFO o.a.j.t.JMeterThread: Thread started: Thread Group 1-1419
2026-09-11 01:31:20,684 INFO o.a.j.t.JMeterThread: Thread started: Thread Group 1-1421
2026-09-11 01:31:20,687 INFO o.a.j.t.JMeterThread: Thread started: Thread Group 1-1423
2026-09-11 01:31:20,688 INFO o.a.j.t.JMeterThread: Thread started: Thread Group 1-1424
2026-09-11 01:31:20,689 INFO o.a.j.t.JMeterThread: Thread started: Thread Group 1-1425
2026-09-11 01:31:20,690 INFO o.a.j.t.JMeterThread: Thread started: Thread Group 1-1426
2026-09-11 01:31:20,691 INFO o.a.j.t.JMeterThread: Thread started: Thread Group 1-1427
2026-09-11 01:31:20,691 INFO o.a.j.t.JMeterThread: Thread started: Thread Group 1-1431
2026-09-11 01:31:20,691 INFO o.a.j.t.JMeterThread: Thread started: Thread Group 1-1430
2026-09-11 01:31:20,692 INFO o.a.j.t.JMeterThread: Thread started: Thread Group 1-1428
2026-09-11 01:31:20,693 INFO o.a.j.t.JMeterThread: Thread started: Thread Group 1-1429
2026-09-11 01:31:20,694 INFO o.a.j.t.JMeterThread: Thread started: Thread Group 1-1434
2026-09-11 01:31:20,696 INFO o.a.j.t.JMeterThread: Thread started: Thread Group 1-1432
2026-09-11 01:31:20,696 INFO o.a.j.t.JMeterThread: Thread started: Thread Group 1-1433
2026-09-11 01:31:20,699 INFO o.a.j.t.JMeterThread: Thread started: Thread Group 1-1435
2026-09-11 01:31:20,700 INFO o.a.j.t.JMeterThread: Thread started: Thread Group 1-1436
2026-09-11 01:31:20,700 INFO o.a.j.t.JMeterThread: Thread started: Thread Group 1-1438
2026-09-11 01:31:20,700 INFO o.a.j.t.JMeterThread: Thread started: Thread Group 1-1439
2026-09-11 01:31:20,701 INFO o.a.j.t.JMeterThread: Thread started: Thread Group 1-1437
2026-09-11 01:31:20,703 INFO o.a.j.t.JMeterThread: Thread started: Thread Group 1-1440
2026-09-11 01:31:20,703 INFO o.a.j.t.JMeterThread: Thread started: Thread Group 1-1441
2026-09-11 01:31:20,704 INFO o.a.j.t.JMeterThread: Thread started: Thread Group 1-1442
2026-09-11 01:31:20,705 INFO o.a.j.t.JMeterThread: Thread started: Thread Group 1-1443
2026-09-11 01:31:20,705 INFO o.a.j.t.JMeterThread: Thread started: Thread Group 1-1444
2026-09-11 01:31:20,706 INFO o.a.j.t.JMeterThread: Thread started: Thread Group 1-1446
2026-09-11 01:31:20,707 INFO o.a.j.t.JMeterThread: Thread started: Thread Group 1-1445
2026-09-11 01:31:20,708 INFO o.a.j.t.JMeterThread: Thread started: Thread Group 1-1448
2026-09-11 01:31:20,709 INFO o.a.j.t.JMeterThread: Thread started: Thread Group 1-1447
2026-09-11 01:31:20,710 INFO o.a.j.t.JMeterThread: Thread started: Thread Group 1-1449
2026-09-11 01:31:20,710 INFO o.a.j.t.JMeterThread: Thread started: Thread Group 1-1450
2026-09-11 01:31:20,712 INFO o.a.j.t.JMeterThread: Thread started: Thread Group 1-1451
2026-09-11 01:31:20,713 INFO o.a.j.t.JMeterThread: Thread started: Thread Group 1-1452
2026-09-11 01:31:20,715 INFO o.a.j.t.JMeterThread: Thread started: Thread Group 1-1455
2026-09-11 01:31:20,716 INFO o.a.j.t.JMeterThread: Thread started: Thread Group 1-1454
2026-09-11 01:31:20,716 INFO o.a.j.t.JMeterThread: Thread started: Thread Group 1-1453
2026-09-11 01:31:20,716 INFO o.a.j.t.JMeterThread: Thread started: Thread Group 1-1456
2026-09-11 01:31:20,717 INFO o.a.j.t.JMeterThread: Thread started: Thread Group 1-1458
2026-09-11 01:31:20,722 INFO o.a.j.t.JMeterThread: Thread started: Thread Group 1-1459
2026-09-11 01:31:20,721 INFO o.a.j.t.JMeterThread: Thread started: Thread Group 1-1461
2026-09-11 01:31:20,723 INFO o.a.j.t.JMeterThread: Thread started: Thread Group 1-1462
2026-09-11 01:31:20,722 INFO o.a.j.t.JMeterThread: Thread started: Thread Group 1-1457
2026-09-11 01:31:20,724 INFO o.a.j.t.JMeterThread: Thread started: Thread Group 1-1460
2026-09-11 01:31:20,725 INFO o.a.j.t.JMeterThread: Thread started: Thread Group 1-1463
2026-09-11 01:31:20,725 INFO o.a.j.t.JMeterThread: Thread started: Thread Group 1-1464
2026-09-11 01:31:20,725 INFO o.a.j.t.JMeterThread: Thread started: Thread Group 1-1465
2026-09-11 01:31:20,726 INFO o.a.j.t.JMeterThread: Thread started: Thread Group 1-1466
2026-09-11 01:31:20,728 INFO o.a.j.t.JMeterThread: Thread started: Thread Group 1-1468
2026-09-11 01:31:20,730 INFO o.a.j.t.JMeterThread: Thread started: Thread Group 1-1467
2026-09-11 01:31:20,730 INFO o.a.j.t.JMeterThread: Thread started: Thread Group 1-1471
2026-09-11 01:31:20,731 INFO o.a.j.t.JMeterThread: Thread started: Thread Group 1-1470
2026-09-11 01:31:20,731 INFO o.a.j.t.JMeterThread: Thread started: Thread Group 1-1469
2026-09-11 01:31:20,733 INFO o.a.j.t.JMeterThread: Thread started: Thread Group 1-1472
2026-09-11 01:31:20,735 INFO o.a.j.t.JMeterThread: Thread started: Thread Group 1-1473
2026-09-11 01:31:20,735 INFO o.a.j.t.JMeterThread: Thread started: Thread Group 1-1475
2026-09-11 01:31:20,735 INFO o.a.j.t.JMeterThread: Thread started: Thread Group 1-1474
2026-09-11 01:31:20,735 INFO o.a.j.t.JMeterThread: Thread started: Thread Group 1-1476
2026-09-11 01:31:20,740 INFO o.a.j.t.JMeterThread: Thread started: Thread Group 1-1477
2026-09-11 01:31:20,740 INFO o.a.j.t.JMeterThread: Thread started: Thread Group 1-1479
2026-09-11 01:31:20,740 INFO o.a.j.t.JMeterThread: Thread started: Thread Group 1-1480
2026-09-11 01:31:20,740 INFO o.a.j.t.JMeterThread: Thread started: Thread Group 1-1478
2026-09-11 01:31:20,741 INFO o.a.j.t.JMeterThread: Thread started: Thread Group 1-1481
2026-09-11 01:31:20,742 INFO o.a.j.t.JMeterThread: Thread started: Thread Group 1-1482
2026-09-11 01:31:20,744 INFO o.a.j.t.JMeterThread: Thread started: Thread Group 1-1483
2026-09-11 01:31:20,748 INFO o.a.j.t.JMeterThread: Thread started: Thread Group 1-1484
2026-09-11 01:31:20,748 INFO o.a.j.t.JMeterThread: Thread started: Thread Group 1-1485
2026-09-11 01:31:20,748 INFO o.a.j.t.JMeterThread: Thread started: Thread Group 1-1486
2026-09-11 01:31:20,748 INFO o.a.j.t.JMeterThread: Thread started: Thread Group 1-1487
2026-09-11 01:31:20,748 INFO o.a.j.t.JMeterThread: Thread started: Thread Group 1-1488
2026-09-11 01:31:20,750 INFO o.a.j.t.JMeterThread: Thread started: Thread Group 1-1489
2026-09-11 01:31:20,752 INFO o.a.j.t.JMeterThread: Thread started: Thread Group 1-1490
2026-09-11 01:31:20,753 INFO o.a.j.t.JMeterThread: Thread started: Thread Group 1-1493
2026-09-11 01:31:20,755 INFO o.a.j.t.JMeterThread: Thread started: Thread Group 1-1492
2026-09-11 01:31:20,755 INFO o.a.j.t.JMeterThread: Thread started: Thread Group 1-1491
2026-09-11 01:31:20,755 INFO o.a.j.t.JMeterThread: Thread started: Thread Group 1-1495
2026-09-11 01:31:20,756 INFO o.a.j.t.JMeterThread: Thread started: Thread Group 1-1496
2026-09-11 01:31:20,758 INFO o.a.j.t.JMeterThread: Thread started: Thread Group 1-1494
2026-09-11 01:31:20,759 INFO o.a.j.t.JMeterThread: Thread started: Thread Group 1-1499
2026-09-11 01:31:20,759 INFO o.a.j.t.JMeterThread: Thread started: Thread Group 1-1497
2026-09-11 01:31:20,760 INFO o.a.j.t.JMeterThread: Thread started: Thread Group 1-1498
2026-09-11 01:31:20,762 INFO o.a.j.t.JMeterThread: Thread started: Thread Group 1-1500
2026-09-11 01:31:20,764 INFO o.a.j.t.JMeterThread: Thread started: Thread Group 1-1504
2026-09-11 01:31:20,765 INFO o.a.j.t.JMeterThread: Thread started: Thread Group 1-1501
2026-09-11 01:31:20,765 INFO o.a.j.t.JMeterThread: Thread started: Thread Group 1-1505
2026-09-11 01:31:20,765 INFO o.a.j.t.JMeterThread: Thread started: Thread Group 1-1506
2026-09-11 01:31:20,767 INFO o.a.j.t.JMeterThread: Thread started: Thread Group 1-1503
2026-09-11 01:31:20,767 INFO o.a.j.t.JMeterThread: Thread started: Thread Group 1-1502
2026-09-11 01:31:20,768 INFO o.a.j.t.JMeterThread: Thread started: Thread Group 1-1507
2026-09-11 01:31:20,773 INFO o.a.j.t.JMeterThread: Thread started: Thread Group 1-1509
2026-09-11 01:31:20,774 INFO o.a.j.t.JMeterThread: Thread started: Thread Group 1-1510
2026-09-11 01:31:20,773 INFO o.a.j.t.JMeterThread: Thread started: Thread Group 1-1511
2026-09-11 01:31:20,775 INFO o.a.j.t.JMeterThread: Thread started: Thread Group 1-1508
2026-09-11 01:31:20,775 INFO o.a.j.t.JMeterThread: Thread started: Thread Group 1-1512
2026-09-11 01:31:20,777 INFO o.a.j.t.JMeterThread: Thread started: Thread Group 1-1515
2026-09-11 01:31:20,777 INFO o.a.j.t.JMeterThread: Thread started: Thread Group 1-1513
2026-09-11 01:31:20,777 INFO o.a.j.t.JMeterThread: Thread started: Thread Group 1-1514
2026-09-11 01:31:20,777 INFO o.a.j.t.JMeterThread: Thread started: Thread Group 1-1516
2026-09-11 01:31:20,778 INFO o.a.j.t.JMeterThread: Thread started: Thread Group 1-1517
2026-09-11 01:31:20,778 INFO o.a.j.t.JMeterThread: Thread started: Thread Group 1-1518
2026-09-11 01:31:20,780 INFO o.a.j.t.JMeterThread: Thread started: Thread Group 1-1520
2026-09-11 01:31:20,782 INFO o.a.j.t.JMeterThread: Thread started: Thread Group 1-1519
2026-09-11 01:31:20,784 INFO o.a.j.t.JMeterThread: Thread started: Thread Group 1-1522
2026-09-11 01:31:20,784 INFO o.a.j.t.JMeterThread: Thread started: Thread Group 1-1521
2026-09-11 01:31:20,785 INFO o.a.j.t.JMeterThread: Thread started: Thread Group 1-1524
2026-09-11 01:31:20,787 INFO o.a.j.t.JMeterThread: Thread started: Thread Group 1-1523
2026-09-11 01:31:20,787 INFO o.a.j.t.JMeterThread: Thread started: Thread Group 1-1527
2026-09-11 01:31:20,789 INFO o.a.j.t.JMeterThread: Thread started: Thread Group 1-1526
2026-09-11 01:31:20,790 INFO o.a.j.t.JMeterThread: Thread started: Thread Group 1-1525
2026-09-11 01:31:20,791 INFO o.a.j.t.JMeterThread: Thread started: Thread Group 1-1528
2026-09-11 01:31:20,791 INFO o.a.j.t.JMeterThread: Thread started: Thread Group 1-1529
2026-09-11 01:31:20,792 INFO o.a.j.t.JMeterThread: Thread started: Thread Group 1-1532
2026-09-11 01:31:20,792 INFO o.a.j.t.JMeterThread: Thread started: Thread Group 1-1531
2026-09-11 01:31:20,827 INFO o.a.j.t.JMeterThread: Thread started: Thread Group 1-1566
2026-09-11 01:31:20,841 INFO o.a.j.t.JMeterThread: Thread started: Thread Group 1-1578
2026-09-11 01:31:20,828 INFO o.a.j.t.JMeterThread: Thread started: Thread Group 1-1568
2026-09-11 01:31:20,841 INFO o.a.j.t.JMeterThread: Thread started: Thread Group 1-1569
2026-09-11 01:31:20,842 INFO o.a.j.t.JMeterThread: Thread started: Thread Group 1-1567
2026-09-11 01:31:20,843 INFO o.a.j.t.JMeterThread: Thread started: Thread Group 1-1581
2026-09-11 01:31:20,843 INFO o.a.j.t.JMeterThread: Thread started: Thread Group 1-1579
2026-09-11 01:31:20,840 INFO o.a.j.t.JMeterThread: Thread started: Thread Group 1-1565
2026-09-11 01:31:20,840 INFO o.a.j.t.JMeterThread: Thread started: Thread Group 1-1563
2026-09-11 01:31:20,846 INFO o.a.j.t.JMeterThread: Thread started: Thread Group 1-1583
2026-09-11 01:31:20,840 INFO o.a.j.t.JMeterThread: Thread started: Thread Group 1-1562
2026-09-11 01:31:20,847 INFO o.a.j.t.JMeterThread: Thread started: Thread Group 1-1580
2026-09-11 01:31:20,848 INFO o.a.j.t.JMeterThread: Thread started: Thread Group 1-1586
2026-09-11 01:31:20,848 INFO o.a.j.t.JMeterThread: Thread started: Thread Group 1-1585
2026-09-11 01:31:20,839 INFO o.a.j.t.JMeterThread: Thread started: Thread Group 1-1564
2026-09-11 01:31:20,838 INFO o.a.j.t.JMeterThread: Thread started: Thread Group 1-1561
2026-09-11 01:31:20,838 INFO o.a.j.t.JMeterThread: Thread started: Thread Group 1-1560
2026-09-11 01:31:20,837 INFO o.a.j.t.JMeterThread: Thread started: Thread Group 1-1577
2026-09-11 01:31:20,837 INFO o.a.j.t.JMeterThread: Thread started: Thread Group 1-1555
2026-09-11 01:31:20,837 INFO o.a.j.t.JMeterThread: Thread started: Thread Group 1-1576
2026-09-11 01:31:20,837 INFO o.a.j.t.JMeterThread: Thread started: Thread Group 1-1557
2026-09-11 01:31:20,837 INFO o.a.j.t.JMeterThread: Thread started: Thread Group 1-1559
2026-09-11 01:31:20,837 INFO o.a.j.t.JMeterThread: Thread started: Thread Group 1-1574
2026-09-11 01:31:20,837 INFO o.a.j.t.JMeterThread: Thread started: Thread Group 1-1572
2026-09-11 01:31:20,836 INFO o.a.j.t.JMeterThread: Thread started: Thread Group 1-1573
2026-09-11 01:31:20,836 INFO o.a.j.t.JMeterThread: Thread started: Thread Group 1-1558
2026-09-11 01:31:20,836 INFO o.a.j.t.JMeterThread: Thread started: Thread Group 1-1575
2026-09-11 01:31:20,836 INFO o.a.j.t.JMeterThread: Thread started: Thread Group 1-1554
2026-09-11 01:31:20,835 INFO o.a.j.t.JMeterThread: Thread started: Thread Group 1-1556
2026-09-11 01:31:20,851 INFO o.a.j.t.JMeterThread: Thread started: Thread Group 1-1588
2026-09-11 01:31:20,851 INFO o.a.j.t.JMeterThread: Thread started: Thread Group 1-1589
2026-09-11 01:31:20,851 INFO o.a.j.t.JMeterThread: Thread started: Thread Group 1-1590
2026-09-11 01:31:20,835 INFO o.a.j.t.JMeterThread: Thread started: Thread Group 1-1552
2026-09-11 01:31:20,835 INFO o.a.j.t.JMeterThread: Thread started: Thread Group 1-1550
2026-09-11 01:31:20,835 INFO o.a.j.t.JMeterThread: Thread started: Thread Group 1-1553
2026-09-11 01:31:20,835 INFO o.a.j.t.JMeterThread: Thread started: Thread Group 1-1549
2026-09-11 01:31:20,835 INFO o.a.j.t.JMeterThread: Thread started: Thread Group 1-1548
2026-09-11 01:31:20,852 INFO o.a.j.t.JMeterThread: Thread started: Thread Group 1-1587
2026-09-11 01:31:20,834 INFO o.a.j.t.JMeterThread: Thread started: Thread Group 1-1551
2026-09-11 01:31:20,852 INFO o.a.j.t.JMeterThread: Thread started: Thread Group 1-1592
2026-09-11 01:31:20,852 INFO o.a.j.t.JMeterThread: Thread started: Thread Group 1-1591
2026-09-11 01:31:20,834 INFO o.a.j.t.JMeterThread: Thread started: Thread Group 1-1546
2026-09-11 01:31:20,834 INFO o.a.j.t.JMeterThread: Thread started: Thread Group 1-1571
2026-09-11 01:31:20,833 INFO o.a.j.t.JMeterThread: Thread started: Thread Group 1-1547
2026-09-11 01:31:20,833 INFO o.a.j.t.JMeterThread: Thread started: Thread Group 1-1543
2026-09-11 01:31:20,832 INFO o.a.j.t.JMeterThread: Thread started: Thread Group 1-1545
2026-09-11 01:31:20,832 INFO o.a.j.t.JMeterThread: Thread started: Thread Group 1-1542
2026-09-11 01:31:20,832 INFO o.a.j.t.JMeterThread: Thread started: Thread Group 1-1544
2026-09-11 01:31:20,831 INFO o.a.j.t.JMeterThread: Thread started: Thread Group 1-1541
2026-09-11 01:31:20,831 INFO o.a.j.t.JMeterThread: Thread started: Thread Group 1-1540
2026-09-11 01:31:20,853 INFO o.a.j.t.JMeterThread: Thread started: Thread Group 1-1593
2026-09-11 01:31:20,831 INFO o.a.j.t.JMeterThread: Thread started: Thread Group 1-1538
2026-09-11 01:31:20,831 INFO o.a.j.t.JMeterThread: Thread started: Thread Group 1-1570
2026-09-11 01:31:20,831 INFO o.a.j.t.JMeterThread: Thread started: Thread Group 1-1539
2026-09-11 01:31:20,831 INFO o.a.j.t.JMeterThread: Thread started: Thread Group 1-1535
2026-09-11 01:31:20,829 INFO o.a.j.t.JMeterThread: Thread started: Thread Group 1-1536
2026-09-11 01:31:20,855 INFO o.a.j.t.JMeterThread: Thread started: Thread Group 1-1594
2026-09-11 01:31:20,829 INFO o.a.j.t.JMeterThread: Thread started: Thread Group 1-1537
2026-09-11 01:31:20,829 INFO o.a.j.t.JMeterThread: Thread started: Thread Group 1-1534
2026-09-11 01:31:20,828 INFO o.a.j.t.JMeterThread: Thread started: Thread Group 1-1530
2026-09-11 01:31:20,855 INFO o.a.j.t.JMeterThread: Thread started: Thread Group 1-1595
2026-09-11 01:31:20,828 INFO o.a.j.t.JMeterThread: Thread started: Thread Group 1-1533
2026-09-11 01:31:20,849 INFO o.a.j.t.JMeterThread: Thread started: Thread Group 1-1584
2026-09-11 01:31:20,848 INFO o.a.j.t.JMeterThread: Thread started: Thread Group 1-1582
2026-09-11 01:31:20,859 INFO o.a.j.t.JMeterThread: Thread started: Thread Group 1-1596
2026-09-11 01:31:20,859 INFO o.a.j.t.JMeterThread: Thread started: Thread Group 1-1597
2026-09-11 01:31:20,859 INFO o.a.j.t.JMeterThread: Thread started: Thread Group 1-1600
2026-09-11 01:31:20,861 INFO o.a.j.t.JMeterThread: Thread started: Thread Group 1-1598
2026-09-11 01:31:20,861 INFO o.a.j.t.JMeterThread: Thread started: Thread Group 1-1599
2026-09-11 01:31:20,863 INFO o.a.j.t.JMeterThread: Thread started: Thread Group 1-1601
2026-09-11 01:31:20,863 INFO o.a.j.t.JMeterThread: Thread started: Thread Group 1-1602
2026-09-11 01:31:20,865 INFO o.a.j.t.JMeterThread: Thread started: Thread Group 1-1604
2026-09-11 01:31:20,865 INFO o.a.j.t.JMeterThread: Thread started: Thread Group 1-1603
2026-09-11 01:31:20,866 INFO o.a.j.t.JMeterThread: Thread started: Thread Group 1-1605
2026-09-11 01:31:20,868 INFO o.a.j.t.JMeterThread: Thread started: Thread Group 1-1606
2026-09-11 01:31:20,869 INFO o.a.j.t.JMeterThread: Thread started: Thread Group 1-1608
2026-09-11 01:31:20,870 INFO o.a.j.t.JMeterThread: Thread started: Thread Group 1-1609
2026-09-11 01:31:20,870 INFO o.a.j.t.JMeterThread: Thread started: Thread Group 1-1607
2026-09-11 01:31:20,872 INFO o.a.j.t.JMeterThread: Thread started: Thread Group 1-1611
2026-09-11 01:31:20,872 INFO o.a.j.t.JMeterThread: Thread started: Thread Group 1-1610
2026-09-11 01:31:20,874 INFO o.a.j.t.JMeterThread: Thread started: Thread Group 1-1613
2026-09-11 01:31:20,874 INFO o.a.j.t.JMeterThread: Thread started: Thread Group 1-1612
2026-09-11 01:31:20,874 INFO o.a.j.t.JMeterThread: Thread started: Thread Group 1-1614
2026-09-11 01:31:20,876 INFO o.a.j.t.JMeterThread: Thread started: Thread Group 1-1617
2026-09-11 01:31:20,877 INFO o.a.j.t.JMeterThread: Thread started: Thread Group 1-1615
2026-09-11 01:31:20,878 INFO o.a.j.t.JMeterThread: Thread started: Thread Group 1-1619
2026-09-11 01:31:20,878 INFO o.a.j.t.JMeterThread: Thread started: Thread Group 1-1618
2026-09-11 01:31:20,880 INFO o.a.j.t.JMeterThread: Thread started: Thread Group 1-1616
2026-09-11 01:31:20,881 INFO o.a.j.t.JMeterThread: Thread started: Thread Group 1-1621
2026-09-11 01:31:20,882 INFO o.a.j.t.JMeterThread: Thread started: Thread Group 1-1622
2026-09-11 01:31:20,883 INFO o.a.j.t.JMeterThread: Thread started: Thread Group 1-1623
2026-09-11 01:31:20,883 INFO o.a.j.t.JMeterThread: Thread started: Thread Group 1-1620
2026-09-11 01:31:20,883 INFO o.a.j.t.JMeterThread: Thread started: Thread Group 1-1624
2026-09-11 01:31:20,885 INFO o.a.j.t.JMeterThread: Thread started: Thread Group 1-1626
2026-09-11 01:31:20,886 INFO o.a.j.t.JMeterThread: Thread started: Thread Group 1-1625
2026-09-11 01:31:20,888 INFO o.a.j.t.JMeterThread: Thread started: Thread Group 1-1627
2026-09-11 01:31:20,890 INFO o.a.j.t.JMeterThread: Thread started: Thread Group 1-1629
2026-09-11 01:31:20,890 INFO o.a.j.t.JMeterThread: Thread started: Thread Group 1-1628
2026-09-11 01:31:20,891 INFO o.a.j.t.JMeterThread: Thread started: Thread Group 1-1630
2026-09-11 01:31:20,895 INFO o.a.j.t.JMeterThread: Thread started: Thread Group 1-1631
2026-09-11 01:31:20,895 INFO o.a.j.t.JMeterThread: Thread started: Thread Group 1-1634
2026-09-11 01:31:20,897 INFO o.a.j.t.JMeterThread: Thread started: Thread Group 1-1633
2026-09-11 01:31:20,897 INFO o.a.j.t.JMeterThread: Thread started: Thread Group 1-1632
2026-09-11 01:31:20,899 INFO o.a.j.t.JMeterThread: Thread started: Thread Group 1-1638
2026-09-11 01:31:20,900 INFO o.a.j.t.JMeterThread: Thread started: Thread Group 1-1635
2026-09-11 01:31:20,902 INFO o.a.j.t.JMeterThread: Thread started: Thread Group 1-1637
2026-09-11 01:31:20,903 INFO o.a.j.t.JMeterThread: Thread started: Thread Group 1-1639
2026-09-11 01:31:20,905 INFO o.a.j.t.JMeterThread: Thread started: Thread Group 1-1640
2026-09-11 01:31:20,905 INFO o.a.j.t.JMeterThread: Thread started: Thread Group 1-1641
2026-09-11 01:31:20,906 INFO o.a.j.t.JMeterThread: Thread started: Thread Group 1-1643
2026-09-11 01:31:20,908 INFO o.a.j.t.JMeterThread: Thread started: Thread Group 1-1645
2026-09-11 01:31:20,908 INFO o.a.j.t.JMeterThread: Thread started: Thread Group 1-1646
2026-09-11 01:31:20,908 INFO o.a.j.t.JMeterThread: Thread started: Thread Group 1-1636
2026-09-11 01:31:20,908 INFO o.a.j.t.JMeterThread: Thread started: Thread Group 1-1644
2026-09-11 01:31:20,909 INFO o.a.j.t.JMeterThread: Thread started: Thread Group 1-1647
2026-09-11 01:31:20,911 INFO o.a.j.t.JMeterThread: Thread started: Thread Group 1-1649
2026-09-11 01:31:20,911 INFO o.a.j.t.JMeterThread: Thread started: Thread Group 1-1650
2026-09-11 01:31:20,911 INFO o.a.j.t.JMeterThread: Thread started: Thread Group 1-1648
2026-09-11 01:31:20,911 INFO o.a.j.t.JMeterThread: Thread started: Thread Group 1-1642
2026-09-11 01:31:20,913 INFO o.a.j.t.JMeterThread: Thread started: Thread Group 1-1652
2026-09-11 01:31:20,915 INFO o.a.j.t.JMeterThread: Thread started: Thread Group 1-1651
2026-09-11 01:31:20,916 INFO o.a.j.t.JMeterThread: Thread started: Thread Group 1-1653
2026-09-11 01:31:20,916 INFO o.a.j.t.JMeterThread: Thread started: Thread Group 1-1654
2026-09-11 01:31:20,917 INFO o.a.j.t.JMeterThread: Thread started: Thread Group 1-1655
2026-09-11 01:31:20,917 INFO o.a.j.t.JMeterThread: Thread started: Thread Group 1-1656
2026-09-11 01:31:20,919 INFO o.a.j.t.JMeterThread: Thread started: Thread Group 1-1657
2026-09-11 01:31:20,921 INFO o.a.j.t.JMeterThread: Thread started: Thread Group 1-1659
2026-09-11 01:31:20,921 INFO o.a.j.t.JMeterThread: Thread started: Thread Group 1-1661
2026-09-11 01:31:20,923 INFO o.a.j.t.JMeterThread: Thread started: Thread Group 1-1658
2026-09-11 01:31:20,923 INFO o.a.j.t.JMeterThread: Thread started: Thread Group 1-1662
2026-09-11 01:31:20,924 INFO o.a.j.t.JMeterThread: Thread started: Thread Group 1-1663
2026-09-11 01:31:20,925 INFO o.a.j.t.JMeterThread: Thread started: Thread Group 1-1660
2026-09-11 01:31:20,925 INFO o.a.j.t.JMeterThread: Thread started: Thread Group 1-1664
2026-09-11 01:31:20,925 INFO o.a.j.t.JMeterThread: Thread started: Thread Group 1-1665
2026-09-11 01:31:20,928 INFO o.a.j.t.JMeterThread: Thread started: Thread Group 1-1668
2026-09-11 01:31:20,930 INFO o.a.j.t.JMeterThread: Thread started: Thread Group 1-1667
2026-09-11 01:31:20,930 INFO o.a.j.t.JMeterThread: Thread started: Thread Group 1-1666
2026-09-11 01:31:20,930 INFO o.a.j.t.JMeterThread: Thread started: Thread Group 1-1669
2026-09-11 01:31:20,934 INFO o.a.j.t.JMeterThread: Thread started: Thread Group 1-1671
2026-09-11 01:31:20,934 INFO o.a.j.t.JMeterThread: Thread started: Thread Group 1-1673
2026-09-11 01:31:20,934 INFO o.a.j.t.JMeterThread: Thread started: Thread Group 1-1670
2026-09-11 01:31:20,936 INFO o.a.j.t.JMeterThread: Thread started: Thread Group 1-1672
2026-09-11 01:31:20,937 INFO o.a.j.t.JMeterThread: Thread started: Thread Group 1-1677
2026-09-11 01:31:20,937 INFO o.a.j.t.JMeterThread: Thread started: Thread Group 1-1675
2026-09-11 01:31:20,938 INFO o.a.j.t.JMeterThread: Thread started: Thread Group 1-1676
2026-09-11 01:31:20,938 INFO o.a.j.t.JMeterThread: Thread started: Thread Group 1-1674
2026-09-11 01:31:20,940 INFO o.a.j.t.JMeterThread: Thread started: Thread Group 1-1681
2026-09-11 01:31:20,940 INFO o.a.j.t.JMeterThread: Thread started: Thread Group 1-1678
2026-09-11 01:31:20,941 INFO o.a.j.t.JMeterThread: Thread started: Thread Group 1-1679
2026-09-11 01:31:20,941 INFO o.a.j.t.JMeterThread: Thread started: Thread Group 1-1682
2026-09-11 01:31:20,944 INFO o.a.j.t.JMeterThread: Thread started: Thread Group 1-1680
2026-09-11 01:31:20,945 INFO o.a.j.t.JMeterThread: Thread started: Thread Group 1-1683
2026-09-11 01:31:20,946 INFO o.a.j.t.JMeterThread: Thread started: Thread Group 1-1684
2026-09-11 01:31:20,949 INFO o.a.j.t.JMeterThread: Thread started: Thread Group 1-1685
2026-09-11 01:31:20,949 INFO o.a.j.t.JMeterThread: Thread started: Thread Group 1-1688
2026-09-11 01:31:20,950 INFO o.a.j.t.JMeterThread: Thread started: Thread Group 1-1686
2026-09-11 01:31:20,950 INFO o.a.j.t.JMeterThread: Thread started: Thread Group 1-1689
2026-09-11 01:31:20,950 INFO o.a.j.t.JMeterThread: Thread started: Thread Group 1-1687
2026-09-11 01:31:20,951 INFO o.a.j.t.JMeterThread: Thread started: Thread Group 1-1690
2026-09-11 01:31:20,953 INFO o.a.j.t.JMeterThread: Thread started: Thread Group 1-1692
2026-09-11 01:31:20,953 INFO o.a.j.t.JMeterThread: Thread started: Thread Group 1-1693
2026-09-11 01:31:20,954 INFO o.a.j.t.JMeterThread: Thread started: Thread Group 1-1694
2026-09-11 01:31:20,955 INFO o.a.j.t.JMeterThread: Thread started: Thread Group 1-1691
2026-09-11 01:31:20,957 INFO o.a.j.t.JMeterThread: Thread started: Thread Group 1-1697
2026-09-11 01:31:20,958 INFO o.a.j.t.JMeterThread: Thread started: Thread Group 1-1695
2026-09-11 01:31:20,960 INFO o.a.j.t.JMeterThread: Thread started: Thread Group 1-1698
2026-09-11 01:31:20,960 INFO o.a.j.t.JMeterThread: Thread started: Thread Group 1-1696
2026-09-11 01:31:20,960 INFO o.a.j.t.JMeterThread: Thread started: Thread Group 1-1700
2026-09-11 01:31:20,962 INFO o.a.j.t.JMeterThread: Thread started: Thread Group 1-1701
2026-09-11 01:31:20,962 INFO o.a.j.t.JMeterThread: Thread started: Thread Group 1-1699
2026-09-11 01:31:20,964 INFO o.a.j.t.JMeterThread: Thread started: Thread Group 1-1702
2026-09-11 01:31:20,965 INFO o.a.j.t.JMeterThread: Thread started: Thread Group 1-1704
2026-09-11 01:31:20,965 INFO o.a.j.t.JMeterThread: Thread started: Thread Group 1-1703
2026-09-11 01:31:20,965 INFO o.a.j.t.JMeterThread: Thread started: Thread Group 1-1705
2026-09-11 01:31:20,968 INFO o.a.j.t.JMeterThread: Thread started: Thread Group 1-1708
2026-09-11 01:31:20,970 INFO o.a.j.t.JMeterThread: Thread started: Thread Group 1-1707
2026-09-11 01:31:20,970 INFO o.a.j.t.JMeterThread: Thread started: Thread Group 1-1706
2026-09-11 01:31:20,971 INFO o.a.j.t.JMeterThread: Thread started: Thread Group 1-1710
2026-09-11 01:31:20,972 INFO o.a.j.t.JMeterThread: Thread started: Thread Group 1-1709
2026-09-11 01:31:20,973 INFO o.a.j.t.JMeterThread: Thread started: Thread Group 1-1712
2026-09-11 01:31:20,974 INFO o.a.j.t.JMeterThread: Thread started: Thread Group 1-1711
2026-09-11 01:31:20,975 INFO o.a.j.t.JMeterThread: Thread started: Thread Group 1-1716
2026-09-11 01:31:20,977 INFO o.a.j.t.JMeterThread: Thread started: Thread Group 1-1713
2026-09-11 01:31:20,978 INFO o.a.j.t.JMeterThread: Thread started: Thread Group 1-1715
2026-09-11 01:31:20,978 INFO o.a.j.t.JMeterThread: Thread started: Thread Group 1-1714
2026-09-11 01:31:20,981 INFO o.a.j.t.JMeterThread: Thread started: Thread Group 1-1717
2026-09-11 01:31:20,981 INFO o.a.j.t.JMeterThread: Thread started: Thread Group 1-1719
2026-09-11 01:31:20,981 INFO o.a.j.t.JMeterThread: Thread started: Thread Group 1-1718
2026-09-11 01:31:20,981 INFO o.a.j.t.JMeterThread: Thread started: Thread Group 1-1720
2026-09-11 01:31:20,982 INFO o.a.j.t.JMeterThread: Thread started: Thread Group 1-1721
2026-09-11 01:31:20,984 INFO o.a.j.t.JMeterThread: Thread started: Thread Group 1-1723
2026-09-11 01:31:20,986 INFO o.a.j.t.JMeterThread: Thread started: Thread Group 1-1722
2026-09-11 01:31:20,987 INFO o.a.j.t.JMeterThread: Thread started: Thread Group 1-1725
2026-09-11 01:31:20,987 INFO o.a.j.t.JMeterThread: Thread started: Thread Group 1-1724
2026-09-11 01:31:20,988 INFO o.a.j.t.JMeterThread: Thread started: Thread Group 1-1726
2026-09-11 01:31:20,989 INFO o.a.j.t.JMeterThread: Thread started: Thread Group 1-1727
2026-09-11 01:31:20,989 INFO o.a.j.t.JMeterThread: Thread started: Thread Group 1-1728
2026-09-11 01:31:20,990 INFO o.a.j.t.JMeterThread: Thread started: Thread Group 1-1730
2026-09-11 01:31:20,994 INFO o.a.j.t.JMeterThread: Thread started: Thread Group 1-1729
2026-09-11 01:31:21,010 INFO o.a.j.t.JMeterThread: Thread started: Thread Group 1-1747
2026-09-11 01:31:21,011 INFO o.a.j.t.JMeterThread: Thread started: Thread Group 1-1749
2026-09-11 01:31:21,011 INFO o.a.j.t.JMeterThread: Thread started: Thread Group 1-1751
2026-09-11 01:31:21,010 INFO o.a.j.t.JMeterThread: Thread started: Thread Group 1-1745
2026-09-11 01:31:21,013 INFO o.a.j.t.JMeterThread: Thread started: Thread Group 1-1748
2026-09-11 01:31:21,013 INFO o.a.j.t.JMeterThread: Thread started: Thread Group 1-1750
2026-09-11 01:31:21,015 INFO o.a.j.t.JMeterThread: Thread started: Thread Group 1-1731
2026-09-11 01:31:21,015 INFO o.a.j.t.JMeterThread: Thread started: Thread Group 1-1732
2026-09-11 01:31:21,016 INFO o.a.j.t.JMeterThread: Thread started: Thread Group 1-1752
2026-09-11 01:31:21,017 INFO o.a.j.t.JMeterThread: Thread started: Thread Group 1-1753
2026-09-11 01:31:21,018 INFO o.a.j.t.JMeterThread: Thread started: Thread Group 1-1754
2026-09-11 01:31:21,018 INFO o.a.j.t.JMeterThread: Thread started: Thread Group 1-1756
2026-09-11 01:31:21,018 INFO o.a.j.t.JMeterThread: Thread started: Thread Group 1-1757
2026-09-11 01:31:21,021 INFO o.a.j.t.JMeterThread: Thread started: Thread Group 1-1755
2026-09-11 01:31:21,022 INFO o.a.j.t.JMeterThread: Thread started: Thread Group 1-1738
2026-09-11 01:31:21,023 INFO o.a.j.t.JMeterThread: Thread started: Thread Group 1-1743
2026-09-11 01:31:21,023 INFO o.a.j.t.JMeterThread: Thread started: Thread Group 1-1735
2026-09-11 01:31:21,023 INFO o.a.j.t.JMeterThread: Thread started: Thread Group 1-1734
2026-09-11 01:31:21,023 INFO o.a.j.t.JMeterThread: Thread started: Thread Group 1-1761
2026-09-11 01:31:21,024 INFO o.a.j.t.JMeterThread: Thread started: Thread Group 1-1733
2026-09-11 01:31:21,022 INFO o.a.j.t.JMeterThread: Thread started: Thread Group 1-1739
2026-09-11 01:31:21,024 INFO o.a.j.t.JMeterThread: Thread started: Thread Group 1-1742
2026-09-11 01:31:21,024 INFO o.a.j.t.JMeterThread: Thread started: Thread Group 1-1740
2026-09-11 01:31:21,024 INFO o.a.j.t.JMeterThread: Thread started: Thread Group 1-1758
2026-09-11 01:31:21,022 INFO o.a.j.t.JMeterThread: Thread started: Thread Group 1-1759
2026-09-11 01:31:21,024 INFO o.a.j.t.JMeterThread: Thread started: Thread Group 1-1737
2026-09-11 01:31:21,024 INFO o.a.j.t.JMeterThread: Thread started: Thread Group 1-1764
2026-09-11 01:31:21,023 INFO o.a.j.t.JMeterThread: Thread started: Thread Group 1-1736
2026-09-11 01:31:21,025 INFO o.a.j.t.JMeterThread: Thread started: Thread Group 1-1760
2026-09-11 01:31:21,025 INFO o.a.j.t.JMeterThread: Thread started: Thread Group 1-1765
2026-09-11 01:31:21,025 INFO o.a.j.t.JMeterThread: Thread started: Thread Group 1-1741
2026-09-11 01:31:21,026 INFO o.a.j.t.JMeterThread: Thread started: Thread Group 1-1746
2026-09-11 01:31:21,026 INFO o.a.j.t.JMeterThread: Thread started: Thread Group 1-1762
2026-09-11 01:31:21,025 INFO o.a.j.t.JMeterThread: Thread started: Thread Group 1-1744
2026-09-11 01:31:21,026 INFO o.a.j.t.JMeterThread: Thread started: Thread Group 1-1766
2026-09-11 01:31:21,027 INFO o.a.j.t.JMeterThread: Thread started: Thread Group 1-1763
2026-09-11 01:31:21,029 INFO o.a.j.t.JMeterThread: Thread started: Thread Group 1-1767
2026-09-11 01:31:21,029 INFO o.a.j.t.JMeterThread: Thread started: Thread Group 1-1769
2026-09-11 01:31:21,029 INFO o.a.j.t.JMeterThread: Thread started: Thread Group 1-1768
2026-09-11 01:31:21,031 INFO o.a.j.t.JMeterThread: Thread started: Thread Group 1-1770
2026-09-11 01:31:21,032 INFO o.a.j.t.JMeterThread: Thread started: Thread Group 1-1772
2026-09-11 01:31:21,033 INFO o.a.j.t.JMeterThread: Thread started: Thread Group 1-1771
2026-09-11 01:31:21,038 INFO o.a.j.t.JMeterThread: Thread started: Thread Group 1-1774
2026-09-11 01:31:21,038 INFO o.a.j.t.JMeterThread: Thread started: Thread Group 1-1773
2026-09-11 01:31:21,041 INFO o.a.j.t.JMeterThread: Thread started: Thread Group 1-1775
2026-09-11 01:31:21,041 INFO o.a.j.t.JMeterThread: Thread started: Thread Group 1-1776
2026-09-11 01:31:21,043 INFO o.a.j.t.JMeterThread: Thread started: Thread Group 1-1777
2026-09-11 01:31:21,045 INFO o.a.j.t.JMeterThread: Thread started: Thread Group 1-1778
2026-09-11 01:31:21,047 INFO o.a.j.t.JMeterThread: Thread started: Thread Group 1-1779
2026-09-11 01:31:21,047 INFO o.a.j.t.JMeterThread: Thread started: Thread Group 1-1783
2026-09-11 01:31:21,047 INFO o.a.j.t.JMeterThread: Thread started: Thread Group 1-1780
2026-09-11 01:31:21,047 INFO o.a.j.t.JMeterThread: Thread started: Thread Group 1-1782
2026-09-11 01:31:21,047 INFO o.a.j.t.JMeterThread: Thread started: Thread Group 1-1784
2026-09-11 01:31:21,051 INFO o.a.j.t.JMeterThread: Thread started: Thread Group 1-1786
2026-09-11 01:31:21,051 INFO o.a.j.t.JMeterThread: Thread started: Thread Group 1-1781
2026-09-11 01:31:21,051 INFO o.a.j.t.JMeterThread: Thread started: Thread Group 1-1789
2026-09-11 01:31:21,051 INFO o.a.j.t.JMeterThread: Thread started: Thread Group 1-1787
2026-09-11 01:31:21,052 INFO o.a.j.t.JMeterThread: Thread started: Thread Group 1-1788
2026-09-11 01:31:21,051 INFO o.a.j.t.JMeterThread: Thread started: Thread Group 1-1785
2026-09-11 01:31:21,052 INFO o.a.j.t.JMeterThread: Thread started: Thread Group 1-1790
2026-09-11 01:31:21,053 INFO o.a.j.t.JMeterThread: Thread started: Thread Group 1-1792
2026-09-11 01:31:21,054 INFO o.a.j.t.JMeterThread: Thread started: Thread Group 1-1793
2026-09-11 01:31:21,055 INFO o.a.j.t.JMeterThread: Thread started: Thread Group 1-1791
2026-09-11 01:31:21,056 INFO o.a.j.t.JMeterThread: Thread started: Thread Group 1-1794
2026-09-11 01:31:21,058 INFO o.a.j.t.JMeterThread: Thread started: Thread Group 1-1795
2026-09-11 01:31:21,059 INFO o.a.j.t.JMeterThread: Thread started: Thread Group 1-1799
2026-09-11 01:31:21,059 INFO o.a.j.t.JMeterThread: Thread started: Thread Group 1-1797
2026-09-11 01:31:21,060 INFO o.a.j.t.JMeterThread: Thread started: Thread Group 1-1796
2026-09-11 01:31:21,062 INFO o.a.j.t.JMeterThread: Thread started: Thread Group 1-1798
2026-09-11 01:31:21,062 INFO o.a.j.t.JMeterThread: Thread started: Thread Group 1-1801
2026-09-11 01:31:21,063 INFO o.a.j.t.JMeterThread: Thread started: Thread Group 1-1800
2026-09-11 01:31:21,063 INFO o.a.j.t.JMeterThread: Thread started: Thread Group 1-1802
2026-09-11 01:31:21,063 INFO o.a.j.t.JMeterThread: Thread started: Thread Group 1-1804
2026-09-11 01:31:21,064 INFO o.a.j.t.JMeterThread: Thread started: Thread Group 1-1803
2026-09-11 01:31:21,066 INFO o.a.j.t.JMeterThread: Thread started: Thread Group 1-1805
2026-09-11 01:31:21,066 INFO o.a.j.t.JMeterThread: Thread started: Thread Group 1-1806
2026-09-11 01:31:21,068 INFO o.a.j.t.JMeterThread: Thread started: Thread Group 1-1807
2026-09-11 01:31:21,070 INFO o.a.j.t.JMeterThread: Thread started: Thread Group 1-1809
2026-09-11 01:31:21,070 INFO o.a.j.t.JMeterThread: Thread started: Thread Group 1-1808
2026-09-11 01:31:21,072 INFO o.a.j.t.JMeterThread: Thread started: Thread Group 1-1812
2026-09-11 01:31:21,074 INFO o.a.j.t.JMeterThread: Thread started: Thread Group 1-1813
2026-09-11 01:31:21,074 INFO o.a.j.t.JMeterThread: Thread started: Thread Group 1-1814
2026-09-11 01:31:21,075 INFO o.a.j.t.JMeterThread: Thread started: Thread Group 1-1810
2026-09-11 01:31:21,075 INFO o.a.j.t.JMeterThread: Thread started: Thread Group 1-1811
2026-09-11 01:31:21,076 INFO o.a.j.t.JMeterThread: Thread started: Thread Group 1-1815
2026-09-11 01:31:21,076 INFO o.a.j.t.JMeterThread: Thread started: Thread Group 1-1816
2026-09-11 01:31:21,079 INFO o.a.j.t.JMeterThread: Thread started: Thread Group 1-1819
2026-09-11 01:31:21,081 INFO o.a.j.t.JMeterThread: Thread started: Thread Group 1-1821
2026-09-11 01:31:21,081 INFO o.a.j.t.JMeterThread: Thread started: Thread Group 1-1817
2026-09-11 01:31:21,081 INFO o.a.j.t.JMeterThread: Thread started: Thread Group 1-1822
2026-09-11 01:31:21,081 INFO o.a.j.t.JMeterThread: Thread started: Thread Group 1-1820
2026-09-11 01:31:21,081 INFO o.a.j.t.JMeterThread: Thread started: Thread Group 1-1818
2026-09-11 01:31:21,083 INFO o.a.j.t.JMeterThread: Thread started: Thread Group 1-1823
2026-09-11 01:31:21,087 INFO o.a.j.t.JMeterThread: Thread started: Thread Group 1-1826
2026-09-11 01:31:21,088 INFO o.a.j.t.JMeterThread: Thread started: Thread Group 1-1824
2026-09-11 01:31:21,088 INFO o.a.j.t.JMeterThread: Thread started: Thread Group 1-1825
2026-09-11 01:31:21,090 INFO o.a.j.t.JMeterThread: Thread started: Thread Group 1-1827
2026-09-11 01:31:21,090 INFO o.a.j.t.JMeterThread: Thread started: Thread Group 1-1828
2026-09-11 01:31:21,091 INFO o.a.j.t.JMeterThread: Thread started: Thread Group 1-1829
2026-09-11 01:31:21,091 INFO o.a.j.t.JMeterThread: Thread started: Thread Group 1-1830
2026-09-11 01:31:21,091 INFO o.a.j.t.JMeterThread: Thread started: Thread Group 1-1831
2026-09-11 01:31:21,092 INFO o.a.j.t.JMeterThread: Thread started: Thread Group 1-1832
2026-09-11 01:31:21,093 INFO o.a.j.t.JMeterThread: Thread started: Thread Group 1-1834
2026-09-11 01:31:21,095 INFO o.a.j.t.JMeterThread: Thread started: Thread Group 1-1833
2026-09-11 01:31:21,096 INFO o.a.j.t.JMeterThread: Thread started: Thread Group 1-1836
2026-09-11 01:31:21,097 INFO o.a.j.t.JMeterThread: Thread started: Thread Group 1-1838
2026-09-11 01:31:21,098 INFO o.a.j.t.JMeterThread: Thread started: Thread Group 1-1837
2026-09-11 01:31:21,099 INFO o.a.j.t.JMeterThread: Thread started: Thread Group 1-1835
2026-09-11 01:31:21,102 INFO o.a.j.t.JMeterThread: Thread started: Thread Group 1-1841
2026-09-11 01:31:21,103 INFO o.a.j.t.JMeterThread: Thread started: Thread Group 1-1843
2026-09-11 01:31:21,103 INFO o.a.j.t.JMeterThread: Thread started: Thread Group 1-1844
2026-09-11 01:31:21,103 INFO o.a.j.t.JMeterThread: Thread started: Thread Group 1-1840
2026-09-11 01:31:21,104 INFO o.a.j.t.JMeterThread: Thread started: Thread Group 1-1842
2026-09-11 01:31:21,104 INFO o.a.j.t.JMeterThread: Thread started: Thread Group 1-1839
2026-09-11 01:31:21,108 INFO o.a.j.t.JMeterThread: Thread started: Thread Group 1-1845
2026-09-11 01:31:21,108 INFO o.a.j.t.JMeterThread: Thread started: Thread Group 1-1846
2026-09-11 01:31:21,109 INFO o.a.j.t.JMeterThread: Thread started: Thread Group 1-1849
2026-09-11 01:31:21,111 INFO o.a.j.t.JMeterThread: Thread started: Thread Group 1-1847
2026-09-11 01:31:21,112 INFO o.a.j.t.JMeterThread: Thread started: Thread Group 1-1848
2026-09-11 01:31:21,112 INFO o.a.j.t.JMeterThread: Thread started: Thread Group 1-1850
2026-09-11 01:31:21,112 INFO o.a.j.t.JMeterThread: Thread started: Thread Group 1-1852
2026-09-11 01:31:21,114 INFO o.a.j.t.JMeterThread: Thread started: Thread Group 1-1854
2026-09-11 01:31:21,115 INFO o.a.j.t.JMeterThread: Thread started: Thread Group 1-1851
2026-09-11 01:31:21,115 INFO o.a.j.t.JMeterThread: Thread started: Thread Group 1-1853
2026-09-11 01:31:21,115 INFO o.a.j.t.JMeterThread: Thread started: Thread Group 1-1855
2026-09-11 01:31:21,117 INFO o.a.j.t.JMeterThread: Thread started: Thread Group 1-1857
2026-09-11 01:31:21,119 INFO o.a.j.t.JMeterThread: Thread started: Thread Group 1-1856
2026-09-11 01:31:21,121 INFO o.a.j.t.JMeterThread: Thread started: Thread Group 1-1859
2026-09-11 01:31:21,122 INFO o.a.j.t.JMeterThread: Thread started: Thread Group 1-1858
2026-09-11 01:31:21,122 INFO o.a.j.t.JMeterThread: Thread started: Thread Group 1-1860
2026-09-11 01:31:21,123 INFO o.a.j.t.JMeterThread: Thread started: Thread Group 1-1861
2026-09-11 01:31:21,125 INFO o.a.j.t.JMeterThread: Thread started: Thread Group 1-1866
2026-09-11 01:31:21,126 INFO o.a.j.t.JMeterThread: Thread started: Thread Group 1-1862
2026-09-11 01:31:21,126 INFO o.a.j.t.JMeterThread: Thread started: Thread Group 1-1863
2026-09-11 01:31:21,128 INFO o.a.j.t.JMeterThread: Thread started: Thread Group 1-1864
2026-09-11 01:31:21,129 INFO o.a.j.t.JMeterThread: Thread started: Thread Group 1-1865
2026-09-11 01:31:21,129 INFO o.a.j.t.JMeterThread: Thread started: Thread Group 1-1868
2026-09-11 01:31:21,129 INFO o.a.j.t.JMeterThread: Thread started: Thread Group 1-1867
2026-09-11 01:31:21,132 INFO o.a.j.t.JMeterThread: Thread started: Thread Group 1-1869
2026-09-11 01:31:21,134 INFO o.a.j.t.JMeterThread: Thread started: Thread Group 1-1870
2026-09-11 01:31:21,134 INFO o.a.j.t.JMeterThread: Thread started: Thread Group 1-1871
2026-09-11 01:31:21,134 INFO o.a.j.t.JMeterThread: Thread started: Thread Group 1-1872
2026-09-11 01:31:21,134 INFO o.a.j.t.JMeterThread: Thread started: Thread Group 1-1875
2026-09-11 01:31:21,136 INFO o.a.j.t.JMeterThread: Thread started: Thread Group 1-1874
2026-09-11 01:31:21,137 INFO o.a.j.t.JMeterThread: Thread started: Thread Group 1-1873
2026-09-11 01:31:21,139 INFO o.a.j.t.JMeterThread: Thread started: Thread Group 1-1876
2026-09-11 01:31:21,140 INFO o.a.j.t.JMeterThread: Thread started: Thread Group 1-1878
2026-09-11 01:31:21,140 INFO o.a.j.t.JMeterThread: Thread started: Thread Group 1-1880
2026-09-11 01:31:21,141 INFO o.a.j.t.JMeterThread: Thread started: Thread Group 1-1879
2026-09-11 01:31:21,141 INFO o.a.j.t.JMeterThread: Thread started: Thread Group 1-1877
2026-09-11 01:31:21,143 INFO o.a.j.t.JMeterThread: Thread started: Thread Group 1-1881
2026-09-11 01:31:21,145 INFO o.a.j.t.JMeterThread: Thread started: Thread Group 1-1882
2026-09-11 01:31:21,145 INFO o.a.j.t.JMeterThread: Thread started: Thread Group 1-1883
2026-09-11 01:31:21,146 INFO o.a.j.t.JMeterThread: Thread started: Thread Group 1-1884
2026-09-11 01:31:21,149 INFO o.a.j.t.JMeterThread: Thread started: Thread Group 1-1887
2026-09-11 01:31:21,150 INFO o.a.j.t.JMeterThread: Thread started: Thread Group 1-1885
2026-09-11 01:31:21,150 INFO o.a.j.t.JMeterThread: Thread started: Thread Group 1-1886
2026-09-11 01:31:21,150 INFO o.a.j.t.JMeterThread: Thread started: Thread Group 1-1889
2026-09-11 01:31:21,152 INFO o.a.j.t.JMeterThread: Thread started: Thread Group 1-1888
2026-09-11 01:31:21,153 INFO o.a.j.t.JMeterThread: Thread started: Thread Group 1-1890
2026-09-11 01:31:21,154 INFO o.a.j.t.JMeterThread: Thread started: Thread Group 1-1894
2026-09-11 01:31:21,156 INFO o.a.j.t.JMeterThread: Thread started: Thread Group 1-1892
2026-09-11 01:31:21,156 INFO o.a.j.t.JMeterThread: Thread started: Thread Group 1-1891
2026-09-11 01:31:21,156 INFO o.a.j.t.JMeterThread: Thread started: Thread Group 1-1895
2026-09-11 01:31:21,156 INFO o.a.j.t.JMeterThread: Thread started: Thread Group 1-1893
2026-09-11 01:31:21,157 INFO o.a.j.t.JMeterThread: Thread started: Thread Group 1-1898
2026-09-11 01:31:21,158 INFO o.a.j.t.JMeterThread: Thread started: Thread Group 1-1897
2026-09-11 01:31:21,160 INFO o.a.j.t.JMeterThread: Thread started: Thread Group 1-1896
2026-09-11 01:31:21,160 INFO o.a.j.t.JMeterThread: Thread started: Thread Group 1-1901
2026-09-11 01:31:21,162 INFO o.a.j.t.JMeterThread: Thread started: Thread Group 1-1900
2026-09-11 01:31:21,162 INFO o.a.j.t.JMeterThread: Thread started: Thread Group 1-1899
2026-09-11 01:31:21,163 INFO o.a.j.t.JMeterThread: Thread started: Thread Group 1-1902
2026-09-11 01:31:21,165 INFO o.a.j.t.JMeterThread: Thread started: Thread Group 1-1903
2026-09-11 01:31:21,165 INFO o.a.j.t.JMeterThread: Thread started: Thread Group 1-1906
2026-09-11 01:31:21,166 INFO o.a.j.t.JMeterThread: Thread started: Thread Group 1-1904
2026-09-11 01:31:21,168 INFO o.a.j.t.JMeterThread: Thread started: Thread Group 1-1908
2026-09-11 01:31:21,168 INFO o.a.j.t.JMeterThread: Thread started: Thread Group 1-1907
2026-09-11 01:31:21,171 INFO o.a.j.t.JMeterThread: Thread started: Thread Group 1-1910
2026-09-11 01:31:21,171 INFO o.a.j.t.JMeterThread: Thread started: Thread Group 1-1905
2026-09-11 01:31:21,171 INFO o.a.j.t.JMeterThread: Thread started: Thread Group 1-1909
2026-09-11 01:31:21,173 INFO o.a.j.t.JMeterThread: Thread started: Thread Group 1-1913
2026-09-11 01:31:21,173 INFO o.a.j.t.JMeterThread: Thread started: Thread Group 1-1914
2026-09-11 01:31:21,174 INFO o.a.j.t.JMeterThread: Thread started: Thread Group 1-1912
2026-09-11 01:31:21,174 INFO o.a.j.t.JMeterThread: Thread started: Thread Group 1-1911
2026-09-11 01:31:21,176 INFO o.a.j.t.JMeterThread: Thread started: Thread Group 1-1915
2026-09-11 01:31:21,177 INFO o.a.j.t.JMeterThread: Thread started: Thread Group 1-1916
2026-09-11 01:31:21,179 INFO o.a.j.t.JMeterThread: Thread started: Thread Group 1-1918
2026-09-11 01:31:21,180 INFO o.a.j.t.JMeterThread: Thread started: Thread Group 1-1917
2026-09-11 01:31:21,181 INFO o.a.j.t.JMeterThread: Thread started: Thread Group 1-1921
2026-09-11 01:31:21,181 INFO o.a.j.t.JMeterThread: Thread started: Thread Group 1-1922
2026-09-11 01:31:21,182 INFO o.a.j.t.JMeterThread: Thread started: Thread Group 1-1920
2026-09-11 01:31:21,183 INFO o.a.j.t.JMeterThread: Thread started: Thread Group 1-1923
2026-09-11 01:31:21,184 INFO o.a.j.t.JMeterThread: Thread started: Thread Group 1-1919
2026-09-11 01:31:21,186 INFO o.a.j.t.JMeterThread: Thread started: Thread Group 1-1925
2026-09-11 01:31:21,187 INFO o.a.j.t.JMeterThread: Thread started: Thread Group 1-1927
2026-09-11 01:31:21,188 INFO o.a.j.t.JMeterThread: Thread started: Thread Group 1-1928
2026-09-11 01:31:21,188 INFO o.a.j.t.JMeterThread: Thread started: Thread Group 1-1924
2026-09-11 01:31:21,188 INFO o.a.j.t.JMeterThread: Thread started: Thread Group 1-1926
2026-09-11 01:31:21,191 INFO o.a.j.t.JMeterThread: Thread started: Thread Group 1-1929
2026-09-11 01:31:21,192 INFO o.a.j.t.JMeterThread: Thread started: Thread Group 1-1931
2026-09-11 01:31:21,192 INFO o.a.j.t.JMeterThread: Thread started: Thread Group 1-1932
2026-09-11 01:31:21,193 INFO o.a.j.t.JMeterThread: Thread started: Thread Group 1-1934
2026-09-11 01:31:21,194 INFO o.a.j.t.JMeterThread: Thread started: Thread Group 1-1930
2026-09-11 01:31:21,195 INFO o.a.j.t.JMeterThread: Thread started: Thread Group 1-1933
2026-09-11 01:31:21,198 INFO o.a.j.t.JMeterThread: Thread started: Thread Group 1-1937
2026-09-11 01:31:21,198 INFO o.a.j.t.JMeterThread: Thread started: Thread Group 1-1936
2026-09-11 01:31:21,198 INFO o.a.j.t.JMeterThread: Thread started: Thread Group 1-1935
2026-09-11 01:31:21,202 INFO o.a.j.t.JMeterThread: Thread started: Thread Group 1-1942
2026-09-11 01:31:21,202 INFO o.a.j.t.JMeterThread: Thread started: Thread Group 1-1941
2026-09-11 01:31:21,202 INFO o.a.j.t.JMeterThread: Thread started: Thread Group 1-1939
2026-09-11 01:31:21,203 INFO o.a.j.t.JMeterThread: Thread started: Thread Group 1-1938
2026-09-11 01:31:21,203 INFO o.a.j.t.JMeterThread: Thread started: Thread Group 1-1943
2026-09-11 01:31:21,204 INFO o.a.j.t.JMeterThread: Thread started: Thread Group 1-1940
2026-09-11 01:31:21,208 INFO o.a.j.t.JMeterThread: Thread started: Thread Group 1-1944
2026-09-11 01:31:21,209 INFO o.a.j.t.JMeterThread: Thread started: Thread Group 1-1947
2026-09-11 01:31:21,209 INFO o.a.j.t.JMeterThread: Thread started: Thread Group 1-1945
2026-09-11 01:31:21,210 INFO o.a.j.t.JMeterThread: Thread started: Thread Group 1-1950
2026-09-11 01:31:21,211 INFO o.a.j.t.JMeterThread: Thread started: Thread Group 1-1946
2026-09-11 01:31:21,211 INFO o.a.j.t.JMeterThread: Thread started: Thread Group 1-1948
2026-09-11 01:31:21,212 INFO o.a.j.t.JMeterThread: Thread started: Thread Group 1-1949
2026-09-11 01:31:21,212 INFO o.a.j.t.JMeterThread: Thread started: Thread Group 1-1952
2026-09-11 01:31:21,213 INFO o.a.j.t.JMeterThread: Thread started: Thread Group 1-1951
2026-09-11 01:31:21,214 INFO o.a.j.t.JMeterThread: Thread started: Thread Group 1-1953
2026-09-11 01:31:21,215 INFO o.a.j.t.JMeterThread: Thread started: Thread Group 1-1954
2026-09-11 01:31:21,216 INFO o.a.j.t.JMeterThread: Thread started: Thread Group 1-1956
2026-09-11 01:31:21,216 INFO o.a.j.t.JMeterThread: Thread started: Thread Group 1-1955
2026-09-11 01:31:21,217 INFO o.a.j.t.JMeterThread: Thread started: Thread Group 1-1958
2026-09-11 01:31:21,218 INFO o.a.j.t.JMeterThread: Thread started: Thread Group 1-1957
2026-09-11 01:31:21,218 INFO o.a.j.t.JMeterThread: Thread started: Thread Group 1-1959
2026-09-11 01:31:21,223 INFO o.a.j.t.JMeterThread: Thread started: Thread Group 1-1960
2026-09-11 01:31:21,224 INFO o.a.j.t.JMeterThread: Thread started: Thread Group 1-1961
2026-09-11 01:31:21,224 INFO o.a.j.t.JMeterThread: Thread started: Thread Group 1-1963
2026-09-11 01:31:21,224 INFO o.a.j.t.JMeterThread: Thread started: Thread Group 1-1964
2026-09-11 01:31:21,225 INFO o.a.j.t.JMeterThread: Thread started: Thread Group 1-1965
2026-09-11 01:31:21,227 INFO o.a.j.t.JMeterThread: Thread started: Thread Group 1-1962
2026-09-11 01:31:21,231 INFO o.a.j.t.JMeterThread: Thread started: Thread Group 1-1966
2026-09-11 01:31:21,231 INFO o.a.j.t.JMeterThread: Thread started: Thread Group 1-1967
2026-09-11 01:31:21,232 INFO o.a.j.t.JMeterThread: Thread started: Thread Group 1-1971
2026-09-11 01:31:21,232 INFO o.a.j.t.JMeterThread: Thread started: Thread Group 1-1972
2026-09-11 01:31:21,235 INFO o.a.j.t.JMeterThread: Thread started: Thread Group 1-1970
2026-09-11 01:31:21,235 INFO o.a.j.t.JMeterThread: Thread started: Thread Group 1-1968
2026-09-11 01:31:21,235 INFO o.a.j.t.JMeterThread: Thread started: Thread Group 1-1973
2026-09-11 01:31:21,238 INFO o.a.j.t.JMeterThread: Thread started: Thread Group 1-1977
2026-09-11 01:31:21,239 INFO o.a.j.t.JMeterThread: Thread started: Thread Group 1-1975
2026-09-11 01:31:21,239 INFO o.a.j.t.JMeterThread: Thread started: Thread Group 1-1976
2026-09-11 01:31:21,240 INFO o.a.j.t.JMeterThread: Thread started: Thread Group 1-1974
2026-09-11 01:31:21,241 INFO o.a.j.t.JMeterThread: Thread started: Thread Group 1-1978
2026-09-11 01:31:21,243 INFO o.a.j.t.JMeterThread: Thread started: Thread Group 1-1969
2026-09-11 01:31:21,243 INFO o.a.j.t.JMeterThread: Thread started: Thread Group 1-1979
2026-09-11 01:31:21,249 INFO o.a.j.t.JMeterThread: Thread started: Thread Group 1-1980
2026-09-11 01:31:21,249 INFO o.a.j.t.JMeterThread: Thread started: Thread Group 1-1985
2026-09-11 01:31:21,249 INFO o.a.j.t.JMeterThread: Thread started: Thread Group 1-1988
2026-09-11 01:31:21,249 INFO o.a.j.t.JMeterThread: Thread started: Thread Group 1-1984
2026-09-11 01:31:21,249 INFO o.a.j.t.JMeterThread: Thread started: Thread Group 1-1986
2026-09-11 01:31:21,250 INFO o.a.j.t.JMeterThread: Thread started: Thread Group 1-1991
2026-09-11 01:31:21,251 INFO o.a.j.t.JMeterThread: Thread started: Thread Group 1-1983
2026-09-11 01:31:21,251 INFO o.a.j.t.JMeterThread: Thread started: Thread Group 1-1989
2026-09-11 01:31:21,251 INFO o.a.j.t.JMeterThread: Thread started: Thread Group 1-1982
2026-09-11 01:31:21,251 INFO o.a.j.t.JMeterThread: Thread started: Thread Group 1-1981
2026-09-11 01:31:21,251 INFO o.a.j.t.JMeterThread: Thread started: Thread Group 1-1987
2026-09-11 01:31:21,251 INFO o.a.j.t.JMeterThread: Thread started: Thread Group 1-1990
2026-09-11 01:31:21,254 INFO o.a.j.t.JMeterThread: Thread started: Thread Group 1-1993
2026-09-11 01:31:21,254 INFO o.a.j.t.JMeterThread: Thread started: Thread Group 1-1992
2026-09-11 01:31:21,257 INFO o.a.j.t.JMeterThread: Thread started: Thread Group 1-1997
2026-09-11 01:31:21,258 INFO o.a.j.t.JMeterThread: Thread started: Thread Group 1-1996
2026-09-11 01:31:21,259 INFO o.a.j.t.JMeterThread: Thread started: Thread Group 1-1994
2026-09-11 01:31:21,259 INFO o.a.j.t.JMeterThread: Thread started: Thread Group 1-1995
2026-09-11 01:31:21,263 INFO o.a.j.t.JMeterThread: Thread started: Thread Group 1-2000
2026-09-11 01:31:21,263 INFO o.a.j.t.JMeterThread: Thread started: Thread Group 1-1998
2026-09-11 01:31:21,263 INFO o.a.j.t.JMeterThread: Thread started: Thread Group 1-1999
2026-09-11 01:31:21,265 INFO o.a.j.t.JMeterThread: Thread started: Thread Group 1-2001
2026-09-11 01:31:21,266 INFO o.a.j.t.JMeterThread: Thread started: Thread Group 1-2004
2026-09-11 01:31:21,270 INFO o.a.j.t.JMeterThread: Thread started: Thread Group 1-2011
2026-09-11 01:31:21,270 INFO o.a.j.t.JMeterThread: Thread started: Thread Group 1-2007
2026-09-11 01:31:21,270 INFO o.a.j.t.JMeterThread: Thread started: Thread Group 1-2008
2026-09-11 01:31:21,269 INFO o.a.j.t.JMeterThread: Thread started: Thread Group 1-2006
2026-09-11 01:31:21,268 INFO o.a.j.t.JMeterThread: Thread started: Thread Group 1-2005
2026-09-11 01:31:21,266 INFO o.a.j.t.JMeterThread: Thread started: Thread Group 1-2003
2026-09-11 01:31:21,266 INFO o.a.j.t.JMeterThread: Thread started: Thread Group 1-2002
2026-09-11 01:31:21,275 INFO o.a.j.t.JMeterThread: Thread started: Thread Group 1-2013
2026-09-11 01:31:21,275 INFO o.a.j.t.JMeterThread: Thread started: Thread Group 1-2009
2026-09-11 01:31:21,274 INFO o.a.j.t.JMeterThread: Thread started: Thread Group 1-2012
2026-09-11 01:31:21,276 INFO o.a.j.t.JMeterThread: Thread started: Thread Group 1-2010
2026-09-11 01:31:21,281 INFO o.a.j.t.JMeterThread: Thread started: Thread Group 1-2018
2026-09-11 01:31:21,283 INFO o.a.j.t.JMeterThread: Thread started: Thread Group 1-2019
2026-09-11 01:31:21,276 INFO o.a.j.t.JMeterThread: Thread started: Thread Group 1-2015
2026-09-11 01:31:21,282 INFO o.a.j.t.JMeterThread: Thread started: Thread Group 1-2021
2026-09-11 01:31:21,280 INFO o.a.j.t.JMeterThread: Thread started: Thread Group 1-2016
2026-09-11 01:31:21,279 INFO o.a.j.t.JMeterThread: Thread started: Thread Group 1-2017
2026-09-11 01:31:21,279 INFO o.a.j.t.JMeterThread: Thread started: Thread Group 1-2014
2026-09-11 01:31:21,287 INFO o.a.j.t.JMeterThread: Thread started: Thread Group 1-2022
2026-09-11 01:31:21,283 INFO o.a.j.t.JMeterThread: Thread started: Thread Group 1-2020
2026-09-11 01:31:21,290 INFO o.a.j.t.JMeterThread: Thread started: Thread Group 1-2023
2026-09-11 01:31:21,293 INFO o.a.j.t.JMeterThread: Thread started: Thread Group 1-2033
2026-09-11 01:31:21,295 INFO o.a.j.t.JMeterThread: Thread started: Thread Group 1-2028
2026-09-11 01:31:21,296 INFO o.a.j.t.JMeterThread: Thread started: Thread Group 1-2034
2026-09-11 01:31:21,296 INFO o.a.j.t.JMeterThread: Thread started: Thread Group 1-2031
2026-09-11 01:31:21,296 INFO o.a.j.t.JMeterThread: Thread started: Thread Group 1-2024
2026-09-11 01:31:21,296 INFO o.a.j.t.JMeterThread: Thread started: Thread Group 1-2036
2026-09-11 01:31:21,298 INFO o.a.j.t.JMeterThread: Thread started: Thread Group 1-2027
2026-09-11 01:31:21,298 INFO o.a.j.t.JMeterThread: Thread started: Thread Group 1-2032
2026-09-11 01:31:21,298 INFO o.a.j.t.JMeterThread: Thread started: Thread Group 1-2029
2026-09-11 01:31:21,299 INFO o.a.j.t.JMeterThread: Thread started: Thread Group 1-2035
2026-09-11 01:31:21,300 INFO o.a.j.t.JMeterThread: Thread started: Thread Group 1-2026
2026-09-11 01:31:21,300 INFO o.a.j.t.JMeterThread: Thread started: Thread Group 1-2040
2026-09-11 01:31:21,301 INFO o.a.j.t.JMeterThread: Thread started: Thread Group 1-2037
2026-09-11 01:31:21,302 INFO o.a.j.t.JMeterThread: Thread started: Thread Group 1-2025
2026-09-11 01:31:21,302 INFO o.a.j.t.JMeterThread: Thread started: Thread Group 1-2039
2026-09-11 01:31:21,302 INFO o.a.j.t.JMeterThread: Thread started: Thread Group 1-2041
2026-09-11 01:31:21,303 INFO o.a.j.t.JMeterThread: Thread started: Thread Group 1-2038
2026-09-11 01:31:21,304 INFO o.a.j.t.JMeterThread: Thread started: Thread Group 1-2044
2026-09-11 01:31:21,304 INFO o.a.j.t.JMeterThread: Thread started: Thread Group 1-2030
2026-09-11 01:31:21,305 INFO o.a.j.t.JMeterThread: Thread started: Thread Group 1-2043
2026-09-11 01:31:21,305 INFO o.a.j.t.JMeterThread: Thread started: Thread Group 1-2042
2026-09-11 01:31:21,307 INFO o.a.j.t.JMeterThread: Thread started: Thread Group 1-2047
2026-09-11 01:31:21,309 INFO o.a.j.t.JMeterThread: Thread started: Thread Group 1-2045
2026-09-11 01:31:21,309 INFO o.a.j.t.JMeterThread: Thread started: Thread Group 1-2048
2026-09-11 01:31:21,309 INFO o.a.j.t.JMeterThread: Thread started: Thread Group 1-2049
2026-09-11 01:31:21,310 INFO o.a.j.t.JMeterThread: Thread started: Thread Group 1-2046
2026-09-11 01:31:21,313 INFO o.a.j.t.JMeterThread: Thread started: Thread Group 1-2052
2026-09-11 01:31:21,313 INFO o.a.j.t.JMeterThread: Thread started: Thread Group 1-2053
2026-09-11 01:31:21,314 INFO o.a.j.t.JMeterThread: Thread started: Thread Group 1-2050
2026-09-11 01:31:21,315 INFO o.a.j.t.JMeterThread: Thread started: Thread Group 1-2054
2026-09-11 01:31:21,316 INFO o.a.j.t.JMeterThread: Thread started: Thread Group 1-2051
2026-09-11 01:31:21,318 INFO o.a.j.t.JMeterThread: Thread started: Thread Group 1-2055
2026-09-11 01:31:21,319 INFO o.a.j.t.JMeterThread: Thread started: Thread Group 1-2057
2026-09-11 01:31:21,320 INFO o.a.j.t.JMeterThread: Thread started: Thread Group 1-2056
2026-09-11 01:31:21,322 INFO o.a.j.t.JMeterThread: Thread started: Thread Group 1-2058
2026-09-11 01:31:21,323 INFO o.a.j.t.JMeterThread: Thread started: Thread Group 1-2060
2026-09-11 01:31:21,324 INFO o.a.j.t.JMeterThread: Thread started: Thread Group 1-2061
2026-09-11 01:31:21,324 INFO o.a.j.t.JMeterThread: Thread started: Thread Group 1-2059
2026-09-11 01:31:21,324 INFO o.a.j.t.JMeterThread: Thread started: Thread Group 1-2063
2026-09-11 01:31:21,326 INFO o.a.j.t.JMeterThread: Thread started: Thread Group 1-2065
2026-09-11 01:31:21,328 INFO o.a.j.t.JMeterThread: Thread started: Thread Group 1-2064
2026-09-11 01:31:21,328 INFO o.a.j.t.JMeterThread: Thread started: Thread Group 1-2062
2026-09-11 01:31:21,329 INFO o.a.j.t.JMeterThread: Thread started: Thread Group 1-2066
2026-09-11 01:31:21,330 INFO o.a.j.t.JMeterThread: Thread started: Thread Group 1-2068
2026-09-11 01:31:21,330 INFO o.a.j.t.JMeterThread: Thread started: Thread Group 1-2069
2026-09-11 01:31:21,331 INFO o.a.j.t.JMeterThread: Thread started: Thread Group 1-2067
2026-09-11 01:31:21,334 INFO o.a.j.t.JMeterThread: Thread started: Thread Group 1-2070
2026-09-11 01:31:21,336 INFO o.a.j.t.JMeterThread: Thread started: Thread Group 1-2071
2026-09-11 01:31:21,337 INFO o.a.j.t.JMeterThread: Thread started: Thread Group 1-2074
2026-09-11 01:31:21,337 INFO o.a.j.t.JMeterThread: Thread started: Thread Group 1-2072
2026-09-11 01:31:21,338 INFO o.a.j.t.JMeterThread: Thread started: Thread Group 1-2073
2026-09-11 01:31:21,339 INFO o.a.j.t.JMeterThread: Thread started: Thread Group 1-2075
2026-09-11 01:31:21,339 INFO o.a.j.t.JMeterThread: Thread started: Thread Group 1-2076
2026-09-11 01:31:21,341 INFO o.a.j.t.JMeterThread: Thread started: Thread Group 1-2077
2026-09-11 01:31:21,341 INFO o.a.j.t.JMeterThread: Thread started: Thread Group 1-2078
2026-09-11 01:31:21,342 INFO o.a.j.t.JMeterThread: Thread started: Thread Group 1-2079
2026-09-11 01:31:21,344 INFO o.a.j.t.JMeterThread: Thread started: Thread Group 1-2082
2026-09-11 01:31:21,344 INFO o.a.j.t.JMeterThread: Thread started: Thread Group 1-2080
2026-09-11 01:31:21,345 INFO o.a.j.t.JMeterThread: Thread started: Thread Group 1-2081
2026-09-11 01:31:21,345 INFO o.a.j.t.JMeterThread: Thread started: Thread Group 1-2085
2026-09-11 01:31:21,347 INFO o.a.j.t.JMeterThread: Thread started: Thread Group 1-2084
2026-09-11 01:31:21,347 INFO o.a.j.t.JMeterThread: Thread started: Thread Group 1-2083
2026-09-11 01:31:21,348 INFO o.a.j.t.JMeterThread: Thread started: Thread Group 1-2086
2026-09-11 01:31:21,348 INFO o.a.j.t.JMeterThread: Thread started: Thread Group 1-2088
2026-09-11 01:31:21,350 INFO o.a.j.t.JMeterThread: Thread started: Thread Group 1-2089
2026-09-11 01:31:21,350 INFO o.a.j.t.JMeterThread: Thread started: Thread Group 1-2087
2026-09-11 01:31:21,350 INFO o.a.j.t.JMeterThread: Thread started: Thread Group 1-2090
2026-09-11 01:31:21,352 INFO o.a.j.t.JMeterThread: Thread started: Thread Group 1-2091
2026-09-11 01:31:21,356 INFO o.a.j.t.JMeterThread: Thread started: Thread Group 1-2092
2026-09-11 01:31:21,356 INFO o.a.j.t.JMeterThread: Thread started: Thread Group 1-2093
2026-09-11 01:31:21,356 INFO o.a.j.t.JMeterThread: Thread started: Thread Group 1-2094
2026-09-11 01:31:21,358 INFO o.a.j.t.JMeterThread: Thread started: Thread Group 1-2098
2026-09-11 01:31:21,358 INFO o.a.j.t.JMeterThread: Thread started: Thread Group 1-2096
2026-09-11 01:31:21,359 INFO o.a.j.t.JMeterThread: Thread started: Thread Group 1-2097
2026-09-11 01:31:21,359 INFO o.a.j.t.JMeterThread: Thread started: Thread Group 1-2095
2026-09-11 01:31:21,360 INFO o.a.j.t.JMeterThread: Thread started: Thread Group 1-2099
2026-09-11 01:31:21,361 INFO o.a.j.t.JMeterThread: Thread started: Thread Group 1-2102
2026-09-11 01:31:21,367 INFO o.a.j.t.JMeterThread: Thread started: Thread Group 1-2103
2026-09-11 01:31:21,367 INFO o.a.j.t.JMeterThread: Thread started: Thread Group 1-2100
2026-09-11 01:31:21,367 INFO o.a.j.t.JMeterThread: Thread started: Thread Group 1-2104
2026-09-11 01:31:21,367 INFO o.a.j.t.JMeterThread: Thread started: Thread Group 1-2101
2026-09-11 01:31:21,368 INFO o.a.j.t.JMeterThread: Thread started: Thread Group 1-2105
2026-09-11 01:31:21,368 INFO o.a.j.t.JMeterThread: Thread started: Thread Group 1-2108
2026-09-11 01:31:21,369 INFO o.a.j.t.JMeterThread: Thread started: Thread Group 1-2106
2026-09-11 01:31:21,371 INFO o.a.j.t.JMeterThread: Thread started: Thread Group 1-2111
2026-09-11 01:31:21,372 INFO o.a.j.t.JMeterThread: Thread started: Thread Group 1-2107
2026-09-11 01:31:21,372 INFO o.a.j.t.JMeterThread: Thread started: Thread Group 1-2109
2026-09-11 01:31:21,373 INFO o.a.j.t.JMeterThread: Thread started: Thread Group 1-2112
2026-09-11 01:31:21,374 INFO o.a.j.t.JMeterThread: Thread started: Thread Group 1-2110
2026-09-11 01:31:21,374 INFO o.a.j.t.JMeterThread: Thread started: Thread Group 1-2113
2026-09-11 01:31:21,376 INFO o.a.j.t.JMeterThread: Thread started: Thread Group 1-2114
2026-09-11 01:31:21,377 INFO o.a.j.t.JMeterThread: Thread started: Thread Group 1-2117
2026-09-11 01:31:21,378 INFO o.a.j.t.JMeterThread: Thread started: Thread Group 1-2115
2026-09-11 01:31:21,379 INFO o.a.j.t.JMeterThread: Thread started: Thread Group 1-2120
2026-09-11 01:31:21,379 INFO o.a.j.t.JMeterThread: Thread started: Thread Group 1-2118
2026-09-11 01:31:21,379 INFO o.a.j.t.JMeterThread: Thread started: Thread Group 1-2119
2026-09-11 01:31:21,380 INFO o.a.j.t.JMeterThread: Thread started: Thread Group 1-2116
2026-09-11 01:31:21,382 INFO o.a.j.t.JMeterThread: Thread started: Thread Group 1-2121
2026-09-11 01:31:21,384 INFO o.a.j.t.JMeterThread: Thread started: Thread Group 1-2122
2026-09-11 01:31:21,385 INFO o.a.j.t.JMeterThread: Thread started: Thread Group 1-2124
2026-09-11 01:31:21,388 INFO o.a.j.t.JMeterThread: Thread started: Thread Group 1-2123
2026-09-11 01:31:21,388 INFO o.a.j.t.JMeterThread: Thread started: Thread Group 1-2125
2026-09-11 01:31:21,391 INFO o.a.j.t.JMeterThread: Thread started: Thread Group 1-2127
2026-09-11 01:31:21,391 INFO o.a.j.t.JMeterThread: Thread started: Thread Group 1-2129
2026-09-11 01:31:21,392 INFO o.a.j.t.JMeterThread: Thread started: Thread Group 1-2126
2026-09-11 01:31:21,392 INFO o.a.j.t.JMeterThread: Thread started: Thread Group 1-2128
2026-09-11 01:31:21,392 INFO o.a.j.t.JMeterThread: Thread started: Thread Group 1-2130
2026-09-11 01:31:21,392 INFO o.a.j.t.JMeterThread: Thread started: Thread Group 1-2133
2026-09-11 01:31:21,393 INFO o.a.j.t.JMeterThread: Thread started: Thread Group 1-2131
2026-09-11 01:31:21,394 INFO o.a.j.t.JMeterThread: Thread started: Thread Group 1-2132
2026-09-11 01:31:21,397 INFO o.a.j.t.JMeterThread: Thread started: Thread Group 1-2136
2026-09-11 01:31:21,398 INFO o.a.j.t.JMeterThread: Thread started: Thread Group 1-2134
2026-09-11 01:31:21,398 INFO o.a.j.t.JMeterThread: Thread started: Thread Group 1-2135
2026-09-11 01:31:21,399 INFO o.a.j.t.JMeterThread: Thread started: Thread Group 1-2139
2026-09-11 01:31:21,400 INFO o.a.j.t.JMeterThread: Thread started: Thread Group 1-2137
2026-09-11 01:31:21,400 INFO o.a.j.t.JMeterThread: Thread started: Thread Group 1-2138
2026-09-11 01:31:21,402 INFO o.a.j.t.JMeterThread: Thread started: Thread Group 1-2140
2026-09-11 01:31:21,402 INFO o.a.j.t.JMeterThread: Thread started: Thread Group 1-2141
2026-09-11 01:31:21,405 INFO o.a.j.t.JMeterThread: Thread started: Thread Group 1-2145
2026-09-11 01:31:21,407 INFO o.a.j.t.JMeterThread: Thread started: Thread Group 1-2142
2026-09-11 01:31:21,407 INFO o.a.j.t.JMeterThread: Thread started: Thread Group 1-2144
2026-09-11 01:31:21,408 INFO o.a.j.t.JMeterThread: Thread started: Thread Group 1-2143
2026-09-11 01:31:21,409 INFO o.a.j.t.JMeterThread: Thread started: Thread Group 1-2149
2026-09-11 01:31:21,410 INFO o.a.j.t.JMeterThread: Thread started: Thread Group 1-2150
2026-09-11 01:31:21,410 INFO o.a.j.t.JMeterThread: Thread started: Thread Group 1-2146
2026-09-11 01:31:21,410 INFO o.a.j.t.JMeterThread: Thread started: Thread Group 1-2147
2026-09-11 01:31:21,411 INFO o.a.j.t.JMeterThread: Thread started: Thread Group 1-2148
2026-09-11 01:31:21,413 INFO o.a.j.t.JMeterThread: Thread started: Thread Group 1-2153
2026-09-11 01:31:21,414 INFO o.a.j.t.JMeterThread: Thread started: Thread Group 1-2151
2026-09-11 01:31:21,415 INFO o.a.j.t.JMeterThread: Thread started: Thread Group 1-2155
2026-09-11 01:31:21,416 INFO o.a.j.t.JMeterThread: Thread started: Thread Group 1-2152
2026-09-11 01:31:21,416 INFO o.a.j.t.JMeterThread: Thread started: Thread Group 1-2156
2026-09-11 01:31:21,417 INFO o.a.j.t.JMeterThread: Thread started: Thread Group 1-2154
2026-09-11 01:31:21,418 INFO o.a.j.t.JMeterThread: Thread started: Thread Group 1-2158
2026-09-11 01:31:21,421 INFO o.a.j.t.JMeterThread: Thread started: Thread Group 1-2157
2026-09-11 01:31:21,422 INFO o.a.j.t.JMeterThread: Thread started: Thread Group 1-2161
2026-09-11 01:31:21,423 INFO o.a.j.t.JMeterThread: Thread started: Thread Group 1-2159
2026-09-11 01:31:21,425 INFO o.a.j.t.JMeterThread: Thread started: Thread Group 1-2166
2026-09-11 01:31:21,426 INFO o.a.j.t.JMeterThread: Thread started: Thread Group 1-2163
2026-09-11 01:31:21,426 INFO o.a.j.t.JMeterThread: Thread started: Thread Group 1-2160
2026-09-11 01:31:21,427 INFO o.a.j.t.JMeterThread: Thread started: Thread Group 1-2162
2026-09-11 01:31:21,427 INFO o.a.j.t.JMeterThread: Thread started: Thread Group 1-2165
2026-09-11 01:31:21,427 INFO o.a.j.t.JMeterThread: Thread started: Thread Group 1-2164
2026-09-11 01:31:21,427 INFO o.a.j.t.JMeterThread: Thread started: Thread Group 1-2167
2026-09-11 01:31:21,428 INFO o.a.j.t.JMeterThread: Thread started: Thread Group 1-2169
2026-09-11 01:31:21,428 INFO o.a.j.t.JMeterThread: Thread started: Thread Group 1-2168
2026-09-11 01:31:21,432 INFO o.a.j.t.JMeterThread: Thread started: Thread Group 1-2172
2026-09-11 01:31:21,432 INFO o.a.j.t.JMeterThread: Thread started: Thread Group 1-2170
2026-09-11 01:31:21,434 INFO o.a.j.t.JMeterThread: Thread started: Thread Group 1-2171
2026-09-11 01:31:21,438 INFO o.a.j.t.JMeterThread: Thread started: Thread Group 1-2173
2026-09-11 01:31:21,438 INFO o.a.j.t.JMeterThread: Thread started: Thread Group 1-2175
2026-09-11 01:31:21,438 INFO o.a.j.t.JMeterThread: Thread started: Thread Group 1-2174
2026-09-11 01:31:21,439 INFO o.a.j.t.JMeterThread: Thread started: Thread Group 1-2177
2026-09-11 01:31:21,441 INFO o.a.j.t.JMeterThread: Thread started: Thread Group 1-2180
2026-09-11 01:31:21,441 INFO o.a.j.t.JMeterThread: Thread started: Thread Group 1-2179
2026-09-11 01:31:21,441 INFO o.a.j.t.JMeterThread: Thread started: Thread Group 1-2176
2026-09-11 01:31:21,442 INFO o.a.j.t.JMeterThread: Thread started: Thread Group 1-2178
2026-09-11 01:31:21,443 INFO o.a.j.t.JMeterThread: Thread started: Thread Group 1-2183
2026-09-11 01:31:21,444 INFO o.a.j.t.JMeterThread: Thread started: Thread Group 1-2184
2026-09-11 01:31:21,445 INFO o.a.j.t.JMeterThread: Thread started: Thread Group 1-2181
2026-09-11 01:31:21,446 INFO o.a.j.t.JMeterThread: Thread started: Thread Group 1-2182
2026-09-11 01:31:21,449 INFO o.a.j.t.JMeterThread: Thread started: Thread Group 1-2189
2026-09-11 01:31:21,449 INFO o.a.j.t.JMeterThread: Thread started: Thread Group 1-2186
2026-09-11 01:31:21,450 INFO o.a.j.t.JMeterThread: Thread started: Thread Group 1-2185
2026-09-11 01:31:21,450 INFO o.a.j.t.JMeterThread: Thread started: Thread Group 1-2188
2026-09-11 01:31:21,450 INFO o.a.j.t.JMeterThread: Thread started: Thread Group 1-2187
2026-09-11 01:31:21,454 INFO o.a.j.t.JMeterThread: Thread started: Thread Group 1-2192
2026-09-11 01:31:21,454 INFO o.a.j.t.JMeterThread: Thread started: Thread Group 1-2193
2026-09-11 01:31:21,455 INFO o.a.j.t.JMeterThread: Thread started: Thread Group 1-2191
2026-09-11 01:31:21,455 INFO o.a.j.t.JMeterThread: Thread started: Thread Group 1-2190
2026-09-11 01:31:21,457 INFO o.a.j.t.JMeterThread: Thread started: Thread Group 1-2195
2026-09-11 01:31:21,458 INFO o.a.j.t.JMeterThread: Thread started: Thread Group 1-2197
2026-09-11 01:31:21,458 INFO o.a.j.t.JMeterThread: Thread started: Thread Group 1-2194
2026-09-11 01:31:21,460 INFO o.a.j.t.JMeterThread: Thread started: Thread Group 1-2200
2026-09-11 01:31:21,461 INFO o.a.j.t.JMeterThread: Thread started: Thread Group 1-2196
2026-09-11 01:31:21,463 INFO o.a.j.t.JMeterThread: Thread started: Thread Group 1-2199
2026-09-11 01:31:21,463 INFO o.a.j.t.JMeterThread: Thread started: Thread Group 1-2198
2026-09-11 01:31:21,465 INFO o.a.j.t.JMeterThread: Thread started: Thread Group 1-2201
2026-09-11 01:31:21,465 INFO o.a.j.t.JMeterThread: Thread started: Thread Group 1-2202
2026-09-11 01:31:21,466 INFO o.a.j.t.JMeterThread: Thread started: Thread Group 1-2203
2026-09-11 01:31:21,466 INFO o.a.j.t.JMeterThread: Thread started: Thread Group 1-2205
2026-09-11 01:31:21,467 INFO o.a.j.t.JMeterThread: Thread started: Thread Group 1-2204
2026-09-11 01:31:21,468 INFO o.a.j.t.JMeterThread: Thread started: Thread Group 1-2208
2026-09-11 01:31:21,470 INFO o.a.j.t.JMeterThread: Thread started: Thread Group 1-2206
2026-09-11 01:31:21,470 INFO o.a.j.t.JMeterThread: Thread started: Thread Group 1-2210
2026-09-11 01:31:21,471 INFO o.a.j.t.JMeterThread: Thread started: Thread Group 1-2207
2026-09-11 01:31:21,473 INFO o.a.j.t.JMeterThread: Thread started: Thread Group 1-2209
2026-09-11 01:31:21,475 INFO o.a.j.t.JMeterThread: Thread started: Thread Group 1-2211
2026-09-11 01:31:21,475 INFO o.a.j.t.JMeterThread: Thread started: Thread Group 1-2212
2026-09-11 01:31:21,476 INFO o.a.j.t.JMeterThread: Thread started: Thread Group 1-2214
2026-09-11 01:31:21,476 INFO o.a.j.t.JMeterThread: Thread started: Thread Group 1-2213
2026-09-11 01:31:21,479 INFO o.a.j.t.JMeterThread: Thread started: Thread Group 1-2215
2026-09-11 01:31:21,479 INFO o.a.j.t.JMeterThread: Thread started: Thread Group 1-2218
2026-09-11 01:31:21,480 INFO o.a.j.t.JMeterThread: Thread started: Thread Group 1-2220
2026-09-11 01:31:21,480 INFO o.a.j.t.JMeterThread: Thread started: Thread Group 1-2216
2026-09-11 01:31:21,480 INFO o.a.j.t.JMeterThread: Thread started: Thread Group 1-2217
2026-09-11 01:31:21,481 INFO o.a.j.t.JMeterThread: Thread started: Thread Group 1-2219
2026-09-11 01:31:21,481 INFO o.a.j.t.JMeterThread: Thread started: Thread Group 1-2221
2026-09-11 01:31:21,485 INFO o.a.j.t.JMeterThread: Thread started: Thread Group 1-2223
2026-09-11 01:31:21,486 INFO o.a.j.t.JMeterThread: Thread started: Thread Group 1-2224
2026-09-11 01:31:21,486 INFO o.a.j.t.JMeterThread: Thread started: Thread Group 1-2222
2026-09-11 01:31:21,487 INFO o.a.j.t.JMeterThread: Thread started: Thread Group 1-2226
2026-09-11 01:31:21,488 INFO o.a.j.t.JMeterThread: Thread started: Thread Group 1-2227
2026-09-11 01:31:21,489 INFO o.a.j.t.JMeterThread: Thread started: Thread Group 1-2225
2026-09-11 01:31:21,490 INFO o.a.j.t.JMeterThread: Thread started: Thread Group 1-2231
2026-09-11 01:31:21,491 INFO o.a.j.t.JMeterThread: Thread started: Thread Group 1-2230
2026-09-11 01:31:21,492 INFO o.a.j.t.JMeterThread: Thread started: Thread Group 1-2232
2026-09-11 01:31:21,493 INFO o.a.j.t.JMeterThread: Thread started: Thread Group 1-2228
2026-09-11 01:31:21,493 INFO o.a.j.t.JMeterThread: Thread started: Thread Group 1-2229
2026-09-11 01:31:21,496 INFO o.a.j.t.JMeterThread: Thread started: Thread Group 1-2236
2026-09-11 01:31:21,498 INFO o.a.j.t.JMeterThread: Thread started: Thread Group 1-2234
2026-09-11 01:31:21,498 INFO o.a.j.t.JMeterThread: Thread started: Thread Group 1-2235
2026-09-11 01:31:21,498 INFO o.a.j.t.JMeterThread: Thread started: Thread Group 1-2233
2026-09-11 01:31:21,501 INFO o.a.j.t.JMeterThread: Thread started: Thread Group 1-2237
2026-09-11 01:31:21,503 INFO o.a.j.t.JMeterThread: Thread started: Thread Group 1-2238
2026-09-11 01:31:21,504 INFO o.a.j.t.JMeterThread: Thread started: Thread Group 1-2240
2026-09-11 01:31:21,504 INFO o.a.j.t.JMeterThread: Thread started: Thread Group 1-2239
2026-09-11 01:31:21,504 INFO o.a.j.t.JMeterThread: Thread started: Thread Group 1-2242
2026-09-11 01:31:21,505 INFO o.a.j.t.JMeterThread: Thread started: Thread Group 1-2241
2026-09-11 01:31:21,506 INFO o.a.j.t.JMeterThread: Thread started: Thread Group 1-2246
2026-09-11 01:31:21,508 INFO o.a.j.t.JMeterThread: Thread started: Thread Group 1-2243
2026-09-11 01:31:21,508 INFO o.a.j.t.JMeterThread: Thread started: Thread Group 1-2244
2026-09-11 01:31:21,509 INFO o.a.j.t.JMeterThread: Thread started: Thread Group 1-2245
2026-09-11 01:31:21,510 INFO o.a.j.t.JMeterThread: Thread started: Thread Group 1-2250
2026-09-11 01:31:21,510 INFO o.a.j.t.JMeterThread: Thread started: Thread Group 1-2251
2026-09-11 01:31:21,512 INFO o.a.j.t.JMeterThread: Thread started: Thread Group 1-2249
2026-09-11 01:31:21,512 INFO o.a.j.t.JMeterThread: Thread started: Thread Group 1-2248
2026-09-11 01:31:21,512 INFO o.a.j.t.JMeterThread: Thread started: Thread Group 1-2252
2026-09-11 01:31:21,513 INFO o.a.j.t.JMeterThread: Thread started: Thread Group 1-2247
2026-09-11 01:31:21,514 INFO o.a.j.t.JMeterThread: Thread started: Thread Group 1-2253
2026-09-11 01:31:21,519 INFO o.a.j.t.JMeterThread: Thread started: Thread Group 1-2254
2026-09-11 01:31:21,523 INFO o.a.j.t.JMeterThread: Thread started: Thread Group 1-2255
2026-09-11 01:31:21,530 INFO o.a.j.t.JMeterThread: Thread started: Thread Group 1-2257
2026-09-11 01:31:21,530 INFO o.a.j.t.JMeterThread: Thread started: Thread Group 1-2258
2026-09-11 01:31:21,530 INFO o.a.j.t.JMeterThread: Thread started: Thread Group 1-2262
2026-09-11 01:31:21,530 INFO o.a.j.t.JMeterThread: Thread started: Thread Group 1-2263
2026-09-11 01:31:21,531 INFO o.a.j.t.JMeterThread: Thread started: Thread Group 1-2261
2026-09-11 01:31:21,531 INFO o.a.j.t.JMeterThread: Thread started: Thread Group 1-2269
2026-09-11 01:31:21,531 INFO o.a.j.t.JMeterThread: Thread started: Thread Group 1-2267
2026-09-11 01:31:21,530 INFO o.a.j.t.JMeterThread: Thread started: Thread Group 1-2264
2026-09-11 01:31:21,530 INFO o.a.j.t.JMeterThread: Thread started: Thread Group 1-2256
2026-09-11 01:31:21,530 INFO o.a.j.t.JMeterThread: Thread started: Thread Group 1-2259
2026-09-11 01:31:21,533 INFO o.a.j.t.JMeterThread: Thread started: Thread Group 1-2270
2026-09-11 01:31:21,533 INFO o.a.j.t.JMeterThread: Thread started: Thread Group 1-2265
2026-09-11 01:31:21,533 INFO o.a.j.t.JMeterThread: Thread started: Thread Group 1-2271
2026-09-11 01:31:21,534 INFO o.a.j.t.JMeterThread: Thread started: Thread Group 1-2268
2026-09-11 01:31:21,534 INFO o.a.j.t.JMeterThread: Thread started: Thread Group 1-2266
2026-09-11 01:31:21,530 INFO o.a.j.t.JMeterThread: Thread started: Thread Group 1-2260
2026-09-11 01:31:21,536 INFO o.a.j.t.JMeterThread: Thread started: Thread Group 1-2272
2026-09-11 01:31:21,539 INFO o.a.j.t.JMeterThread: Thread started: Thread Group 1-2276
2026-09-11 01:31:21,540 INFO o.a.j.t.JMeterThread: Thread started: Thread Group 1-2278
2026-09-11 01:31:21,540 INFO o.a.j.t.JMeterThread: Thread started: Thread Group 1-2277
2026-09-11 01:31:21,541 INFO o.a.j.t.JMeterThread: Thread started: Thread Group 1-2273
2026-09-11 01:31:21,542 INFO o.a.j.t.JMeterThread: Thread started: Thread Group 1-2275
2026-09-11 01:31:21,542 INFO o.a.j.t.JMeterThread: Thread started: Thread Group 1-2274
2026-09-11 01:31:21,546 INFO o.a.j.t.JMeterThread: Thread started: Thread Group 1-2283
2026-09-11 01:31:21,546 INFO o.a.j.t.JMeterThread: Thread started: Thread Group 1-2279
2026-09-11 01:31:21,546 INFO o.a.j.t.JMeterThread: Thread started: Thread Group 1-2284
2026-09-11 01:31:21,546 INFO o.a.j.t.JMeterThread: Thread started: Thread Group 1-2282
2026-09-11 01:31:21,548 INFO o.a.j.t.JMeterThread: Thread started: Thread Group 1-2285
2026-09-11 01:31:21,548 INFO o.a.j.t.JMeterThread: Thread started: Thread Group 1-2286
2026-09-11 01:31:21,548 INFO o.a.j.t.JMeterThread: Thread started: Thread Group 1-2287
2026-09-11 01:31:21,548 INFO o.a.j.t.JMeterThread: Thread started: Thread Group 1-2281
2026-09-11 01:31:21,552 INFO o.a.j.t.JMeterThread: Thread started: Thread Group 1-2288
2026-09-11 01:31:21,552 INFO o.a.j.t.JMeterThread: Thread started: Thread Group 1-2289
2026-09-11 01:31:21,546 INFO o.a.j.t.JMeterThread: Thread started: Thread Group 1-2280
2026-09-11 01:31:21,558 INFO o.a.j.t.JMeterThread: Thread started: Thread Group 1-2290
2026-09-11 01:31:21,558 INFO o.a.j.t.JMeterThread: Thread started: Thread Group 1-2291
2026-09-11 01:31:21,559 INFO o.a.j.t.JMeterThread: Thread started: Thread Group 1-2293
2026-09-11 01:31:21,559 INFO o.a.j.t.JMeterThread: Thread started: Thread Group 1-2295
2026-09-11 01:31:21,562 INFO o.a.j.t.JMeterThread: Thread started: Thread Group 1-2294
2026-09-11 01:31:21,565 INFO o.a.j.t.JMeterThread: Thread started: Thread Group 1-2299
2026-09-11 01:31:21,568 INFO o.a.j.t.JMeterThread: Thread started: Thread Group 1-2298
2026-09-11 01:31:21,559 INFO o.a.j.t.JMeterThread: Thread started: Thread Group 1-2292
2026-09-11 01:31:21,577 INFO o.a.j.t.JMeterThread: Thread started: Thread Group 1-2296
2026-09-11 01:31:21,577 INFO o.a.j.t.JMeterThread: Thread started: Thread Group 1-2297
2026-09-11 01:31:21,578 INFO o.a.j.t.JMeterThread: Thread started: Thread Group 1-2303
2026-09-11 01:31:21,578 INFO o.a.j.t.JMeterThread: Thread started: Thread Group 1-2300
2026-09-11 01:31:21,578 INFO o.a.j.t.JMeterThread: Thread started: Thread Group 1-2304
2026-09-11 01:31:21,578 INFO o.a.j.t.JMeterThread: Thread started: Thread Group 1-2301
2026-09-11 01:31:21,581 INFO o.a.j.t.JMeterThread: Thread started: Thread Group 1-2313
2026-09-11 01:31:21,581 INFO o.a.j.t.JMeterThread: Thread started: Thread Group 1-2317
2026-09-11 01:31:21,587 INFO o.a.j.t.JMeterThread: Thread started: Thread Group 1-2306
2026-09-11 01:31:21,587 INFO o.a.j.t.JMeterThread: Thread started: Thread Group 1-2310
2026-09-11 01:31:21,587 INFO o.a.j.t.JMeterThread: Thread started: Thread Group 1-2307
2026-09-11 01:31:21,588 INFO o.a.j.t.JMeterThread: Thread started: Thread Group 1-2311
2026-09-11 01:31:21,588 INFO o.a.j.t.JMeterThread: Thread started: Thread Group 1-2308
2026-09-11 01:31:21,588 INFO o.a.j.t.JMeterThread: Thread started: Thread Group 1-2315
2026-09-11 01:31:21,589 INFO o.a.j.t.JMeterThread: Thread started: Thread Group 1-2316
2026-09-11 01:31:21,589 INFO o.a.j.t.JMeterThread: Thread started: Thread Group 1-2319
2026-09-11 01:31:21,591 INFO o.a.j.t.JMeterThread: Thread started: Thread Group 1-2322
2026-09-11 01:31:21,592 INFO o.a.j.t.JMeterThread: Thread started: Thread Group 1-2321
2026-09-11 01:31:21,592 INFO o.a.j.t.JMeterThread: Thread started: Thread Group 1-2320
2026-09-11 01:31:21,592 INFO o.a.j.t.JMeterThread: Thread started: Thread Group 1-2323
2026-09-11 01:31:21,595 INFO o.a.j.t.JMeterThread: Thread started: Thread Group 1-2328
2026-09-11 01:31:21,595 INFO o.a.j.t.JMeterThread: Thread started: Thread Group 1-2326
2026-09-11 01:31:21,596 INFO o.a.j.t.JMeterThread: Thread started: Thread Group 1-2325
2026-09-11 01:31:21,578 INFO o.a.j.t.JMeterThread: Thread started: Thread Group 1-2302
2026-09-11 01:31:21,596 INFO o.a.j.t.JMeterThread: Thread started: Thread Group 1-2324
2026-09-11 01:31:21,597 INFO o.a.j.t.JMeterThread: Thread started: Thread Group 1-2327
2026-09-11 01:31:21,598 INFO o.a.j.t.JMeterThread: Thread started: Thread Group 1-2329
2026-09-11 01:31:21,598 INFO o.a.j.t.JMeterThread: Thread started: Thread Group 1-2332
2026-09-11 01:31:21,578 INFO o.a.j.t.JMeterThread: Thread started: Thread Group 1-2305
2026-09-11 01:31:21,599 INFO o.a.j.t.JMeterThread: Thread started: Thread Group 1-2335
2026-09-11 01:31:21,599 INFO o.a.j.t.JMeterThread: Thread started: Thread Group 1-2333
2026-09-11 01:31:21,600 INFO o.a.j.t.JMeterThread: Thread started: Thread Group 1-2330
2026-09-11 01:31:21,600 INFO o.a.j.t.JMeterThread: Thread started: Thread Group 1-2334
2026-09-11 01:31:21,601 INFO o.a.j.t.JMeterThread: Thread started: Thread Group 1-2339
2026-09-11 01:31:21,591 INFO o.a.j.t.JMeterThread: Thread started: Thread Group 1-2318
2026-09-11 01:31:21,602 INFO o.a.j.t.JMeterThread: Thread started: Thread Group 1-2336
2026-09-11 01:31:21,602 INFO o.a.j.t.JMeterThread: Thread started: Thread Group 1-2337
2026-09-11 01:31:21,588 INFO o.a.j.t.JMeterThread: Thread started: Thread Group 1-2314
2026-09-11 01:31:21,603 INFO o.a.j.t.JMeterThread: Thread started: Thread Group 1-2338
2026-09-11 01:31:21,587 INFO o.a.j.t.JMeterThread: Thread started: Thread Group 1-2309
2026-09-11 01:31:21,604 INFO o.a.j.t.JMeterThread: Thread started: Thread Group 1-2344
2026-09-11 01:31:21,605 INFO o.a.j.t.JMeterThread: Thread started: Thread Group 1-2341
2026-09-11 01:31:21,605 INFO o.a.j.t.JMeterThread: Thread started: Thread Group 1-2340
2026-09-11 01:31:21,587 INFO o.a.j.t.JMeterThread: Thread started: Thread Group 1-2312
2026-09-11 01:31:21,607 INFO o.a.j.t.JMeterThread: Thread started: Thread Group 1-2346
2026-09-11 01:31:21,607 INFO o.a.j.t.JMeterThread: Thread started: Thread Group 1-2343
2026-09-11 01:31:21,599 INFO o.a.j.t.JMeterThread: Thread started: Thread Group 1-2331
2026-09-11 01:31:21,607 INFO o.a.j.t.JMeterThread: Thread started: Thread Group 1-2347
2026-09-11 01:31:21,607 INFO o.a.j.t.JMeterThread: Thread started: Thread Group 1-2342
2026-09-11 01:31:21,609 INFO o.a.j.t.JMeterThread: Thread started: Thread Group 1-2345
2026-09-11 01:31:21,611 INFO o.a.j.t.JMeterThread: Thread started: Thread Group 1-2348
2026-09-11 01:31:21,613 INFO o.a.j.t.JMeterThread: Thread started: Thread Group 1-2349
2026-09-11 01:31:21,613 INFO o.a.j.t.JMeterThread: Thread started: Thread Group 1-2350
2026-09-11 01:31:21,615 INFO o.a.j.t.JMeterThread: Thread started: Thread Group 1-2352
2026-09-11 01:31:21,615 INFO o.a.j.t.JMeterThread: Thread started: Thread Group 1-2355
2026-09-11 01:31:21,615 INFO o.a.j.t.JMeterThread: Thread started: Thread Group 1-2356
2026-09-11 01:31:21,615 INFO o.a.j.t.JMeterThread: Thread started: Thread Group 1-2351
2026-09-11 01:31:21,616 INFO o.a.j.t.JMeterThread: Thread started: Thread Group 1-2357
2026-09-11 01:31:21,616 INFO o.a.j.t.JMeterThread: Thread started: Thread Group 1-2353
2026-09-11 01:31:21,616 INFO o.a.j.t.JMeterThread: Thread started: Thread Group 1-2354
2026-09-11 01:31:21,618 INFO o.a.j.t.JMeterThread: Thread started: Thread Group 1-2359
2026-09-11 01:31:21,619 INFO o.a.j.t.JMeterThread: Thread started: Thread Group 1-2358
2026-09-11 01:31:21,621 INFO o.a.j.t.JMeterThread: Thread started: Thread Group 1-2360
2026-09-11 01:31:21,621 INFO o.a.j.t.JMeterThread: Thread started: Thread Group 1-2362
2026-09-11 01:31:21,622 INFO o.a.j.t.JMeterThread: Thread started: Thread Group 1-2361
2026-09-11 01:31:21,623 INFO o.a.j.t.JMeterThread: Thread started: Thread Group 1-2363
2026-09-11 01:31:21,624 INFO o.a.j.t.JMeterThread: Thread started: Thread Group 1-2364
2026-09-11 01:31:21,624 INFO o.a.j.t.JMeterThread: Thread started: Thread Group 1-2365
2026-09-11 01:31:21,627 INFO o.a.j.t.JMeterThread: Thread started: Thread Group 1-2367
2026-09-11 01:31:21,627 INFO o.a.j.t.JMeterThread: Thread started: Thread Group 1-2366
2026-09-11 01:31:21,628 INFO o.a.j.t.JMeterThread: Thread started: Thread Group 1-2368
2026-09-11 01:31:21,630 INFO o.a.j.t.JMeterThread: Thread started: Thread Group 1-2370
2026-09-11 01:31:21,630 INFO o.a.j.t.JMeterThread: Thread started: Thread Group 1-2369
2026-09-11 01:31:21,632 INFO o.a.j.t.JMeterThread: Thread started: Thread Group 1-2371
2026-09-11 01:31:21,632 INFO o.a.j.t.JMeterThread: Thread started: Thread Group 1-2373
2026-09-11 01:31:21,634 INFO o.a.j.t.JMeterThread: Thread started: Thread Group 1-2372
2026-09-11 01:31:21,635 INFO o.a.j.t.JMeterThread: Thread started: Thread Group 1-2374
2026-09-11 01:31:21,636 INFO o.a.j.t.JMeterThread: Thread started: Thread Group 1-2375
2026-09-11 01:31:21,637 INFO o.a.j.t.JMeterThread: Thread started: Thread Group 1-2376
2026-09-11 01:31:21,638 INFO o.a.j.t.JMeterThread: Thread started: Thread Group 1-2378
2026-09-11 01:31:21,640 INFO o.a.j.t.JMeterThread: Thread started: Thread Group 1-2377
2026-09-11 01:31:21,643 INFO o.a.j.t.JMeterThread: Thread started: Thread Group 1-2381
2026-09-11 01:31:21,643 INFO o.a.j.t.JMeterThread: Thread started: Thread Group 1-2382
2026-09-11 01:31:21,643 INFO o.a.j.t.JMeterThread: Thread started: Thread Group 1-2379
2026-09-11 01:31:21,644 INFO o.a.j.t.JMeterThread: Thread started: Thread Group 1-2380
2026-09-11 01:31:21,646 INFO o.a.j.t.JMeterThread: Thread started: Thread Group 1-2386
2026-09-11 01:31:21,646 INFO o.a.j.t.JMeterThread: Thread started: Thread Group 1-2383
2026-09-11 01:31:21,646 INFO o.a.j.t.JMeterThread: Thread started: Thread Group 1-2384
2026-09-11 01:31:21,650 INFO o.a.j.t.JMeterThread: Thread started: Thread Group 1-2385
2026-09-11 01:31:21,651 INFO o.a.j.t.JMeterThread: Thread started: Thread Group 1-2390
2026-09-11 01:31:21,652 INFO o.a.j.t.JMeterThread: Thread started: Thread Group 1-2387
2026-09-11 01:31:21,652 INFO o.a.j.t.JMeterThread: Thread started: Thread Group 1-2388
2026-09-11 01:31:21,652 INFO o.a.j.t.JMeterThread: Thread started: Thread Group 1-2389
2026-09-11 01:31:21,653 INFO o.a.j.t.JMeterThread: Thread started: Thread Group 1-2391
2026-09-11 01:31:21,655 INFO o.a.j.t.JMeterThread: Thread started: Thread Group 1-2392
2026-09-11 01:31:21,657 INFO o.a.j.t.JMeterThread: Thread started: Thread Group 1-2397
2026-09-11 01:31:21,657 INFO o.a.j.t.JMeterThread: Thread started: Thread Group 1-2395
2026-09-11 01:31:21,657 INFO o.a.j.t.JMeterThread: Thread started: Thread Group 1-2393
2026-09-11 01:31:21,657 INFO o.a.j.t.JMeterThread: Thread started: Thread Group 1-2394
2026-09-11 01:31:21,657 INFO o.a.j.t.JMeterThread: Thread started: Thread Group 1-2396
2026-09-11 01:31:21,657 INFO o.a.j.t.JMeterThread: Thread started: Thread Group 1-2398
2026-09-11 01:31:21,659 INFO o.a.j.t.JMeterThread: Thread started: Thread Group 1-2399
2026-09-11 01:31:21,662 INFO o.a.j.t.JMeterThread: Thread started: Thread Group 1-2402
2026-09-11 01:31:21,662 INFO o.a.j.t.JMeterThread: Thread started: Thread Group 1-2401
2026-09-11 01:31:21,663 INFO o.a.j.t.JMeterThread: Thread started: Thread Group 1-2400
2026-09-11 01:31:21,664 INFO o.a.j.t.JMeterThread: Thread started: Thread Group 1-2404
2026-09-11 01:31:21,667 INFO o.a.j.t.JMeterThread: Thread started: Thread Group 1-2405
2026-09-11 01:31:21,667 INFO o.a.j.t.JMeterThread: Thread started: Thread Group 1-2406
2026-09-11 01:31:21,667 INFO o.a.j.t.JMeterThread: Thread started: Thread Group 1-2403
2026-09-11 01:31:21,669 INFO o.a.j.t.JMeterThread: Thread started: Thread Group 1-2408
2026-09-11 01:31:21,670 INFO o.a.j.t.JMeterThread: Thread started: Thread Group 1-2407
2026-09-11 01:31:21,671 INFO o.a.j.t.JMeterThread: Thread started: Thread Group 1-2411
2026-09-11 01:31:21,673 INFO o.a.j.t.JMeterThread: Thread started: Thread Group 1-2409
2026-09-11 01:31:21,674 INFO o.a.j.t.JMeterThread: Thread started: Thread Group 1-2413
2026-09-11 01:31:21,675 INFO o.a.j.t.JMeterThread: Thread started: Thread Group 1-2410
2026-09-11 01:31:21,675 INFO o.a.j.t.JMeterThread: Thread started: Thread Group 1-2415
2026-09-11 01:31:21,675 INFO o.a.j.t.JMeterThread: Thread started: Thread Group 1-2414
2026-09-11 01:31:21,676 INFO o.a.j.t.JMeterThread: Thread started: Thread Group 1-2412
2026-09-11 01:31:21,677 INFO o.a.j.t.JMeterThread: Thread started: Thread Group 1-2416
2026-09-11 01:31:21,677 INFO o.a.j.t.JMeterThread: Thread started: Thread Group 1-2417
2026-09-11 01:31:21,681 INFO o.a.j.t.JMeterThread: Thread started: Thread Group 1-2418
2026-09-11 01:31:21,684 INFO o.a.j.t.JMeterThread: Thread started: Thread Group 1-2419
2026-09-11 01:31:21,685 INFO o.a.j.t.JMeterThread: Thread started: Thread Group 1-2422
2026-09-11 01:31:21,686 INFO o.a.j.t.JMeterThread: Thread started: Thread Group 1-2421
2026-09-11 01:31:21,686 INFO o.a.j.t.JMeterThread: Thread started: Thread Group 1-2420
2026-09-11 01:31:21,686 INFO o.a.j.t.JMeterThread: Thread started: Thread Group 1-2425
2026-09-11 01:31:21,687 INFO o.a.j.t.JMeterThread: Thread started: Thread Group 1-2423
2026-09-11 01:31:21,688 INFO o.a.j.t.JMeterThread: Thread started: Thread Group 1-2424
2026-09-11 01:31:21,688 INFO o.a.j.t.JMeterThread: Thread started: Thread Group 1-2426
2026-09-11 01:31:21,690 INFO o.a.j.t.JMeterThread: Thread started: Thread Group 1-2429
2026-09-11 01:31:21,689 INFO o.a.j.t.JMeterThread: Thread started: Thread Group 1-2427
2026-09-11 01:31:21,692 INFO o.a.j.t.JMeterThread: Thread started: Thread Group 1-2428
2026-09-11 01:31:21,694 INFO o.a.j.t.JMeterThread: Thread started: Thread Group 1-2430
2026-09-11 01:31:21,694 INFO o.a.j.t.JMeterThread: Thread started: Thread Group 1-2431
2026-09-11 01:31:21,694 INFO o.a.j.t.JMeterThread: Thread started: Thread Group 1-2432
2026-09-11 01:31:21,695 INFO o.a.j.t.JMeterThread: Thread started: Thread Group 1-2434
2026-09-11 01:31:21,695 INFO o.a.j.t.JMeterThread: Thread started: Thread Group 1-2433
2026-09-11 01:31:21,697 INFO o.a.j.t.JMeterThread: Thread started: Thread Group 1-2435
2026-09-11 01:31:21,699 INFO o.a.j.t.JMeterThread: Thread started: Thread Group 1-2439
2026-09-11 01:31:21,699 INFO o.a.j.t.JMeterThread: Thread started: Thread Group 1-2438
2026-09-11 01:31:21,700 INFO o.a.j.t.JMeterThread: Thread started: Thread Group 1-2436
2026-09-11 01:31:21,701 INFO o.a.j.t.JMeterThread: Thread started: Thread Group 1-2437
2026-09-11 01:31:21,703 INFO o.a.j.t.JMeterThread: Thread started: Thread Group 1-2440
2026-09-11 01:31:21,704 INFO o.a.j.t.JMeterThread: Thread started: Thread Group 1-2441
2026-09-11 01:31:21,706 INFO o.a.j.t.JMeterThread: Thread started: Thread Group 1-2442
2026-09-11 01:31:21,706 INFO o.a.j.t.JMeterThread: Thread started: Thread Group 1-2444
2026-09-11 01:31:21,707 INFO o.a.j.t.JMeterThread: Thread started: Thread Group 1-2446
2026-09-11 01:31:21,707 INFO o.a.j.t.JMeterThread: Thread started: Thread Group 1-2443
2026-09-11 01:31:21,708 INFO o.a.j.t.JMeterThread: Thread started: Thread Group 1-2445
2026-09-11 01:31:21,710 INFO o.a.j.t.JMeterThread: Thread started: Thread Group 1-2447
2026-09-11 01:31:21,712 INFO o.a.j.t.JMeterThread: Thread started: Thread Group 1-2448
2026-09-11 01:31:21,712 INFO o.a.j.t.JMeterThread: Thread started: Thread Group 1-2449
2026-09-11 01:31:21,712 INFO o.a.j.t.JMeterThread: Thread started: Thread Group 1-2451
2026-09-11 01:31:21,713 INFO o.a.j.t.JMeterThread: Thread started: Thread Group 1-2450
2026-09-11 01:31:21,713 INFO o.a.j.t.JMeterThread: Thread started: Thread Group 1-2452
2026-09-11 01:31:21,714 INFO o.a.j.t.JMeterThread: Thread started: Thread Group 1-2453
2026-09-11 01:31:21,719 INFO o.a.j.t.JMeterThread: Thread started: Thread Group 1-2454
2026-09-11 01:31:21,719 INFO o.a.j.t.JMeterThread: Thread started: Thread Group 1-2457
2026-09-11 01:31:21,720 INFO o.a.j.t.JMeterThread: Thread started: Thread Group 1-2455
2026-09-11 01:31:21,720 INFO o.a.j.t.JMeterThread: Thread started: Thread Group 1-2456
2026-09-11 01:31:21,720 INFO o.a.j.t.JMeterThread: Thread started: Thread Group 1-2458
2026-09-11 01:31:21,724 INFO o.a.j.t.JMeterThread: Thread started: Thread Group 1-2460
2026-09-11 01:31:21,725 INFO o.a.j.t.JMeterThread: Thread started: Thread Group 1-2459
2026-09-11 01:31:21,725 INFO o.a.j.t.JMeterThread: Thread started: Thread Group 1-2461
2026-09-11 01:31:21,725 INFO o.a.j.t.JMeterThread: Thread started: Thread Group 1-2463
2026-09-11 01:31:21,725 INFO o.a.j.t.JMeterThread: Thread started: Thread Group 1-2464
2026-09-11 01:31:21,727 INFO o.a.j.t.JMeterThread: Thread started: Thread Group 1-2465
2026-09-11 01:31:21,726 INFO o.a.j.t.JMeterThread: Thread started: Thread Group 1-2462
2026-09-11 01:31:21,728 INFO o.a.j.t.JMeterThread: Thread started: Thread Group 1-2468
2026-09-11 01:31:21,728 INFO o.a.j.t.JMeterThread: Thread started: Thread Group 1-2469
2026-09-11 01:31:21,730 INFO o.a.j.t.JMeterThread: Thread started: Thread Group 1-2470
2026-09-11 01:31:21,730 INFO o.a.j.t.JMeterThread: Thread started: Thread Group 1-2466
2026-09-11 01:31:21,730 INFO o.a.j.t.JMeterThread: Thread started: Thread Group 1-2467
2026-09-11 01:31:21,734 INFO o.a.j.t.JMeterThread: Thread started: Thread Group 1-2471
2026-09-11 01:31:21,734 INFO o.a.j.t.JMeterThread: Thread started: Thread Group 1-2472
2026-09-11 01:31:21,735 INFO o.a.j.t.JMeterThread: Thread started: Thread Group 1-2474
2026-09-11 01:31:21,735 INFO o.a.j.t.JMeterThread: Thread started: Thread Group 1-2476
2026-09-11 01:31:21,736 INFO o.a.j.t.JMeterThread: Thread started: Thread Group 1-2473
2026-09-11 01:31:21,739 INFO o.a.j.t.JMeterThread: Thread started: Thread Group 1-2475
2026-09-11 01:31:21,741 INFO o.a.j.t.JMeterThread: Thread started: Thread Group 1-2481
2026-09-11 01:31:21,741 INFO o.a.j.t.JMeterThread: Thread started: Thread Group 1-2477
2026-09-11 01:31:21,742 INFO o.a.j.t.JMeterThread: Thread started: Thread Group 1-2479
2026-09-11 01:31:21,743 INFO o.a.j.t.JMeterThread: Thread started: Thread Group 1-2480
2026-09-11 01:31:21,743 INFO o.a.j.t.JMeterThread: Thread started: Thread Group 1-2478
2026-09-11 01:31:21,744 INFO o.a.j.t.JMeterThread: Thread started: Thread Group 1-2482
2026-09-11 01:31:21,745 INFO o.a.j.t.JMeterThread: Thread started: Thread Group 1-2483
2026-09-11 01:31:21,748 INFO o.a.j.t.JMeterThread: Thread started: Thread Group 1-2484
2026-09-11 01:31:21,749 INFO o.a.j.t.JMeterThread: Thread started: Thread Group 1-2488
2026-09-11 01:31:21,749 INFO o.a.j.t.JMeterThread: Thread started: Thread Group 1-2487
2026-09-11 01:31:21,750 INFO o.a.j.t.JMeterThread: Thread started: Thread Group 1-2485
2026-09-11 01:31:21,750 INFO o.a.j.t.JMeterThread: Thread started: Thread Group 1-2486
2026-09-11 01:31:21,750 INFO o.a.j.t.JMeterThread: Thread started: Thread Group 1-2491
2026-09-11 01:31:21,752 INFO o.a.j.t.JMeterThread: Thread started: Thread Group 1-2492
2026-09-11 01:31:21,752 INFO o.a.j.t.JMeterThread: Thread started: Thread Group 1-2490
2026-09-11 01:31:21,752 INFO o.a.j.t.JMeterThread: Thread started: Thread Group 1-2489
2026-09-11 01:31:21,756 INFO o.a.j.t.JMeterThread: Thread started: Thread Group 1-2496
2026-09-11 01:31:21,758 INFO o.a.j.t.JMeterThread: Thread started: Thread Group 1-2494
2026-09-11 01:31:21,758 INFO o.a.j.t.JMeterThread: Thread started: Thread Group 1-2493
2026-09-11 01:31:21,759 INFO o.a.j.t.JMeterThread: Thread started: Thread Group 1-2495
2026-09-11 01:31:21,760 INFO o.a.j.t.JMeterThread: Thread started: Thread Group 1-2497
2026-09-11 01:31:21,761 INFO o.a.j.t.JMeterThread: Thread started: Thread Group 1-2498
2026-09-11 01:31:21,761 INFO o.a.j.t.JMeterThread: Thread started: Thread Group 1-2499
2026-09-11 01:31:21,762 INFO o.a.j.t.JMeterThread: Thread started: Thread Group 1-2500
2026-09-11 01:31:21,766 INFO o.a.j.t.JMeterThread: Thread started: Thread Group 1-2501
2026-09-11 01:31:21,766 INFO o.a.j.t.JMeterThread: Thread started: Thread Group 1-2505
2026-09-11 01:31:21,768 INFO o.a.j.t.JMeterThread: Thread started: Thread Group 1-2502
2026-09-11 01:31:21,768 INFO o.a.j.t.JMeterThread: Thread started: Thread Group 1-2506
2026-09-11 01:31:21,768 INFO o.a.j.t.JMeterThread: Thread started: Thread Group 1-2504
2026-09-11 01:31:21,768 INFO o.a.j.t.JMeterThread: Thread started: Thread Group 1-2503
2026-09-11 01:31:21,770 INFO o.a.j.t.JMeterThread: Thread started: Thread Group 1-2509
2026-09-11 01:31:21,770 INFO o.a.j.t.JMeterThread: Thread started: Thread Group 1-2507
2026-09-11 01:31:21,771 INFO o.a.j.t.JMeterThread: Thread started: Thread Group 1-2508
2026-09-11 01:31:21,772 INFO o.a.j.t.JMeterThread: Thread started: Thread Group 1-2510
2026-09-11 01:31:21,773 INFO o.a.j.t.JMeterThread: Thread started: Thread Group 1-2512
2026-09-11 01:31:21,773 INFO o.a.j.t.JMeterThread: Thread started: Thread Group 1-2511
2026-09-11 01:31:21,774 INFO o.a.j.t.JMeterThread: Thread started: Thread Group 1-2513
2026-09-11 01:31:21,774 INFO o.a.j.t.JMeterThread: Thread started: Thread Group 1-2514
2026-09-11 01:31:21,777 INFO o.a.j.t.JMeterThread: Thread started: Thread Group 1-2515
2026-09-11 01:31:21,777 INFO o.a.j.t.JMeterThread: Thread started: Thread Group 1-2517
2026-09-11 01:31:21,778 INFO o.a.j.t.JMeterThread: Thread started: Thread Group 1-2516
2026-09-11 01:31:21,780 INFO o.a.j.t.JMeterThread: Thread started: Thread Group 1-2520
2026-09-11 01:31:21,779 INFO o.a.j.t.JMeterThread: Thread started: Thread Group 1-2519
2026-09-11 01:31:21,782 INFO o.a.j.t.JMeterThread: Thread started: Thread Group 1-2518
2026-09-11 01:31:21,784 INFO o.a.j.t.JMeterThread: Thread started: Thread Group 1-2522
2026-09-11 01:31:21,785 INFO o.a.j.t.JMeterThread: Thread started: Thread Group 1-2521
2026-09-11 01:31:21,788 INFO o.a.j.t.JMeterThread: Thread started: Thread Group 1-2523
2026-09-11 01:31:21,788 INFO o.a.j.t.JMeterThread: Thread started: Thread Group 1-2525
2026-09-11 01:31:21,788 INFO o.a.j.t.JMeterThread: Thread started: Thread Group 1-2524
2026-09-11 01:31:21,786 INFO o.a.j.t.JMeterThread: Thread started: Thread Group 1-2526
2026-09-11 01:31:21,791 INFO o.a.j.t.JMeterThread: Thread started: Thread Group 1-2531
2026-09-11 01:31:21,791 INFO o.a.j.t.JMeterThread: Thread started: Thread Group 1-2528
2026-09-11 01:31:21,791 INFO o.a.j.t.JMeterThread: Thread started: Thread Group 1-2527
2026-09-11 01:31:21,793 INFO o.a.j.t.JMeterThread: Thread started: Thread Group 1-2530
2026-09-11 01:31:21,793 INFO o.a.j.t.JMeterThread: Thread started: Thread Group 1-2532
2026-09-11 01:31:21,793 INFO o.a.j.t.JMeterThread: Thread started: Thread Group 1-2529
2026-09-11 01:31:21,794 INFO o.a.j.t.JMeterThread: Thread started: Thread Group 1-2533
2026-09-11 01:31:21,796 INFO o.a.j.t.JMeterThread: Thread started: Thread Group 1-2534
2026-09-11 01:31:21,797 INFO o.a.j.t.JMeterThread: Thread started: Thread Group 1-2537
2026-09-11 01:31:21,799 INFO o.a.j.t.JMeterThread: Thread started: Thread Group 1-2535
2026-09-11 01:31:21,799 INFO o.a.j.t.JMeterThread: Thread started: Thread Group 1-2536
2026-09-11 01:31:21,800 INFO o.a.j.t.JMeterThread: Thread started: Thread Group 1-2538
2026-09-11 01:31:21,801 INFO o.a.j.t.JMeterThread: Thread started: Thread Group 1-2539
2026-09-11 01:31:21,801 INFO o.a.j.t.JMeterThread: Thread started: Thread Group 1-2540
2026-09-11 01:31:21,804 INFO o.a.j.t.JMeterThread: Thread started: Thread Group 1-2541
2026-09-11 01:31:21,805 INFO o.a.j.t.JMeterThread: Thread started: Thread Group 1-2544
2026-09-11 01:31:21,809 INFO o.a.j.t.JMeterThread: Thread started: Thread Group 1-2549
2026-09-11 01:31:21,809 INFO o.a.j.t.JMeterThread: Thread started: Thread Group 1-2547
2026-09-11 01:31:21,809 INFO o.a.j.t.JMeterThread: Thread started: Thread Group 1-2543
2026-09-11 01:31:21,811 INFO o.a.j.t.JMeterThread: Thread started: Thread Group 1-2545
2026-09-11 01:31:21,811 INFO o.a.j.t.JMeterThread: Thread started: Thread Group 1-2542
2026-09-11 01:31:21,811 INFO o.a.j.t.JMeterThread: Thread started: Thread Group 1-2550
2026-09-11 01:31:21,811 INFO o.a.j.t.JMeterThread: Thread started: Thread Group 1-2548
2026-09-11 01:31:21,812 INFO o.a.j.t.JMeterThread: Thread started: Thread Group 1-2546
2026-09-11 01:31:21,815 INFO o.a.j.t.JMeterThread: Thread started: Thread Group 1-2551
2026-09-11 01:31:21,816 INFO o.a.j.t.JMeterThread: Thread started: Thread Group 1-2552
2026-09-11 01:31:21,816 INFO o.a.j.t.JMeterThread: Thread started: Thread Group 1-2554
2026-09-11 01:31:21,816 INFO o.a.j.t.JMeterThread: Thread started: Thread Group 1-2555
2026-09-11 01:31:21,817 INFO o.a.j.t.JMeterThread: Thread started: Thread Group 1-2553
2026-09-11 01:31:21,822 INFO o.a.j.t.JMeterThread: Thread started: Thread Group 1-2558
2026-09-11 01:31:21,873 INFO o.a.j.t.JMeterThread: Thread started: Thread Group 1-2564
2026-09-11 01:31:21,873 INFO o.a.j.t.JMeterThread: Thread started: Thread Group 1-2562
2026-09-11 01:31:21,873 INFO o.a.j.t.JMeterThread: Thread started: Thread Group 1-2566
2026-09-11 01:31:21,874 INFO o.a.j.t.JMeterThread: Thread started: Thread Group 1-2568
2026-09-11 01:31:21,873 INFO o.a.j.t.JMeterThread: Thread started: Thread Group 1-2565
2026-09-11 01:31:21,882 INFO o.a.j.t.JMeterThread: Thread started: Thread Group 1-2609
2026-09-11 01:31:21,883 INFO o.a.j.t.JMeterThread: Thread started: Thread Group 1-2612
2026-09-11 01:31:21,885 INFO o.a.j.t.JMeterThread: Thread started: Thread Group 1-2614
2026-09-11 01:31:21,885 INFO o.a.j.t.JMeterThread: Thread started: Thread Group 1-2613
2026-09-11 01:31:21,885 INFO o.a.j.t.JMeterThread: Thread started: Thread Group 1-2618
2026-09-11 01:31:21,885 INFO o.a.j.t.JMeterThread: Thread started: Thread Group 1-2616
2026-09-11 01:31:21,886 INFO o.a.j.t.JMeterThread: Thread started: Thread Group 1-2615
2026-09-11 01:31:21,886 INFO o.a.j.t.JMeterThread: Thread started: Thread Group 1-2617
2026-09-11 01:31:21,886 INFO o.a.j.t.JMeterThread: Thread started: Thread Group 1-2560
2026-09-11 01:31:21,887 INFO o.a.j.t.JMeterThread: Thread started: Thread Group 1-2622
2026-09-11 01:31:21,887 INFO o.a.j.t.JMeterThread: Thread started: Thread Group 1-2620
2026-09-11 01:31:21,887 INFO o.a.j.t.JMeterThread: Thread started: Thread Group 1-2619
2026-09-11 01:31:21,887 INFO o.a.j.t.JMeterThread: Thread started: Thread Group 1-2621
2026-09-11 01:31:21,890 INFO o.a.j.t.JMeterThread: Thread started: Thread Group 1-2570
2026-09-11 01:31:21,890 INFO o.a.j.t.JMeterThread: Thread started: Thread Group 1-2625
2026-09-11 01:31:21,891 INFO o.a.j.t.JMeterThread: Thread started: Thread Group 1-2571
2026-09-11 01:31:21,890 INFO o.a.j.t.JMeterThread: Thread started: Thread Group 1-2626
2026-09-11 01:31:21,892 INFO o.a.j.t.JMeterThread: Thread started: Thread Group 1-2630
2026-09-11 01:31:21,892 INFO o.a.j.t.JMeterThread: Thread started: Thread Group 1-2628
2026-09-11 01:31:21,892 INFO o.a.j.t.JMeterThread: Thread started: Thread Group 1-2629
2026-09-11 01:31:21,893 INFO o.a.j.t.JMeterThread: Thread started: Thread Group 1-2631
2026-09-11 01:31:21,873 INFO o.a.j.t.JMeterThread: Thread started: Thread Group 1-2563
2026-09-11 01:31:21,894 INFO o.a.j.t.JMeterThread: Thread started: Thread Group 1-2627
2026-09-11 01:31:21,895 INFO o.a.j.t.JMeterThread: Thread started: Thread Group 1-2623
2026-09-11 01:31:21,896 INFO o.a.j.t.JMeterThread: Thread started: Thread Group 1-2624
2026-09-11 01:31:21,897 INFO o.a.j.t.JMeterThread: Thread started: Thread Group 1-2632
2026-09-11 01:31:21,898 INFO o.a.j.t.JMeterThread: Thread started: Thread Group 1-2634
2026-09-11 01:31:21,899 INFO o.a.j.t.JMeterThread: Thread started: Thread Group 1-2633
2026-09-11 01:31:21,902 INFO o.a.j.t.JMeterThread: Thread started: Thread Group 1-2635
2026-09-11 01:31:21,906 INFO o.a.j.t.JMeterThread: Thread started: Thread Group 1-2574
2026-09-11 01:31:21,906 INFO o.a.j.t.JMeterThread: Thread started: Thread Group 1-2636
2026-09-11 01:31:21,907 INFO o.a.j.t.JMeterThread: Thread started: Thread Group 1-2639
2026-09-11 01:31:21,907 INFO o.a.j.t.JMeterThread: Thread started: Thread Group 1-2638
2026-09-11 01:31:21,907 INFO o.a.j.t.JMeterThread: Thread started: Thread Group 1-2575
2026-09-11 01:31:21,907 INFO o.a.j.t.JMeterThread: Thread started: Thread Group 1-2637
2026-09-11 01:31:21,907 INFO o.a.j.t.JMeterThread: Thread started: Thread Group 1-2640
2026-09-11 01:31:21,907 INFO o.a.j.t.JMeterThread: Thread started: Thread Group 1-2573
2026-09-11 01:31:21,908 INFO o.a.j.t.JMeterThread: Thread started: Thread Group 1-2578
2026-09-11 01:31:21,908 INFO o.a.j.t.JMeterThread: Thread started: Thread Group 1-2576
2026-09-11 01:31:21,908 INFO o.a.j.t.JMeterThread: Thread started: Thread Group 1-2641
2026-09-11 01:31:21,908 INFO o.a.j.t.JMeterThread: Thread started: Thread Group 1-2577
2026-09-11 01:31:21,909 INFO o.a.j.t.JMeterThread: Thread started: Thread Group 1-2572
2026-09-11 01:31:21,873 INFO o.a.j.t.JMeterThread: Thread started: Thread Group 1-2559
2026-09-11 01:31:21,913 INFO o.a.j.t.JMeterThread: Thread started: Thread Group 1-2644
2026-09-11 01:31:21,873 INFO o.a.j.t.JMeterThread: Thread started: Thread Group 1-2557
2026-09-11 01:31:21,873 INFO o.a.j.t.JMeterThread: Thread started: Thread Group 1-2556
2026-09-11 01:31:21,914 INFO o.a.j.t.JMeterThread: Thread started: Thread Group 1-2648
2026-09-11 01:31:21,915 INFO o.a.j.t.JMeterThread: Thread started: Thread Group 1-2643
2026-09-11 01:31:21,915 INFO o.a.j.t.JMeterThread: Thread started: Thread Group 1-2642
2026-09-11 01:31:21,917 INFO o.a.j.t.JMeterThread: Thread started: Thread Group 1-2646
2026-09-11 01:31:21,917 INFO o.a.j.t.JMeterThread: Thread started: Thread Group 1-2645
2026-09-11 01:31:21,917 INFO o.a.j.t.JMeterThread: Thread started: Thread Group 1-2649
2026-09-11 01:31:21,917 INFO o.a.j.t.JMeterThread: Thread started: Thread Group 1-2651
2026-09-11 01:31:21,917 INFO o.a.j.t.JMeterThread: Thread started: Thread Group 1-2605
2026-09-11 01:31:21,918 INFO o.a.j.t.JMeterThread: Thread started: Thread Group 1-2650
2026-09-11 01:31:21,919 INFO o.a.j.t.JMeterThread: Thread started: Thread Group 1-2653
2026-09-11 01:31:21,919 INFO o.a.j.t.JMeterThread: Thread started: Thread Group 1-2608
2026-09-11 01:31:21,920 INFO o.a.j.t.JMeterThread: Thread started: Thread Group 1-2647
2026-09-11 01:31:21,922 INFO o.a.j.t.JMeterThread: Thread started: Thread Group 1-2654
2026-09-11 01:31:21,922 INFO o.a.j.t.JMeterThread: Thread started: Thread Group 1-2584
2026-09-11 01:31:21,922 INFO o.a.j.t.JMeterThread: Thread started: Thread Group 1-2655
2026-09-11 01:31:21,922 INFO o.a.j.t.JMeterThread: Thread started: Thread Group 1-2652
2026-09-11 01:31:21,888 INFO o.a.j.t.JMeterThread: Thread started: Thread Group 1-2561
2026-09-11 01:31:21,926 INFO o.a.j.t.JMeterThread: Thread started: Thread Group 1-2656
2026-09-11 01:31:21,928 INFO o.a.j.t.JMeterThread: Thread started: Thread Group 1-2590
2026-09-11 01:31:21,928 INFO o.a.j.t.JMeterThread: Thread started: Thread Group 1-2591
2026-09-11 01:31:21,929 INFO o.a.j.t.JMeterThread: Thread started: Thread Group 1-2666
2026-09-11 01:31:21,930 INFO o.a.j.t.JMeterThread: Thread started: Thread Group 1-2593
2026-09-11 01:31:21,930 INFO o.a.j.t.JMeterThread: Thread started: Thread Group 1-2595
2026-09-11 01:31:21,931 INFO o.a.j.t.JMeterThread: Thread started: Thread Group 1-2594
2026-09-11 01:31:21,932 INFO o.a.j.t.JMeterThread: Thread started: Thread Group 1-2597
2026-09-11 01:31:21,932 INFO o.a.j.t.JMeterThread: Thread started: Thread Group 1-2669
2026-09-11 01:31:21,933 INFO o.a.j.t.JMeterThread: Thread started: Thread Group 1-2598
2026-09-11 01:31:21,934 INFO o.a.j.t.JMeterThread: Thread started: Thread Group 1-2668
2026-09-11 01:31:21,934 INFO o.a.j.t.JMeterThread: Thread started: Thread Group 1-2596
2026-09-11 01:31:21,934 INFO o.a.j.t.JMeterThread: Thread started: Thread Group 1-2607
2026-09-11 01:31:21,935 INFO o.a.j.t.JMeterThread: Thread started: Thread Group 1-2610
2026-09-11 01:31:21,935 INFO o.a.j.t.JMeterThread: Thread started: Thread Group 1-2599
2026-09-11 01:31:21,936 INFO o.a.j.t.JMeterThread: Thread started: Thread Group 1-2600
2026-09-11 01:31:21,937 INFO o.a.j.t.JMeterThread: Thread started: Thread Group 1-2606
2026-09-11 01:31:21,937 INFO o.a.j.t.JMeterThread: Thread started: Thread Group 1-2611
2026-09-11 01:31:21,938 INFO o.a.j.t.JMeterThread: Thread started: Thread Group 1-2670
2026-09-11 01:31:21,939 INFO o.a.j.t.JMeterThread: Thread started: Thread Group 1-2671
2026-09-11 01:31:21,939 INFO o.a.j.t.JMeterThread: Thread started: Thread Group 1-2602
2026-09-11 01:31:21,940 INFO o.a.j.t.JMeterThread: Thread started: Thread Group 1-2601
2026-09-11 01:31:21,941 INFO o.a.j.t.JMeterThread: Thread started: Thread Group 1-2672
2026-09-11 01:31:21,942 INFO o.a.j.t.JMeterThread: Thread started: Thread Group 1-2676
2026-09-11 01:31:21,943 INFO o.a.j.t.JMeterThread: Thread started: Thread Group 1-2675
2026-09-11 01:31:21,874 INFO o.a.j.t.JMeterThread: Thread started: Thread Group 1-2569
2026-09-11 01:31:21,943 INFO o.a.j.t.JMeterThread: Thread started: Thread Group 1-2678
2026-09-11 01:31:21,944 INFO o.a.j.t.JMeterThread: Thread started: Thread Group 1-2674
2026-09-11 01:31:21,944 INFO o.a.j.t.JMeterThread: Thread started: Thread Group 1-2677
2026-09-11 01:31:21,945 INFO o.a.j.t.JMeterThread: Thread started: Thread Group 1-2680
2026-09-11 01:31:21,945 INFO o.a.j.t.JMeterThread: Thread started: Thread Group 1-2679
2026-09-11 01:31:21,873 INFO o.a.j.t.JMeterThread: Thread started: Thread Group 1-2567
2026-09-11 01:31:21,946 INFO o.a.j.t.JMeterThread: Thread started: Thread Group 1-2681
2026-09-11 01:31:21,946 INFO o.a.j.t.JMeterThread: Thread started: Thread Group 1-2683
2026-09-11 01:31:21,940 INFO o.a.j.t.JMeterThread: Thread started: Thread Group 1-2603
2026-09-11 01:31:21,940 INFO o.a.j.t.JMeterThread: Thread started: Thread Group 1-2604
2026-09-11 01:31:21,940 INFO o.a.j.t.JMeterThread: Thread started: Thread Group 1-2673
2026-09-11 01:31:21,929 INFO o.a.j.t.JMeterThread: Thread started: Thread Group 1-2667
2026-09-11 01:31:21,950 INFO o.a.j.t.JMeterThread: Thread started: Thread Group 1-2682
2026-09-11 01:31:21,950 INFO o.a.j.t.JMeterThread: Thread started: Thread Group 1-2685
2026-09-11 01:31:21,951 INFO o.a.j.t.JMeterThread: Thread started: Thread Group 1-2687
2026-09-11 01:31:21,951 INFO o.a.j.t.JMeterThread: Thread started: Thread Group 1-2686
2026-09-11 01:31:21,928 INFO o.a.j.t.JMeterThread: Thread started: Thread Group 1-2592
2026-09-11 01:31:21,928 INFO o.a.j.t.JMeterThread: Thread started: Thread Group 1-2662
2026-09-11 01:31:21,928 INFO o.a.j.t.JMeterThread: Thread started: Thread Group 1-2585
2026-09-11 01:31:21,953 INFO o.a.j.t.JMeterThread: Thread started: Thread Group 1-2690
2026-09-11 01:31:21,928 INFO o.a.j.t.JMeterThread: Thread started: Thread Group 1-2583
2026-09-11 01:31:21,928 INFO o.a.j.t.JMeterThread: Thread started: Thread Group 1-2589
2026-09-11 01:31:21,928 INFO o.a.j.t.JMeterThread: Thread started: Thread Group 1-2665
2026-09-11 01:31:21,928 INFO o.a.j.t.JMeterThread: Thread started: Thread Group 1-2663
2026-09-11 01:31:21,954 INFO o.a.j.t.JMeterThread: Thread started: Thread Group 1-2693
2026-09-11 01:31:21,927 INFO o.a.j.t.JMeterThread: Thread started: Thread Group 1-2658
2026-09-11 01:31:21,927 INFO o.a.j.t.JMeterThread: Thread started: Thread Group 1-2587
2026-09-11 01:31:21,927 INFO o.a.j.t.JMeterThread: Thread started: Thread Group 1-2582
2026-09-11 01:31:21,927 INFO o.a.j.t.JMeterThread: Thread started: Thread Group 1-2581
2026-09-11 01:31:21,955 INFO o.a.j.t.JMeterThread: Thread started: Thread Group 1-2688
2026-09-11 01:31:21,927 INFO o.a.j.t.JMeterThread: Thread started: Thread Group 1-2664
2026-09-11 01:31:21,927 INFO o.a.j.t.JMeterThread: Thread started: Thread Group 1-2660
2026-09-11 01:31:21,927 INFO o.a.j.t.JMeterThread: Thread started: Thread Group 1-2588
2026-09-11 01:31:21,956 INFO o.a.j.t.JMeterThread: Thread started: Thread Group 1-2692
2026-09-11 01:31:21,926 INFO o.a.j.t.JMeterThread: Thread started: Thread Group 1-2661
2026-09-11 01:31:21,926 INFO o.a.j.t.JMeterThread: Thread started: Thread Group 1-2657
2026-09-11 01:31:21,926 INFO o.a.j.t.JMeterThread: Thread started: Thread Group 1-2659
2026-09-11 01:31:21,926 INFO o.a.j.t.JMeterThread: Thread started: Thread Group 1-2586
2026-09-11 01:31:21,960 INFO o.a.j.t.JMeterThread: Thread started: Thread Group 1-2696
2026-09-11 01:31:21,960 INFO o.a.j.t.JMeterThread: Thread started: Thread Group 1-2694
2026-09-11 01:31:21,960 INFO o.a.j.t.JMeterThread: Thread started: Thread Group 1-2695
2026-09-11 01:31:21,960 INFO o.a.j.t.JMeterThread: Thread started: Thread Group 1-2697
2026-09-11 01:31:21,960 INFO o.a.j.t.JMeterThread: Thread started: Thread Group 1-2698
2026-09-11 01:31:21,961 INFO o.a.j.t.JMeterThread: Thread started: Thread Group 1-2699
2026-09-11 01:31:21,962 INFO o.a.j.t.JMeterThread: Thread started: Thread Group 1-2700
2026-09-11 01:31:21,908 INFO o.a.j.t.JMeterThread: Thread started: Thread Group 1-2580
2026-09-11 01:31:21,908 INFO o.a.j.t.JMeterThread: Thread started: Thread Group 1-2579
2026-09-11 01:31:21,961 INFO o.a.j.t.JMeterThread: Thread started: Thread Group 1-2701
2026-09-11 01:31:21,951 INFO o.a.j.t.JMeterThread: Thread started: Thread Group 1-2691
2026-09-11 01:31:21,951 INFO o.a.j.t.JMeterThread: Thread started: Thread Group 1-2689
2026-09-11 01:31:21,948 INFO o.a.j.t.JMeterThread: Thread started: Thread Group 1-2684
2026-09-11 01:31:21,964 INFO o.a.j.t.JMeterThread: Thread started: Thread Group 1-2703
2026-09-11 01:31:21,965 INFO o.a.j.t.JMeterThread: Thread started: Thread Group 1-2705
2026-09-11 01:31:21,965 INFO o.a.j.t.JMeterThread: Thread started: Thread Group 1-2702
2026-09-11 01:31:21,967 INFO o.a.j.t.JMeterThread: Thread started: Thread Group 1-2706
2026-09-11 01:31:21,967 INFO o.a.j.t.JMeterThread: Thread started: Thread Group 1-2704
2026-09-11 01:31:21,971 INFO o.a.j.t.JMeterThread: Thread started: Thread Group 1-2708
2026-09-11 01:31:21,972 INFO o.a.j.t.JMeterThread: Thread started: Thread Group 1-2707
2026-09-11 01:31:21,972 INFO o.a.j.t.JMeterThread: Thread started: Thread Group 1-2710
2026-09-11 01:31:21,972 INFO o.a.j.t.JMeterThread: Thread started: Thread Group 1-2712
2026-09-11 01:31:21,975 INFO o.a.j.t.JMeterThread: Thread started: Thread Group 1-2709
2026-09-11 01:31:21,975 INFO o.a.j.t.JMeterThread: Thread started: Thread Group 1-2711
2026-09-11 01:31:21,976 INFO o.a.j.t.JMeterThread: Thread started: Thread Group 1-2713
2026-09-11 01:31:21,978 INFO o.a.j.t.JMeterThread: Thread started: Thread Group 1-2714
2026-09-11 01:31:21,979 INFO o.a.j.t.JMeterThread: Thread started: Thread Group 1-2718
2026-09-11 01:31:21,980 INFO o.a.j.t.JMeterThread: Thread started: Thread Group 1-2717
2026-09-11 01:31:21,980 INFO o.a.j.t.JMeterThread: Thread started: Thread Group 1-2719
2026-09-11 01:31:21,980 INFO o.a.j.t.JMeterThread: Thread started: Thread Group 1-2716
2026-09-11 01:31:21,979 INFO o.a.j.t.JMeterThread: Thread started: Thread Group 1-2715
2026-09-11 01:31:21,982 INFO o.a.j.t.JMeterThread: Thread started: Thread Group 1-2720
2026-09-11 01:31:21,983 INFO o.a.j.t.JMeterThread: Thread started: Thread Group 1-2722
2026-09-11 01:31:21,984 INFO o.a.j.t.JMeterThread: Thread started: Thread Group 1-2721
2026-09-11 01:31:21,987 INFO o.a.j.t.JMeterThread: Thread started: Thread Group 1-2726
2026-09-11 01:31:21,987 INFO o.a.j.t.JMeterThread: Thread started: Thread Group 1-2724
2026-09-11 01:31:21,987 INFO o.a.j.t.JMeterThread: Thread started: Thread Group 1-2725
2026-09-11 01:31:21,988 INFO o.a.j.t.JMeterThread: Thread started: Thread Group 1-2723
2026-09-11 01:31:21,991 INFO o.a.j.t.JMeterThread: Thread started: Thread Group 1-2727
2026-09-11 01:31:21,991 INFO o.a.j.t.JMeterThread: Thread started: Thread Group 1-2729
2026-09-11 01:31:21,992 INFO o.a.j.t.JMeterThread: Thread started: Thread Group 1-2728
2026-09-11 01:31:21,993 INFO o.a.j.t.JMeterThread: Thread started: Thread Group 1-2730
2026-09-11 01:31:21,994 INFO o.a.j.t.JMeterThread: Thread started: Thread Group 1-2732
2026-09-11 01:31:21,995 INFO o.a.j.t.JMeterThread: Thread started: Thread Group 1-2731
2026-09-11 01:31:21,995 INFO o.a.j.t.JMeterThread: Thread started: Thread Group 1-2733
2026-09-11 01:31:21,997 INFO o.a.j.t.JMeterThread: Thread started: Thread Group 1-2734
2026-09-11 01:31:21,998 INFO o.a.j.t.JMeterThread: Thread started: Thread Group 1-2735
2026-09-11 01:31:22,000 INFO o.a.j.t.JMeterThread: Thread started: Thread Group 1-2737
2026-09-11 01:31:22,000 INFO o.a.j.t.JMeterThread: Thread started: Thread Group 1-2738
2026-09-11 01:31:22,000 INFO o.a.j.t.JMeterThread: Thread started: Thread Group 1-2740
2026-09-11 01:31:22,001 INFO o.a.j.t.JMeterThread: Thread started: Thread Group 1-2739
2026-09-11 01:31:22,002 INFO o.a.j.t.JMeterThread: Thread started: Thread Group 1-2742
2026-09-11 01:31:22,003 INFO o.a.j.t.JMeterThread: Thread started: Thread Group 1-2741
2026-09-11 01:31:22,004 INFO o.a.j.t.JMeterThread: Thread started: Thread Group 1-2736
2026-09-11 01:31:22,004 INFO o.a.j.t.JMeterThread: Thread started: Thread Group 1-2744
2026-09-11 01:31:22,006 INFO o.a.j.t.JMeterThread: Thread started: Thread Group 1-2743
2026-09-11 01:31:22,008 INFO o.a.j.t.JMeterThread: Thread started: Thread Group 1-2746
2026-09-11 01:31:22,009 INFO o.a.j.t.JMeterThread: Thread started: Thread Group 1-2745
2026-09-11 01:31:22,010 INFO o.a.j.t.JMeterThread: Thread started: Thread Group 1-2748
2026-09-11 01:31:22,011 INFO o.a.j.t.JMeterThread: Thread started: Thread Group 1-2749
2026-09-11 01:31:22,012 INFO o.a.j.t.JMeterThread: Thread started: Thread Group 1-2747
2026-09-11 01:31:22,013 INFO o.a.j.t.JMeterThread: Thread started: Thread Group 1-2753
2026-09-11 01:31:22,014 INFO o.a.j.t.JMeterThread: Thread started: Thread Group 1-2750
2026-09-11 01:31:22,015 INFO o.a.j.t.JMeterThread: Thread started: Thread Group 1-2752
2026-09-11 01:31:22,016 INFO o.a.j.t.JMeterThread: Thread started: Thread Group 1-2751
2026-09-11 01:31:22,018 INFO o.a.j.t.JMeterThread: Thread started: Thread Group 1-2755
2026-09-11 01:31:22,018 INFO o.a.j.t.JMeterThread: Thread started: Thread Group 1-2754
2026-09-11 01:31:22,018 INFO o.a.j.t.JMeterThread: Thread started: Thread Group 1-2758
2026-09-11 01:31:22,020 INFO o.a.j.t.JMeterThread: Thread started: Thread Group 1-2757
2026-09-11 01:31:22,021 INFO o.a.j.t.JMeterThread: Thread started: Thread Group 1-2756
2026-09-11 01:31:22,025 INFO o.a.j.t.JMeterThread: Thread started: Thread Group 1-2760
2026-09-11 01:31:22,025 INFO o.a.j.t.JMeterThread: Thread started: Thread Group 1-2761
2026-09-11 01:31:22,026 INFO o.a.j.t.JMeterThread: Thread started: Thread Group 1-2759
2026-09-11 01:31:22,026 INFO o.a.j.t.JMeterThread: Thread started: Thread Group 1-2762
2026-09-11 01:31:22,027 INFO o.a.j.t.JMeterThread: Thread started: Thread Group 1-2764
2026-09-11 01:31:22,027 INFO o.a.j.t.JMeterThread: Thread started: Thread Group 1-2765
2026-09-11 01:31:22,028 INFO o.a.j.t.JMeterThread: Thread started: Thread Group 1-2766
2026-09-11 01:31:22,030 INFO o.a.j.t.JMeterThread: Thread started: Thread Group 1-2763
2026-09-11 01:31:22,032 INFO o.a.j.t.JMeterThread: Thread started: Thread Group 1-2767
2026-09-11 01:31:22,033 INFO o.a.j.t.JMeterThread: Thread started: Thread Group 1-2768
2026-09-11 01:31:22,033 INFO o.a.j.t.JMeterThread: Thread started: Thread Group 1-2771
2026-09-11 01:31:22,034 INFO o.a.j.t.JMeterThread: Thread started: Thread Group 1-2769
2026-09-11 01:31:22,034 INFO o.a.j.t.JMeterThread: Thread started: Thread Group 1-2770
2026-09-11 01:31:22,035 INFO o.a.j.t.JMeterThread: Thread started: Thread Group 1-2772
2026-09-11 01:31:22,034 INFO o.a.j.t.JMeterThread: Thread started: Thread Group 1-2773
2026-09-11 01:31:22,036 INFO o.a.j.t.JMeterThread: Thread started: Thread Group 1-2774
2026-09-11 01:31:22,038 INFO o.a.j.t.JMeterThread: Thread started: Thread Group 1-2776
2026-09-11 01:31:22,039 INFO o.a.j.t.JMeterThread: Thread started: Thread Group 1-2775
2026-09-11 01:31:22,040 INFO o.a.j.t.JMeterThread: Thread started: Thread Group 1-2777
2026-09-11 01:31:22,040 INFO o.a.j.t.JMeterThread: Thread started: Thread Group 1-2779
2026-09-11 01:31:22,046 INFO o.a.j.t.JMeterThread: Thread started: Thread Group 1-2778
2026-09-11 01:31:22,047 INFO o.a.j.t.JMeterThread: Thread started: Thread Group 1-2780
2026-09-11 01:31:22,055 INFO o.a.j.t.JMeterThread: Thread started: Thread Group 1-2781
2026-09-11 01:31:22,075 INFO o.a.j.t.JMeterThread: Thread started: Thread Group 1-2782
2026-09-11 01:31:22,075 INFO o.a.j.t.JMeterThread: Thread started: Thread Group 1-2784
2026-09-11 01:31:22,079 INFO o.a.j.t.JMeterThread: Thread started: Thread Group 1-2783
2026-09-11 01:31:22,080 INFO o.a.j.t.JMeterThread: Thread started: Thread Group 1-2787
2026-09-11 01:31:22,080 INFO o.a.j.t.JMeterThread: Thread started: Thread Group 1-2786
2026-09-11 01:31:22,082 INFO o.a.j.t.JMeterThread: Thread started: Thread Group 1-2792
2026-09-11 01:31:22,083 INFO o.a.j.t.JMeterThread: Thread started: Thread Group 1-2789
2026-09-11 01:31:22,084 INFO o.a.j.t.JMeterThread: Thread started: Thread Group 1-2791
2026-09-11 01:31:22,084 INFO o.a.j.t.JMeterThread: Thread started: Thread Group 1-2790
2026-09-11 01:31:22,085 INFO o.a.j.t.JMeterThread: Thread started: Thread Group 1-2788
2026-09-11 01:31:22,088 INFO o.a.j.t.JMeterThread: Thread started: Thread Group 1-2793
2026-09-11 01:31:22,089 INFO o.a.j.t.JMeterThread: Thread started: Thread Group 1-2794
2026-09-11 01:31:22,090 INFO o.a.j.t.JMeterThread: Thread started: Thread Group 1-2797
2026-09-11 01:31:22,091 INFO o.a.j.t.JMeterThread: Thread started: Thread Group 1-2795
2026-09-11 01:31:22,092 INFO o.a.j.t.JMeterThread: Thread started: Thread Group 1-2796
2026-09-11 01:31:22,093 INFO o.a.j.t.JMeterThread: Thread started: Thread Group 1-2799
2026-09-11 01:31:22,093 INFO o.a.j.t.JMeterThread: Thread started: Thread Group 1-2804
2026-09-11 01:31:22,093 INFO o.a.j.t.JMeterThread: Thread started: Thread Group 1-2801
2026-09-11 01:31:22,094 INFO o.a.j.t.JMeterThread: Thread started: Thread Group 1-2802
2026-09-11 01:31:22,096 INFO o.a.j.t.JMeterThread: Thread started: Thread Group 1-2807
2026-09-11 01:31:22,096 INFO o.a.j.t.JMeterThread: Thread started: Thread Group 1-2806
2026-09-11 01:31:22,098 INFO o.a.j.t.JMeterThread: Thread started: Thread Group 1-2816
2026-09-11 01:31:22,099 INFO o.a.j.t.JMeterThread: Thread started: Thread Group 1-2813
2026-09-11 01:31:22,100 INFO o.a.j.t.JMeterThread: Thread started: Thread Group 1-2814
2026-09-11 01:31:22,079 INFO o.a.j.t.JMeterThread: Thread started: Thread Group 1-2785
2026-09-11 01:31:22,102 INFO o.a.j.t.JMeterThread: Thread started: Thread Group 1-2815
2026-09-11 01:31:22,103 INFO o.a.j.t.JMeterThread: Thread started: Thread Group 1-2821
2026-09-11 01:31:22,103 INFO o.a.j.t.JMeterThread: Thread started: Thread Group 1-2819
2026-09-11 01:31:22,103 INFO o.a.j.t.JMeterThread: Thread started: Thread Group 1-2817
2026-09-11 01:31:22,105 INFO o.a.j.t.JMeterThread: Thread started: Thread Group 1-2818
2026-09-11 01:31:22,105 INFO o.a.j.t.JMeterThread: Thread started: Thread Group 1-2822
2026-09-11 01:31:22,106 INFO o.a.j.t.JMeterThread: Thread started: Thread Group 1-2824
2026-09-11 01:31:22,108 INFO o.a.j.t.JMeterThread: Thread started: Thread Group 1-2825
2026-09-11 01:31:22,110 INFO o.a.j.t.JMeterThread: Thread started: Thread Group 1-2838
2026-09-11 01:31:22,115 INFO o.a.j.t.JMeterThread: Thread started: Thread Group 1-2837
2026-09-11 01:31:22,096 INFO o.a.j.t.JMeterThread: Thread started: Thread Group 1-2808
2026-09-11 01:31:22,116 INFO o.a.j.t.JMeterThread: Thread started: Thread Group 1-2840
2026-09-11 01:31:22,116 INFO o.a.j.t.JMeterThread: Thread started: Thread Group 1-2847
2026-09-11 01:31:22,116 INFO o.a.j.t.JMeterThread: Thread started: Thread Group 1-2849
2026-09-11 01:31:22,118 INFO o.a.j.t.JMeterThread: Thread started: Thread Group 1-2850
2026-09-11 01:31:22,121 INFO o.a.j.t.JMeterThread: Thread started: Thread Group 1-2853
2026-09-11 01:31:22,121 INFO o.a.j.t.JMeterThread: Thread started: Thread Group 1-2851
2026-09-11 01:31:22,110 INFO o.a.j.t.JMeterThread: Thread started: Thread Group 1-2833
2026-09-11 01:31:22,110 INFO o.a.j.t.JMeterThread: Thread started: Thread Group 1-2832
2026-09-11 01:31:22,110 INFO o.a.j.t.JMeterThread: Thread started: Thread Group 1-2831
2026-09-11 01:31:22,122 INFO o.a.j.t.JMeterThread: Thread started: Thread Group 1-2830
2026-09-11 01:31:22,122 INFO o.a.j.t.JMeterThread: Thread started: Thread Group 1-2829
2026-09-11 01:31:22,123 INFO o.a.j.t.JMeterThread: Thread started: Thread Group 1-2828
2026-09-11 01:31:22,124 INFO o.a.j.t.JMeterThread: Thread started: Thread Group 1-2826
2026-09-11 01:31:22,108 INFO o.a.j.t.JMeterThread: Thread started: Thread Group 1-2827
2026-09-11 01:31:22,131 INFO o.a.j.t.JMeterThread: Thread started: Thread Group 1-2842
2026-09-11 01:31:22,132 INFO o.a.j.t.JMeterThread: Thread started: Thread Group 1-2841
2026-09-11 01:31:22,142 INFO o.a.j.t.JMeterThread: Thread started: Thread Group 1-2871
2026-09-11 01:31:22,143 INFO o.a.j.t.JMeterThread: Thread started: Thread Group 1-2872
2026-09-11 01:31:22,143 INFO o.a.j.t.JMeterThread: Thread started: Thread Group 1-2873
2026-09-11 01:31:22,143 INFO o.a.j.t.JMeterThread: Thread started: Thread Group 1-2861
2026-09-11 01:31:22,144 INFO o.a.j.t.JMeterThread: Thread started: Thread Group 1-2863
2026-09-11 01:31:22,145 INFO o.a.j.t.JMeterThread: Thread started: Thread Group 1-2874
2026-09-11 01:31:22,146 INFO o.a.j.t.JMeterThread: Thread started: Thread Group 1-2877
2026-09-11 01:31:22,096 INFO o.a.j.t.JMeterThread: Thread started: Thread Group 1-2805
2026-09-11 01:31:22,151 INFO o.a.j.t.JMeterThread: Thread started: Thread Group 1-2882
2026-09-11 01:31:22,152 INFO o.a.j.t.JMeterThread: Thread started: Thread Group 1-2879
2026-09-11 01:31:22,152 INFO o.a.j.t.JMeterThread: Thread started: Thread Group 1-2881
2026-09-11 01:31:22,153 INFO o.a.j.t.JMeterThread: Thread started: Thread Group 1-2875
2026-09-11 01:31:22,154 INFO o.a.j.t.JMeterThread: Thread started: Thread Group 1-2878
2026-09-11 01:31:22,154 INFO o.a.j.t.JMeterThread: Thread started: Thread Group 1-2876
2026-09-11 01:31:22,093 INFO o.a.j.t.JMeterThread: Thread started: Thread Group 1-2803
2026-09-11 01:31:22,155 INFO o.a.j.t.JMeterThread: Thread started: Thread Group 1-2883
2026-09-11 01:31:22,155 INFO o.a.j.t.JMeterThread: Thread started: Thread Group 1-2884
2026-09-11 01:31:22,156 INFO o.a.j.t.JMeterThread: Thread started: Thread Group 1-2886
2026-09-11 01:31:22,156 INFO o.a.j.t.JMeterThread: Thread started: Thread Group 1-2888
2026-09-11 01:31:22,156 INFO o.a.j.t.JMeterThread: Thread started: Thread Group 1-2885
2026-09-11 01:31:22,156 INFO o.a.j.t.JMeterThread: Thread started: Thread Group 1-2887
2026-09-11 01:31:22,156 INFO o.a.j.t.JMeterThread: Thread started: Thread Group 1-2889
2026-09-11 01:31:22,156 INFO o.a.j.t.JMeterThread: Thread started: Thread Group 1-2891
2026-09-11 01:31:22,160 INFO o.a.j.t.JMeterThread: Thread started: Thread Group 1-2890
2026-09-11 01:31:22,160 INFO o.a.j.t.JMeterThread: Thread started: Thread Group 1-2892
2026-09-11 01:31:22,161 INFO o.a.j.t.JMeterThread: Thread started: Thread Group 1-2897
2026-09-11 01:31:22,162 INFO o.a.j.t.JMeterThread: Thread started: Thread Group 1-2898
2026-09-11 01:31:22,162 INFO o.a.j.t.JMeterThread: Thread started: Thread Group 1-2894
2026-09-11 01:31:22,163 INFO o.a.j.t.JMeterThread: Thread started: Thread Group 1-2895
2026-09-11 01:31:22,093 INFO o.a.j.t.JMeterThread: Thread started: Thread Group 1-2800
2026-09-11 01:31:22,160 INFO o.a.j.t.JMeterThread: Thread started: Thread Group 1-2893
2026-09-11 01:31:22,164 INFO o.a.j.t.JMeterThread: Thread started: Thread Group 1-2901
2026-09-11 01:31:22,092 INFO o.a.j.t.JMeterThread: Thread started: Thread Group 1-2798
2026-09-11 01:31:22,165 INFO o.a.j.t.JMeterThread: Thread started: Thread Group 1-2899
2026-09-11 01:31:22,165 INFO o.a.j.t.JMeterThread: Thread started: Thread Group 1-2903
2026-09-11 01:31:22,166 INFO o.a.j.t.JMeterThread: Thread started: Thread Group 1-2902
2026-09-11 01:31:22,166 INFO o.a.j.t.JMeterThread: Thread started: Thread Group 1-2900
2026-09-11 01:31:22,167 INFO o.a.j.t.JMeterThread: Thread started: Thread Group 1-2904
2026-09-11 01:31:22,163 INFO o.a.j.t.JMeterThread: Thread started: Thread Group 1-2896
2026-09-11 01:31:22,152 INFO o.a.j.t.JMeterThread: Thread started: Thread Group 1-2880
2026-09-11 01:31:22,141 INFO o.a.j.t.JMeterThread: Thread started: Thread Group 1-2869
2026-09-11 01:31:22,141 INFO o.a.j.t.JMeterThread: Thread started: Thread Group 1-2867
2026-09-11 01:31:22,139 INFO o.a.j.t.JMeterThread: Thread started: Thread Group 1-2870
2026-09-11 01:31:22,170 INFO o.a.j.t.JMeterThread: Thread started: Thread Group 1-2908
2026-09-11 01:31:22,170 INFO o.a.j.t.JMeterThread: Thread started: Thread Group 1-2906
2026-09-11 01:31:22,183 INFO o.a.j.t.JMeterThread: Thread started: Thread Group 1-2910
2026-09-11 01:31:22,184 INFO o.a.j.t.JMeterThread: Thread started: Thread Group 1-2911
2026-09-11 01:31:22,184 INFO o.a.j.t.JMeterThread: Thread started: Thread Group 1-2913
2026-09-11 01:31:22,184 INFO o.a.j.t.JMeterThread: Thread started: Thread Group 1-2912
2026-09-11 01:31:22,184 INFO o.a.j.t.JMeterThread: Thread started: Thread Group 1-2915
2026-09-11 01:31:22,185 INFO o.a.j.t.JMeterThread: Thread started: Thread Group 1-2919
2026-09-11 01:31:22,185 INFO o.a.j.t.JMeterThread: Thread started: Thread Group 1-2918
2026-09-11 01:31:22,186 INFO o.a.j.t.JMeterThread: Thread started: Thread Group 1-2916
2026-09-11 01:31:22,137 INFO o.a.j.t.JMeterThread: Thread started: Thread Group 1-2868
2026-09-11 01:31:22,188 INFO o.a.j.t.JMeterThread: Thread started: Thread Group 1-2922
2026-09-11 01:31:22,189 INFO o.a.j.t.JMeterThread: Thread started: Thread Group 1-2920
2026-09-11 01:31:22,189 INFO o.a.j.t.JMeterThread: Thread started: Thread Group 1-2923
2026-09-11 01:31:22,137 INFO o.a.j.t.JMeterThread: Thread started: Thread Group 1-2866
2026-09-11 01:31:22,190 INFO o.a.j.t.JMeterThread: Thread started: Thread Group 1-2921
2026-09-11 01:31:22,190 INFO o.a.j.t.JMeterThread: Thread started: Thread Group 1-2925
2026-09-11 01:31:22,191 INFO o.a.j.t.JMeterThread: Thread started: Thread Group 1-2924
2026-09-11 01:31:22,137 INFO o.a.j.t.JMeterThread: Thread started: Thread Group 1-2865
2026-09-11 01:31:22,192 INFO o.a.j.t.JMeterThread: Thread started: Thread Group 1-2928
2026-09-11 01:31:22,192 INFO o.a.j.t.JMeterThread: Thread started: Thread Group 1-2927
2026-09-11 01:31:22,193 INFO o.a.j.t.JMeterThread: Thread started: Thread Group 1-2930
2026-09-11 01:31:22,137 INFO o.a.j.t.JMeterThread: Thread started: Thread Group 1-2864
2026-09-11 01:31:22,193 INFO o.a.j.t.JMeterThread: Thread started: Thread Group 1-2926
2026-09-11 01:31:22,193 INFO o.a.j.t.JMeterThread: Thread started: Thread Group 1-2929
2026-09-11 01:31:22,137 INFO o.a.j.t.JMeterThread: Thread started: Thread Group 1-2862
2026-09-11 01:31:22,200 INFO o.a.j.t.JMeterThread: Thread started: Thread Group 1-2935
2026-09-11 01:31:22,200 INFO o.a.j.t.JMeterThread: Thread started: Thread Group 1-2933
2026-09-11 01:31:22,201 INFO o.a.j.t.JMeterThread: Thread started: Thread Group 1-2938
2026-09-11 01:31:22,136 INFO o.a.j.t.JMeterThread: Thread started: Thread Group 1-2860
2026-09-11 01:31:22,202 INFO o.a.j.t.JMeterThread: Thread started: Thread Group 1-2934
2026-09-11 01:31:22,202 INFO o.a.j.t.JMeterThread: Thread started: Thread Group 1-2939
2026-09-11 01:31:22,202 INFO o.a.j.t.JMeterThread: Thread started: Thread Group 1-2936
2026-09-11 01:31:22,136 INFO o.a.j.t.JMeterThread: Thread started: Thread Group 1-2857
2026-09-11 01:31:22,203 INFO o.a.j.t.JMeterThread: Thread started: Thread Group 1-2937
2026-09-11 01:31:22,204 INFO o.a.j.t.JMeterThread: Thread started: Thread Group 1-2941
2026-09-11 01:31:22,135 INFO o.a.j.t.JMeterThread: Thread started: Thread Group 1-2859
2026-09-11 01:31:22,206 INFO o.a.j.t.JMeterThread: Thread started: Thread Group 1-2940
2026-09-11 01:31:22,135 INFO o.a.j.t.JMeterThread: Thread started: Thread Group 1-2856
2026-09-11 01:31:22,209 INFO o.a.j.t.JMeterThread: Thread started: Thread Group 1-2943
2026-09-11 01:31:22,210 INFO o.a.j.t.JMeterThread: Thread started: Thread Group 1-2948
2026-09-11 01:31:22,210 INFO o.a.j.t.JMeterThread: Thread started: Thread Group 1-2945
2026-09-11 01:31:22,210 INFO o.a.j.t.JMeterThread: Thread started: Thread Group 1-2949
2026-09-11 01:31:22,211 INFO o.a.j.t.JMeterThread: Thread started: Thread Group 1-2944
2026-09-11 01:31:22,135 INFO o.a.j.t.JMeterThread: Thread started: Thread Group 1-2858
2026-09-11 01:31:22,211 INFO o.a.j.t.JMeterThread: Thread started: Thread Group 1-2946
2026-09-11 01:31:22,135 INFO o.a.j.t.JMeterThread: Thread started: Thread Group 1-2854
2026-09-11 01:31:22,213 INFO o.a.j.t.JMeterThread: Thread started: Thread Group 1-2950
2026-09-11 01:31:22,135 INFO o.a.j.t.JMeterThread: Thread started: Thread Group 1-2855
2026-09-11 01:31:22,213 INFO o.a.j.t.JMeterThread: Thread started: Thread Group 1-2947
2026-09-11 01:31:22,133 INFO o.a.j.t.JMeterThread: Thread started: Thread Group 1-2843
2026-09-11 01:31:22,133 INFO o.a.j.t.JMeterThread: Thread started: Thread Group 1-2845
2026-09-11 01:31:22,221 INFO o.a.j.t.JMeterThread: Thread started: Thread Group 1-2951
2026-09-11 01:31:22,223 INFO o.a.j.t.JMeterThread: Thread started: Thread Group 1-2952
2026-09-11 01:31:22,226 INFO o.a.j.t.JMeterThread: Thread started: Thread Group 1-2954
2026-09-11 01:31:22,227 INFO o.a.j.t.JMeterThread: Thread started: Thread Group 1-2953
2026-09-11 01:31:22,227 INFO o.a.j.t.JMeterThread: Thread started: Thread Group 1-2955
2026-09-11 01:31:22,229 INFO o.a.j.t.JMeterThread: Thread started: Thread Group 1-2958
2026-09-11 01:31:22,229 INFO o.a.j.t.JMeterThread: Thread started: Thread Group 1-2960
2026-09-11 01:31:22,229 INFO o.a.j.t.JMeterThread: Thread started: Thread Group 1-2959
2026-09-11 01:31:22,235 INFO o.a.j.t.JMeterThread: Thread started: Thread Group 1-2961
2026-09-11 01:31:22,236 INFO o.a.j.t.JMeterThread: Thread started: Thread Group 1-2964
2026-09-11 01:31:22,237 INFO o.a.j.t.JMeterThread: Thread started: Thread Group 1-2966
2026-09-11 01:31:22,237 INFO o.a.j.t.JMeterThread: Thread started: Thread Group 1-2962
2026-09-11 01:31:22,133 INFO o.a.j.t.JMeterThread: Thread started: Thread Group 1-2844
2026-09-11 01:31:22,242 INFO o.a.j.t.JMeterThread: Thread started: Thread Group 1-2970
2026-09-11 01:31:22,244 INFO o.a.j.t.JMeterThread: Thread started: Thread Group 1-2973
2026-09-11 01:31:22,245 INFO o.a.j.t.JMeterThread: Thread started: Thread Group 1-2976
2026-09-11 01:31:22,249 INFO o.a.j.t.JMeterThread: Thread started: Thread Group 1-2967
2026-09-11 01:31:22,249 INFO o.a.j.t.JMeterThread: Thread started: Thread Group 1-2971
2026-09-11 01:31:22,249 INFO o.a.j.t.JMeterThread: Thread started: Thread Group 1-2969
2026-09-11 01:31:22,250 INFO o.a.j.t.JMeterThread: Thread started: Thread Group 1-2980
2026-09-11 01:31:22,250 INFO o.a.j.t.JMeterThread: Thread started: Thread Group 1-2972
2026-09-11 01:31:22,251 INFO o.a.j.t.JMeterThread: Thread started: Thread Group 1-2978
2026-09-11 01:31:22,251 INFO o.a.j.t.JMeterThread: Thread started: Thread Group 1-2974
2026-09-11 01:31:22,252 INFO o.a.j.t.JMeterThread: Thread started: Thread Group 1-2982
2026-09-11 01:31:22,253 INFO o.a.j.t.JMeterThread: Thread started: Thread Group 1-2984
2026-09-11 01:31:22,253 INFO o.a.j.t.JMeterThread: Thread started: Thread Group 1-2985
2026-09-11 01:31:22,254 INFO o.a.j.t.JMeterThread: Thread started: Thread Group 1-2986
2026-09-11 01:31:22,254 INFO o.a.j.t.JMeterThread: Thread started: Thread Group 1-2987
2026-09-11 01:31:22,132 INFO o.a.j.t.JMeterThread: Thread started: Thread Group 1-2846
2026-09-11 01:31:22,256 INFO o.a.j.t.JMeterThread: Thread started: Thread Group 1-2989
2026-09-11 01:31:22,257 INFO o.a.j.t.JMeterThread: Thread started: Thread Group 1-2988
2026-09-11 01:31:22,257 INFO o.a.j.t.JMeterThread: Thread started: Thread Group 1-2991
2026-09-11 01:31:22,260 INFO o.a.j.t.JMeterThread: Thread started: Thread Group 1-2993
2026-09-11 01:31:22,262 INFO o.a.j.t.JMeterThread: Thread started: Thread Group 1-2992
2026-09-11 01:31:22,131 INFO o.a.j.t.JMeterThread: Thread started: Thread Group 1-2839
2026-09-11 01:31:22,262 INFO o.a.j.t.JMeterThread: Thread started: Thread Group 1-2990
2026-09-11 01:31:22,263 INFO o.a.j.t.JMeterThread: Thread started: Thread Group 1-2994
2026-09-11 01:31:22,263 INFO o.a.j.t.JMeterThread: Thread started: Thread Group 1-2995
2026-09-11 01:31:22,263 INFO o.a.j.t.JMeterThread: Thread started: Thread Group 1-2997
2026-09-11 01:31:22,264 INFO o.a.j.t.JMeterThread: Thread started: Thread Group 1-2998
2026-09-11 01:31:22,265 INFO o.a.j.t.JMeterThread: Thread started: Thread Group 1-3002
2026-09-11 01:31:22,265 INFO o.a.j.t.JMeterThread: Thread started: Thread Group 1-2996
2026-09-11 01:31:22,265 INFO o.a.j.t.JMeterThread: Thread started: Thread Group 1-3000
2026-09-11 01:31:22,108 INFO o.a.j.t.JMeterThread: Thread started: Thread Group 1-2823
2026-09-11 01:31:22,268 INFO o.a.j.t.JMeterThread: Thread started: Thread Group 1-2999
2026-09-11 01:31:22,272 INFO o.a.j.t.JMeterThread: Thread started: Thread Group 1-3004
2026-09-11 01:31:22,273 INFO o.a.j.t.JMeterThread: Thread started: Thread Group 1-3001
2026-09-11 01:31:22,275 INFO o.a.j.t.JMeterThread: Thread started: Thread Group 1-3005
2026-09-11 01:31:22,285 INFO o.a.j.t.JMeterThread: Thread started: Thread Group 1-3008
2026-09-11 01:31:22,285 INFO o.a.j.t.JMeterThread: Thread started: Thread Group 1-3009
2026-09-11 01:31:22,285 INFO o.a.j.t.JMeterThread: Thread started: Thread Group 1-3006
2026-09-11 01:31:22,287 INFO o.a.j.t.JMeterThread: Thread started: Thread Group 1-3012
2026-09-11 01:31:22,290 INFO o.a.j.t.JMeterThread: Thread started: Thread Group 1-3007
2026-09-11 01:31:22,122 INFO o.a.j.t.JMeterThread: Thread started: Thread Group 1-2834
2026-09-11 01:31:22,293 INFO o.a.j.t.JMeterThread: Thread started: Thread Group 1-3003
2026-09-11 01:31:22,294 INFO o.a.j.t.JMeterThread: Thread started: Thread Group 1-3011
2026-09-11 01:31:22,294 INFO o.a.j.t.JMeterThread: Thread started: Thread Group 1-3010
2026-09-11 01:31:22,295 INFO o.a.j.t.JMeterThread: Thread started: Thread Group 1-3014
2026-09-11 01:31:22,296 INFO o.a.j.t.JMeterThread: Thread started: Thread Group 1-3013
2026-09-11 01:31:22,296 INFO o.a.j.t.JMeterThread: Thread started: Thread Group 1-3018
2026-09-11 01:31:22,299 INFO o.a.j.t.JMeterThread: Thread started: Thread Group 1-3019
2026-09-11 01:31:22,299 INFO o.a.j.t.JMeterThread: Thread started: Thread Group 1-3015
2026-09-11 01:31:22,300 INFO o.a.j.t.JMeterThread: Thread started: Thread Group 1-3017
2026-09-11 01:31:22,301 INFO o.a.j.t.JMeterThread: Thread started: Thread Group 1-3016
2026-09-11 01:31:22,301 INFO o.a.j.t.JMeterThread: Thread started: Thread Group 1-3021
2026-09-11 01:31:22,303 INFO o.a.j.t.JMeterThread: Thread started: Thread Group 1-3022
2026-09-11 01:31:22,305 INFO o.a.j.t.JMeterThread: Thread started: Thread Group 1-3020
2026-09-11 01:31:22,306 INFO o.a.j.t.JMeterThread: Thread started: Thread Group 1-3024
2026-09-11 01:31:22,310 INFO o.a.j.t.JMeterThread: Thread started: Thread Group 1-3023
2026-09-11 01:31:22,310 INFO o.a.j.t.JMeterThread: Thread started: Thread Group 1-3025
2026-09-11 01:31:22,311 INFO o.a.j.t.JMeterThread: Thread started: Thread Group 1-3026
2026-09-11 01:31:22,311 INFO o.a.j.t.JMeterThread: Thread started: Thread Group 1-3027
2026-09-11 01:31:22,311 INFO o.a.j.t.JMeterThread: Thread started: Thread Group 1-3028
2026-09-11 01:31:22,311 INFO o.a.j.t.JMeterThread: Thread started: Thread Group 1-3030
2026-09-11 01:31:22,311 INFO o.a.j.t.JMeterThread: Thread started: Thread Group 1-3029
2026-09-11 01:31:22,110 INFO o.a.j.t.JMeterThread: Thread started: Thread Group 1-2835
2026-09-11 01:31:22,312 INFO o.a.j.t.JMeterThread: Thread started: Thread Group 1-3031
2026-09-11 01:31:22,312 INFO o.a.j.t.JMeterThread: Thread started: Thread Group 1-3032
2026-09-11 01:31:22,313 INFO o.a.j.t.JMeterThread: Thread started: Thread Group 1-3035
2026-09-11 01:31:22,317 INFO o.a.j.t.JMeterThread: Thread started: Thread Group 1-3042
2026-09-11 01:31:22,317 INFO o.a.j.t.JMeterThread: Thread started: Thread Group 1-3044
2026-09-11 01:31:22,318 INFO o.a.j.t.JMeterThread: Thread started: Thread Group 1-3048
2026-09-11 01:31:22,318 INFO o.a.j.t.JMeterThread: Thread started: Thread Group 1-3046
2026-09-11 01:31:22,319 INFO o.a.j.t.JMeterThread: Thread started: Thread Group 1-3049
2026-09-11 01:31:22,116 INFO o.a.j.t.JMeterThread: Thread started: Thread Group 1-2852
2026-09-11 01:31:22,322 INFO o.a.j.t.JMeterThread: Thread started: Thread Group 1-3034
2026-09-11 01:31:22,327 INFO o.a.j.t.JMeterThread: Thread started: Thread Group 1-3058
2026-09-11 01:31:22,328 INFO o.a.j.t.JMeterThread: Thread started: Thread Group 1-3059
2026-09-11 01:31:22,328 INFO o.a.j.t.JMeterThread: Thread started: Thread Group 1-3062
2026-09-11 01:31:22,116 INFO o.a.j.t.JMeterThread: Thread started: Thread Group 1-2848
2026-09-11 01:31:22,341 INFO o.a.j.t.JMeterThread: Thread started: Thread Group 1-3063
2026-09-11 01:31:22,344 INFO o.a.j.t.JMeterThread: Thread started: Thread Group 1-3064
2026-09-11 01:31:22,344 INFO o.a.j.t.JMeterThread: Thread started: Thread Group 1-3067
2026-09-11 01:31:22,344 INFO o.a.j.t.JMeterThread: Thread started: Thread Group 1-3069
2026-09-11 01:31:22,345 INFO o.a.j.t.JMeterThread: Thread started: Thread Group 1-3065
2026-09-11 01:31:22,345 INFO o.a.j.t.JMeterThread: Thread started: Thread Group 1-3066
2026-09-11 01:31:22,346 INFO o.a.j.t.JMeterThread: Thread started: Thread Group 1-3068
2026-09-11 01:31:22,347 INFO o.a.j.t.JMeterThread: Thread started: Thread Group 1-3071
2026-09-11 01:31:22,347 INFO o.a.j.t.JMeterThread: Thread started: Thread Group 1-3072
2026-09-11 01:31:22,355 INFO o.a.j.t.JMeterThread: Thread started: Thread Group 1-3077
2026-09-11 01:31:22,355 INFO o.a.j.t.JMeterThread: Thread started: Thread Group 1-3073
2026-09-11 01:31:22,371 INFO o.a.j.t.JMeterThread: Thread started: Thread Group 1-3094
2026-09-11 01:31:22,388 INFO o.a.j.t.JMeterThread: Thread started: Thread Group 1-3108
2026-09-11 01:31:22,388 INFO o.a.j.t.JMeterThread: Thread started: Thread Group 1-3112
2026-09-11 01:31:22,389 INFO o.a.j.t.JMeterThread: Thread started: Thread Group 1-3110
2026-09-11 01:31:22,389 INFO o.a.j.t.JMeterThread: Thread started: Thread Group 1-3113
2026-09-11 01:31:22,389 INFO o.a.j.t.JMeterThread: Thread started: Thread Group 1-3117
2026-09-11 01:31:22,399 INFO o.a.j.t.JMeterThread: Thread started: Thread Group 1-3116
2026-09-11 01:31:22,401 INFO o.a.j.t.JMeterThread: Thread started: Thread Group 1-3118
2026-09-11 01:31:22,402 INFO o.a.j.t.JMeterThread: Thread started: Thread Group 1-3119
2026-09-11 01:31:22,402 INFO o.a.j.t.JMeterThread: Thread started: Thread Group 1-3122
2026-09-11 01:31:22,402 INFO o.a.j.t.JMeterThread: Thread started: Thread Group 1-3124
2026-09-11 01:31:22,403 INFO o.a.j.t.JMeterThread: Thread started: Thread Group 1-3130
2026-09-11 01:31:22,403 INFO o.a.j.t.JMeterThread: Thread started: Thread Group 1-3128
2026-09-11 01:31:22,404 INFO o.a.j.t.JMeterThread: Thread started: Thread Group 1-3127
2026-09-11 01:31:22,404 INFO o.a.j.t.JMeterThread: Thread started: Thread Group 1-3129
2026-09-11 01:31:22,404 INFO o.a.j.t.JMeterThread: Thread started: Thread Group 1-3131
2026-09-11 01:31:22,410 INFO o.a.j.t.JMeterThread: Thread started: Thread Group 1-3133
2026-09-11 01:31:22,411 INFO o.a.j.t.JMeterThread: Thread started: Thread Group 1-3136
2026-09-11 01:31:22,413 INFO o.a.j.t.JMeterThread: Thread started: Thread Group 1-3140
2026-09-11 01:31:22,110 INFO o.a.j.t.JMeterThread: Thread started: Thread Group 1-2810
2026-09-11 01:31:22,415 INFO o.a.j.t.JMeterThread: Thread started: Thread Group 1-3143
2026-09-11 01:31:22,420 INFO o.a.j.t.JMeterThread: Thread started: Thread Group 1-3144
2026-09-11 01:31:22,421 INFO o.a.j.t.JMeterThread: Thread started: Thread Group 1-3146
2026-09-11 01:31:22,421 INFO o.a.j.t.JMeterThread: Thread started: Thread Group 1-3148
2026-09-11 01:31:22,112 INFO o.a.j.t.JMeterThread: Thread started: Thread Group 1-2836
2026-09-11 01:31:22,476 INFO o.a.j.t.JMeterThread: Thread started: Thread Group 1-3159
2026-09-11 01:31:22,479 INFO o.a.j.t.JMeterThread: Thread started: Thread Group 1-3160
2026-09-11 01:31:22,479 INFO o.a.j.t.JMeterThread: Thread started: Thread Group 1-3162
2026-09-11 01:31:22,480 INFO o.a.j.t.JMeterThread: Thread started: Thread Group 1-3165
2026-09-11 01:31:22,481 INFO o.a.j.t.JMeterThread: Thread started: Thread Group 1-3161
2026-09-11 01:31:22,506 INFO o.a.j.t.JMeterThread: Thread started: Thread Group 1-3166
2026-09-11 01:31:22,509 INFO o.a.j.t.JMeterThread: Thread started: Thread Group 1-3167
2026-09-11 01:31:22,483 INFO o.a.j.t.JMeterThread: Thread started: Thread Group 1-3168
2026-09-11 01:31:22,512 INFO o.a.j.t.JMeterThread: Thread started: Thread Group 1-3171
2026-09-11 01:31:22,513 INFO o.a.j.t.JMeterThread: Thread started: Thread Group 1-3169
2026-09-11 01:31:22,483 INFO o.a.j.t.JMeterThread: Thread started: Thread Group 1-3174
2026-09-11 01:31:22,483 INFO o.a.j.t.JMeterThread: Thread started: Thread Group 1-3176
2026-09-11 01:31:22,483 INFO o.a.j.t.JMeterThread: Thread started: Thread Group 1-3172
2026-09-11 01:31:22,514 INFO o.a.j.t.JMeterThread: Thread started: Thread Group 1-3173
2026-09-11 01:31:22,483 INFO o.a.j.t.JMeterThread: Thread started: Thread Group 1-3175
2026-09-11 01:31:22,516 INFO o.a.j.t.JMeterThread: Thread started: Thread Group 1-3178
2026-09-11 01:31:22,516 INFO o.a.j.t.JMeterThread: Thread started: Thread Group 1-3180
2026-09-11 01:31:22,516 INFO o.a.j.t.JMeterThread: Thread started: Thread Group 1-3177
2026-09-11 01:31:22,517 INFO o.a.j.t.JMeterThread: Thread started: Thread Group 1-3183
2026-09-11 01:31:22,483 INFO o.a.j.t.JMeterThread: Thread started: Thread Group 1-3181
2026-09-11 01:31:22,517 INFO o.a.j.t.JMeterThread: Thread started: Thread Group 1-3186
2026-09-11 01:31:22,483 INFO o.a.j.t.JMeterThread: Thread started: Thread Group 1-3182
2026-09-11 01:31:22,484 INFO o.a.j.t.JMeterThread: Thread started: Thread Group 1-3192
2026-09-11 01:31:22,519 INFO o.a.j.t.JMeterThread: Thread started: Thread Group 1-3198
2026-09-11 01:31:22,519 INFO o.a.j.t.JMeterThread: Thread started: Thread Group 1-3205
2026-09-11 01:31:22,519 INFO o.a.j.t.JMeterThread: Thread started: Thread Group 1-3202
2026-09-11 01:31:22,520 INFO o.a.j.t.JMeterThread: Thread started: Thread Group 1-3204
2026-09-11 01:31:22,520 INFO o.a.j.t.JMeterThread: Thread started: Thread Group 1-3203
2026-09-11 01:31:22,520 INFO o.a.j.t.JMeterThread: Thread started: Thread Group 1-3201
2026-09-11 01:31:22,520 INFO o.a.j.t.JMeterThread: Thread started: Thread Group 1-3207
2026-09-11 01:31:22,521 INFO o.a.j.t.JMeterThread: Thread started: Thread Group 1-3223
2026-09-11 01:31:22,521 INFO o.a.j.t.JMeterThread: Thread started: Thread Group 1-3232
2026-09-11 01:31:22,522 INFO o.a.j.t.JMeterThread: Thread started: Thread Group 1-3245
2026-09-11 01:31:22,522 INFO o.a.j.t.JMeterThread: Thread started: Thread Group 1-3246
2026-09-11 01:31:22,523 INFO o.a.j.t.JMeterThread: Thread started: Thread Group 1-3251
2026-09-11 01:31:22,523 INFO o.a.j.t.JMeterThread: Thread started: Thread Group 1-3253
2026-09-11 01:31:22,483 INFO o.a.j.t.JMeterThread: Thread started: Thread Group 1-3170
2026-09-11 01:31:22,523 INFO o.a.j.t.JMeterThread: Thread started: Thread Group 1-3179
2026-09-11 01:31:22,524 INFO o.a.j.t.JMeterThread: Thread started: Thread Group 1-3252
2026-09-11 01:31:22,484 INFO o.a.j.t.JMeterThread: Thread started: Thread Group 1-3187
2026-09-11 01:31:22,484 INFO o.a.j.t.JMeterThread: Thread started: Thread Group 1-3190
2026-09-11 01:31:22,484 INFO o.a.j.t.JMeterThread: Thread started: Thread Group 1-3188
2026-09-11 01:31:22,484 INFO o.a.j.t.JMeterThread: Thread started: Thread Group 1-3193
2026-09-11 01:31:22,484 INFO o.a.j.t.JMeterThread: Thread started: Thread Group 1-3189
2026-09-11 01:31:22,484 INFO o.a.j.t.JMeterThread: Thread started: Thread Group 1-3195
2026-09-11 01:31:22,484 INFO o.a.j.t.JMeterThread: Thread started: Thread Group 1-3197
2026-09-11 01:31:22,484 INFO o.a.j.t.JMeterThread: Thread started: Thread Group 1-3196
2026-09-11 01:31:22,528 INFO o.a.j.t.JMeterThread: Thread started: Thread Group 1-3200
2026-09-11 01:31:22,528 INFO o.a.j.t.JMeterThread: Thread started: Thread Group 1-3255
2026-09-11 01:31:22,528 INFO o.a.j.t.JMeterThread: Thread started: Thread Group 1-3256
2026-09-11 01:31:22,529 INFO o.a.j.t.JMeterThread: Thread started: Thread Group 1-3206
2026-09-11 01:31:22,531 INFO o.a.j.t.JMeterThread: Thread started: Thread Group 1-3221
2026-09-11 01:31:22,531 INFO o.a.j.t.JMeterThread: Thread started: Thread Group 1-3225
2026-09-11 01:31:22,531 INFO o.a.j.t.JMeterThread: Thread started: Thread Group 1-3227
2026-09-11 01:31:22,531 INFO o.a.j.t.JMeterThread: Thread started: Thread Group 1-3226
2026-09-11 01:31:22,532 INFO o.a.j.t.JMeterThread: Thread started: Thread Group 1-3228
2026-09-11 01:31:22,532 INFO o.a.j.t.JMeterThread: Thread started: Thread Group 1-3229
2026-09-11 01:31:22,532 INFO o.a.j.t.JMeterThread: Thread started: Thread Group 1-3231
2026-09-11 01:31:22,533 INFO o.a.j.t.JMeterThread: Thread started: Thread Group 1-3230
2026-09-11 01:31:22,533 INFO o.a.j.t.JMeterThread: Thread started: Thread Group 1-3234
2026-09-11 01:31:22,533 INFO o.a.j.t.JMeterThread: Thread started: Thread Group 1-3236
2026-09-11 01:31:22,533 INFO o.a.j.t.JMeterThread: Thread started: Thread Group 1-3261
2026-09-11 01:31:22,534 INFO o.a.j.t.JMeterThread: Thread started: Thread Group 1-3237
2026-09-11 01:31:22,534 INFO o.a.j.t.JMeterThread: Thread started: Thread Group 1-3235
2026-09-11 01:31:22,534 INFO o.a.j.t.JMeterThread: Thread started: Thread Group 1-3240
2026-09-11 01:31:22,534 INFO o.a.j.t.JMeterThread: Thread started: Thread Group 1-3239
2026-09-11 01:31:22,534 INFO o.a.j.t.JMeterThread: Thread started: Thread Group 1-3238
2026-09-11 01:31:22,534 INFO o.a.j.t.JMeterThread: Thread started: Thread Group 1-3243
2026-09-11 01:31:22,534 INFO o.a.j.t.JMeterThread: Thread started: Thread Group 1-3244
2026-09-11 01:31:22,534 INFO o.a.j.t.JMeterThread: Thread started: Thread Group 1-3249
2026-09-11 01:31:22,535 INFO o.a.j.t.JMeterThread: Thread started: Thread Group 1-3248
2026-09-11 01:31:22,538 INFO o.a.j.t.JMeterThread: Thread started: Thread Group 1-3275
2026-09-11 01:31:22,539 INFO o.a.j.t.JMeterThread: Thread started: Thread Group 1-3274
2026-09-11 01:31:22,540 INFO o.a.j.t.JMeterThread: Thread started: Thread Group 1-3273
2026-09-11 01:31:22,541 INFO o.a.j.t.JMeterThread: Thread started: Thread Group 1-3278
2026-09-11 01:31:22,110 INFO o.a.j.t.JMeterThread: Thread started: Thread Group 1-2812
2026-09-11 01:31:22,544 INFO o.a.j.t.JMeterThread: Thread started: Thread Group 1-3280
2026-09-11 01:31:22,546 INFO o.a.j.t.JMeterThread: Thread started: Thread Group 1-3276
2026-09-11 01:31:22,546 INFO o.a.j.t.JMeterThread: Thread started: Thread Group 1-3279
2026-09-11 01:31:22,547 INFO o.a.j.t.JMeterThread: Thread started: Thread Group 1-3277
2026-09-11 01:31:22,110 INFO o.a.j.t.JMeterThread: Thread started: Thread Group 1-2809
2026-09-11 01:31:22,548 INFO o.a.j.t.JMeterThread: Thread started: Thread Group 1-3284
2026-09-11 01:31:22,550 INFO o.a.j.t.JMeterThread: Thread started: Thread Group 1-3283
2026-09-11 01:31:22,110 INFO o.a.j.t.JMeterThread: Thread started: Thread Group 1-2811
2026-09-11 01:31:22,552 INFO o.a.j.t.JMeterThread: Thread started: Thread Group 1-3289
2026-09-11 01:31:22,552 INFO o.a.j.t.JMeterThread: Thread started: Thread Group 1-3285
2026-09-11 01:31:22,552 INFO o.a.j.t.JMeterThread: Thread started: Thread Group 1-3286
2026-09-11 01:31:22,552 INFO o.a.j.t.JMeterThread: Thread started: Thread Group 1-3287
2026-09-11 01:31:22,552 INFO o.a.j.t.JMeterThread: Thread started: Thread Group 1-3290
2026-09-11 01:31:22,103 INFO o.a.j.t.JMeterThread: Thread started: Thread Group 1-2820
2026-09-11 01:31:22,554 INFO o.a.j.t.JMeterThread: Thread started: Thread Group 1-3292
2026-09-11 01:31:22,554 INFO o.a.j.t.JMeterThread: Thread started: Thread Group 1-3293
2026-09-11 01:31:22,552 INFO o.a.j.t.JMeterThread: Thread started: Thread Group 1-3291
2026-09-11 01:31:22,552 INFO o.a.j.t.JMeterThread: Thread started: Thread Group 1-3288
2026-09-11 01:31:22,557 INFO o.a.j.t.JMeterThread: Thread started: Thread Group 1-3296
2026-09-11 01:31:22,557 INFO o.a.j.t.JMeterThread: Thread started: Thread Group 1-3295
2026-09-11 01:31:22,551 INFO o.a.j.t.JMeterThread: Thread started: Thread Group 1-3282
2026-09-11 01:31:22,551 INFO o.a.j.t.JMeterThread: Thread started: Thread Group 1-3281
2026-09-11 01:31:22,537 INFO o.a.j.t.JMeterThread: Thread started: Thread Group 1-3272
2026-09-11 01:31:22,537 INFO o.a.j.t.JMeterThread: Thread started: Thread Group 1-3269
2026-09-11 01:31:22,536 INFO o.a.j.t.JMeterThread: Thread started: Thread Group 1-3271
2026-09-11 01:31:22,560 INFO o.a.j.t.JMeterThread: Thread started: Thread Group 1-3297
2026-09-11 01:31:22,536 INFO o.a.j.t.JMeterThread: Thread started: Thread Group 1-3270
2026-09-11 01:31:22,562 INFO o.a.j.t.JMeterThread: Thread started: Thread Group 1-3298
2026-09-11 01:31:22,536 INFO o.a.j.t.JMeterThread: Thread started: Thread Group 1-3267
2026-09-11 01:31:22,567 INFO o.a.j.t.JMeterThread: Thread started: Thread Group 1-3302
2026-09-11 01:31:22,594 INFO o.a.j.t.JMeterThread: Thread started: Thread Group 1-3304
2026-09-11 01:31:22,594 INFO o.a.j.t.JMeterThread: Thread started: Thread Group 1-3305
2026-09-11 01:31:22,595 INFO o.a.j.t.JMeterThread: Thread started: Thread Group 1-3306
2026-09-11 01:31:22,595 INFO o.a.j.t.JMeterThread: Thread started: Thread Group 1-3309
2026-09-11 01:31:22,596 INFO o.a.j.t.JMeterThread: Thread started: Thread Group 1-3307
2026-09-11 01:31:22,597 INFO o.a.j.t.JMeterThread: Thread started: Thread Group 1-3311
2026-09-11 01:31:22,599 INFO o.a.j.t.JMeterThread: Thread started: Thread Group 1-3312
2026-09-11 01:31:22,600 INFO o.a.j.t.JMeterThread: Thread started: Thread Group 1-3310
2026-09-11 01:31:22,600 INFO o.a.j.t.JMeterThread: Thread started: Thread Group 1-3315
2026-09-11 01:31:22,600 INFO o.a.j.t.JMeterThread: Thread started: Thread Group 1-3313
2026-09-11 01:31:22,600 INFO o.a.j.t.JMeterThread: Thread started: Thread Group 1-3314
2026-09-11 01:31:22,600 INFO o.a.j.t.JMeterThread: Thread started: Thread Group 1-3316
2026-09-11 01:31:22,600 INFO o.a.j.t.JMeterThread: Thread started: Thread Group 1-3317
2026-09-11 01:31:22,601 INFO o.a.j.t.JMeterThread: Thread started: Thread Group 1-3320
2026-09-11 01:31:22,603 INFO o.a.j.t.JMeterThread: Thread started: Thread Group 1-3321
2026-09-11 01:31:22,603 INFO o.a.j.t.JMeterThread: Thread started: Thread Group 1-3322
2026-09-11 01:31:22,604 INFO o.a.j.t.JMeterThread: Thread started: Thread Group 1-3323
2026-09-11 01:31:22,604 INFO o.a.j.t.JMeterThread: Thread started: Thread Group 1-3324
2026-09-11 01:31:22,605 INFO o.a.j.t.JMeterThread: Thread started: Thread Group 1-3327
2026-09-11 01:31:22,605 INFO o.a.j.t.JMeterThread: Thread started: Thread Group 1-3326
2026-09-11 01:31:22,536 INFO o.a.j.t.JMeterThread: Thread started: Thread Group 1-3268
2026-09-11 01:31:22,605 INFO o.a.j.t.JMeterThread: Thread started: Thread Group 1-3328
2026-09-11 01:31:22,605 INFO o.a.j.t.JMeterThread: Thread started: Thread Group 1-3330
2026-09-11 01:31:22,605 INFO o.a.j.t.JMeterThread: Thread started: Thread Group 1-3331
2026-09-11 01:31:22,605 INFO o.a.j.t.JMeterThread: Thread started: Thread Group 1-3332
2026-09-11 01:31:22,607 INFO o.a.j.t.JMeterThread: Thread started: Thread Group 1-3329
2026-09-11 01:31:22,608 INFO o.a.j.t.JMeterThread: Thread started: Thread Group 1-3333
2026-09-11 01:31:22,612 INFO o.a.j.t.JMeterThread: Thread started: Thread Group 1-3336
2026-09-11 01:31:22,614 INFO o.a.j.t.JMeterThread: Thread started: Thread Group 1-3337
2026-09-11 01:31:22,615 INFO o.a.j.t.JMeterThread: Thread started: Thread Group 1-3335
2026-09-11 01:31:22,616 INFO o.a.j.t.JMeterThread: Thread started: Thread Group 1-3334
2026-09-11 01:31:22,630 INFO o.a.j.t.JMeterThread: Thread started: Thread Group 1-3352
2026-09-11 01:31:22,633 INFO o.a.j.t.JMeterThread: Thread started: Thread Group 1-3357
2026-09-11 01:31:22,634 INFO o.a.j.t.JMeterThread: Thread started: Thread Group 1-3356
2026-09-11 01:31:22,635 INFO o.a.j.t.JMeterThread: Thread started: Thread Group 1-3359
2026-09-11 01:31:22,640 INFO o.a.j.t.JMeterThread: Thread started: Thread Group 1-3362
2026-09-11 01:31:22,641 INFO o.a.j.t.JMeterThread: Thread started: Thread Group 1-3363
2026-09-11 01:31:22,642 INFO o.a.j.t.JMeterThread: Thread started: Thread Group 1-3361
2026-09-11 01:31:22,643 INFO o.a.j.t.JMeterThread: Thread started: Thread Group 1-3365
2026-09-11 01:31:22,644 INFO o.a.j.t.JMeterThread: Thread started: Thread Group 1-3366
2026-09-11 01:31:22,536 INFO o.a.j.t.JMeterThread: Thread started: Thread Group 1-3264
2026-09-11 01:31:22,645 INFO o.a.j.t.JMeterThread: Thread started: Thread Group 1-3369
2026-09-11 01:31:22,646 INFO o.a.j.t.JMeterThread: Thread started: Thread Group 1-3368
2026-09-11 01:31:22,648 INFO o.a.j.t.JMeterThread: Thread started: Thread Group 1-3370
2026-09-11 01:31:22,649 INFO o.a.j.t.JMeterThread: Thread started: Thread Group 1-3371
2026-09-11 01:31:22,650 INFO o.a.j.t.JMeterThread: Thread started: Thread Group 1-3375
2026-09-11 01:31:22,650 INFO o.a.j.t.JMeterThread: Thread started: Thread Group 1-3372
2026-09-11 01:31:22,651 INFO o.a.j.t.JMeterThread: Thread started: Thread Group 1-3374
2026-09-11 01:31:22,651 INFO o.a.j.t.JMeterThread: Thread started: Thread Group 1-3376
2026-09-11 01:31:22,651 INFO o.a.j.t.JMeterThread: Thread started: Thread Group 1-3377
2026-09-11 01:31:22,651 INFO o.a.j.t.JMeterThread: Thread started: Thread Group 1-3380
2026-09-11 01:31:22,662 INFO o.a.j.t.JMeterThread: Thread started: Thread Group 1-3391
2026-09-11 01:31:22,664 INFO o.a.j.t.JMeterThread: Thread started: Thread Group 1-3394
2026-09-11 01:31:22,665 INFO o.a.j.t.JMeterThread: Thread started: Thread Group 1-3398
2026-09-11 01:31:22,665 INFO o.a.j.t.JMeterThread: Thread started: Thread Group 1-3397
2026-09-11 01:31:22,665 INFO o.a.j.t.JMeterThread: Thread started: Thread Group 1-3399
2026-09-11 01:31:22,665 INFO o.a.j.t.JMeterThread: Thread started: Thread Group 1-3401
2026-09-11 01:31:22,664 INFO o.a.j.t.JMeterThread: Thread started: Thread Group 1-3392
2026-09-11 01:31:22,669 INFO o.a.j.t.JMeterThread: Thread started: Thread Group 1-3405
2026-09-11 01:31:22,670 INFO o.a.j.t.JMeterThread: Thread started: Thread Group 1-3407
2026-09-11 01:31:22,670 INFO o.a.j.t.JMeterThread: Thread started: Thread Group 1-3409
2026-09-11 01:31:22,671 INFO o.a.j.t.JMeterThread: Thread started: Thread Group 1-3406
2026-09-11 01:31:22,676 INFO o.a.j.t.JMeterThread: Thread started: Thread Group 1-3411
2026-09-11 01:31:22,676 INFO o.a.j.t.JMeterThread: Thread started: Thread Group 1-3412
2026-09-11 01:31:22,662 INFO o.a.j.t.JMeterThread: Thread started: Thread Group 1-3388
2026-09-11 01:31:22,677 INFO o.a.j.t.JMeterThread: Thread started: Thread Group 1-3390
2026-09-11 01:31:22,677 INFO o.a.j.t.JMeterThread: Thread started: Thread Group 1-3413
2026-09-11 01:31:22,678 INFO o.a.j.t.JMeterThread: Thread started: Thread Group 1-3387
2026-09-11 01:31:22,679 INFO o.a.j.t.JMeterThread: Thread started: Thread Group 1-3414
2026-09-11 01:31:22,679 INFO o.a.j.t.JMeterThread: Thread started: Thread Group 1-3415
2026-09-11 01:31:22,680 INFO o.a.j.t.JMeterThread: Thread started: Thread Group 1-3416
2026-09-11 01:31:22,536 INFO o.a.j.t.JMeterThread: Thread started: Thread Group 1-3266
2026-09-11 01:31:22,694 INFO o.a.j.t.JMeterThread: Thread started: Thread Group 1-3424
2026-09-11 01:31:22,695 INFO o.a.j.t.JMeterThread: Thread started: Thread Group 1-3425
2026-09-11 01:31:22,695 INFO o.a.j.t.JMeterThread: Thread started: Thread Group 1-3426
2026-09-11 01:31:22,695 INFO o.a.j.t.JMeterThread: Thread started: Thread Group 1-3430
2026-09-11 01:31:22,696 INFO o.a.j.t.JMeterThread: Thread started: Thread Group 1-3428
2026-09-11 01:31:22,696 INFO o.a.j.t.JMeterThread: Thread started: Thread Group 1-3429
2026-09-11 01:31:22,697 INFO o.a.j.t.JMeterThread: Thread started: Thread Group 1-3433
2026-09-11 01:31:22,536 INFO o.a.j.t.JMeterThread: Thread started: Thread Group 1-3262
2026-09-11 01:31:22,700 INFO o.a.j.t.JMeterThread: Thread started: Thread Group 1-3440
2026-09-11 01:31:22,701 INFO o.a.j.t.JMeterThread: Thread started: Thread Group 1-3436
2026-09-11 01:31:22,702 INFO o.a.j.t.JMeterThread: Thread started: Thread Group 1-3438
2026-09-11 01:31:22,703 INFO o.a.j.t.JMeterThread: Thread started: Thread Group 1-3442
2026-09-11 01:31:22,706 INFO o.a.j.t.JMeterThread: Thread started: Thread Group 1-3445
2026-09-11 01:31:22,707 INFO o.a.j.t.JMeterThread: Thread started: Thread Group 1-3427
2026-09-11 01:31:22,709 INFO o.a.j.t.JMeterThread: Thread started: Thread Group 1-3444
2026-09-11 01:31:22,709 INFO o.a.j.t.JMeterThread: Thread started: Thread Group 1-3446
2026-09-11 01:31:22,710 INFO o.a.j.t.JMeterThread: Thread started: Thread Group 1-3443
2026-09-11 01:31:22,710 INFO o.a.j.t.JMeterThread: Thread started: Thread Group 1-3435
2026-09-11 01:31:22,536 INFO o.a.j.t.JMeterThread: Thread started: Thread Group 1-3263
2026-09-11 01:31:22,711 INFO o.a.j.t.JMeterThread: Thread started: Thread Group 1-3450
2026-09-11 01:31:22,711 INFO o.a.j.t.JMeterThread: Thread started: Thread Group 1-3434
2026-09-11 01:31:22,711 INFO o.a.j.t.JMeterThread: Thread started: Thread Group 1-3432
2026-09-11 01:31:22,711 INFO o.a.j.t.JMeterThread: Thread started: Thread Group 1-3448
2026-09-11 01:31:22,712 INFO o.a.j.t.JMeterThread: Thread started: Thread Group 1-3447
2026-09-11 01:31:22,536 INFO o.a.j.t.JMeterThread: Thread started: Thread Group 1-3265
2026-09-11 01:31:22,524 INFO o.a.j.t.JMeterThread: Thread started: Thread Group 1-3185
2026-09-11 01:31:22,714 INFO o.a.j.t.JMeterThread: Thread started: Thread Group 1-3439
2026-09-11 01:31:22,535 INFO o.a.j.t.JMeterThread: Thread started: Thread Group 1-3258
2026-09-11 01:31:22,716 INFO o.a.j.t.JMeterThread: Thread started: Thread Group 1-3452
2026-09-11 01:31:22,717 INFO o.a.j.t.JMeterThread: Thread started: Thread Group 1-3453
2026-09-11 01:31:22,719 INFO o.a.j.t.JMeterThread: Thread started: Thread Group 1-3451
2026-09-11 01:31:22,721 INFO o.a.j.t.JMeterThread: Thread started: Thread Group 1-3455
2026-09-11 01:31:22,722 INFO o.a.j.t.JMeterThread: Thread started: Thread Group 1-3459
2026-09-11 01:31:22,535 INFO o.a.j.t.JMeterThread: Thread started: Thread Group 1-3254
2026-09-11 01:31:22,725 INFO o.a.j.t.JMeterThread: Thread started: Thread Group 1-3454
2026-09-11 01:31:22,726 INFO o.a.j.t.JMeterThread: Thread started: Thread Group 1-3457
2026-09-11 01:31:22,726 INFO o.a.j.t.JMeterThread: Thread started: Thread Group 1-3458
2026-09-11 01:31:22,727 INFO o.a.j.t.JMeterThread: Thread started: Thread Group 1-3460
2026-09-11 01:31:22,535 INFO o.a.j.t.JMeterThread: Thread started: Thread Group 1-3250
2026-09-11 01:31:22,729 INFO o.a.j.t.JMeterThread: Thread started: Thread Group 1-3461
2026-09-11 01:31:22,730 INFO o.a.j.t.JMeterThread: Thread started: Thread Group 1-3465
2026-09-11 01:31:22,730 INFO o.a.j.t.JMeterThread: Thread started: Thread Group 1-3462
2026-09-11 01:31:22,732 INFO o.a.j.t.JMeterThread: Thread started: Thread Group 1-3464
2026-09-11 01:31:22,732 INFO o.a.j.t.JMeterThread: Thread started: Thread Group 1-3467
2026-09-11 01:31:22,534 INFO o.a.j.t.JMeterThread: Thread started: Thread Group 1-3247
2026-09-11 01:31:22,733 INFO o.a.j.t.JMeterThread: Thread started: Thread Group 1-3468
2026-09-11 01:31:22,534 INFO o.a.j.t.JMeterThread: Thread started: Thread Group 1-3241
2026-09-11 01:31:22,734 INFO o.a.j.t.JMeterThread: Thread started: Thread Group 1-3469
2026-09-11 01:31:22,734 INFO o.a.j.t.JMeterThread: Thread started: Thread Group 1-3473
2026-09-11 01:31:22,534 INFO o.a.j.t.JMeterThread: Thread started: Thread Group 1-3242
2026-09-11 01:31:22,736 INFO o.a.j.t.JMeterThread: Thread started: Thread Group 1-3471
2026-09-11 01:31:22,738 INFO o.a.j.t.JMeterThread: Thread started: Thread Group 1-3470
2026-09-11 01:31:22,533 INFO o.a.j.t.JMeterThread: Thread started: Thread Group 1-3260
2026-09-11 01:31:22,739 INFO o.a.j.t.JMeterThread: Thread started: Thread Group 1-3472
2026-09-11 01:31:22,739 INFO o.a.j.t.JMeterThread: Thread started: Thread Group 1-3474
2026-09-11 01:31:22,533 INFO o.a.j.t.JMeterThread: Thread started: Thread Group 1-3257
2026-09-11 01:31:22,740 INFO o.a.j.t.JMeterThread: Thread started: Thread Group 1-3476
2026-09-11 01:31:22,533 INFO o.a.j.t.JMeterThread: Thread started: Thread Group 1-3233
2026-09-11 01:31:22,741 INFO o.a.j.t.JMeterThread: Thread started: Thread Group 1-3479
2026-09-11 01:31:22,531 INFO o.a.j.t.JMeterThread: Thread started: Thread Group 1-3224
2026-09-11 01:31:22,742 INFO o.a.j.t.JMeterThread: Thread started: Thread Group 1-3477
2026-09-11 01:31:22,742 INFO o.a.j.t.JMeterThread: Thread started: Thread Group 1-3478
2026-09-11 01:31:22,529 INFO o.a.j.t.JMeterThread: Thread started: Thread Group 1-3209
2026-09-11 01:31:22,528 INFO o.a.j.t.JMeterThread: Thread started: Thread Group 1-3259
2026-09-11 01:31:22,484 INFO o.a.j.t.JMeterThread: Thread started: Thread Group 1-3194
2026-09-11 01:31:22,744 INFO o.a.j.t.JMeterThread: Thread started: Thread Group 1-3481
2026-09-11 01:31:22,744 INFO o.a.j.t.JMeterThread: Thread started: Thread Group 1-3480
2026-09-11 01:31:22,484 INFO o.a.j.t.JMeterThread: Thread started: Thread Group 1-3191
2026-09-11 01:31:22,484 INFO o.a.j.t.JMeterThread: Thread started: Thread Group 1-3199
2026-09-11 01:31:22,483 INFO o.a.j.t.JMeterThread: Thread started: Thread Group 1-3184
2026-09-11 01:31:22,747 INFO o.a.j.t.JMeterThread: Thread started: Thread Group 1-3482
2026-09-11 01:31:22,751 INFO o.a.j.t.JMeterThread: Thread started: Thread Group 1-3484
2026-09-11 01:31:22,752 INFO o.a.j.t.JMeterThread: Thread started: Thread Group 1-3486
2026-09-11 01:31:22,483 INFO o.a.j.t.JMeterThread: Thread started: Thread Group 1-3153
2026-09-11 01:31:22,753 INFO o.a.j.t.JMeterThread: Thread started: Thread Group 1-3488
2026-09-11 01:31:22,483 INFO o.a.j.t.JMeterThread: Thread started: Thread Group 1-3134
2026-09-11 01:31:22,753 INFO o.a.j.t.JMeterThread: Thread started: Thread Group 1-3490
2026-09-11 01:31:22,483 INFO o.a.j.t.JMeterThread: Thread started: Thread Group 1-3138
2026-09-11 01:31:22,483 INFO o.a.j.t.JMeterThread: Thread started: Thread Group 1-3150
2026-09-11 01:31:22,483 INFO o.a.j.t.JMeterThread: Thread started: Thread Group 1-3142
2026-09-11 01:31:22,483 INFO o.a.j.t.JMeterThread: Thread started: Thread Group 1-3135
2026-09-11 01:31:22,758 INFO o.a.j.t.JMeterThread: Thread started: Thread Group 1-3492
2026-09-11 01:31:22,759 INFO o.a.j.t.JMeterThread: Thread started: Thread Group 1-3494
2026-09-11 01:31:22,760 INFO o.a.j.t.JMeterThread: Thread started: Thread Group 1-3496
2026-09-11 01:31:22,760 INFO o.a.j.t.JMeterThread: Thread started: Thread Group 1-3495
2026-09-11 01:31:22,760 INFO o.a.j.t.JMeterThread: Thread started: Thread Group 1-3493
2026-09-11 01:31:22,483 INFO o.a.j.t.JMeterThread: Thread started: Thread Group 1-3139
2026-09-11 01:31:22,760 INFO o.a.j.t.JMeterThread: Thread started: Thread Group 1-3498
2026-09-11 01:31:22,760 INFO o.a.j.t.JMeterThread: Thread started: Thread Group 1-3499
2026-09-11 01:31:22,760 INFO o.a.j.t.JMeterThread: Thread started: Thread Group 1-3500
2026-09-11 01:31:22,483 INFO o.a.j.t.JMeterThread: Thread started: Thread Group 1-3151
2026-09-11 01:31:22,483 INFO o.a.j.t.JMeterThread: Thread started: Thread Group 1-3137
2026-09-11 01:31:22,483 INFO o.a.j.t.JMeterThread: Thread started: Thread Group 1-3145
2026-09-11 01:31:22,483 INFO o.a.j.t.JMeterThread: Thread started: Thread Group 1-3147
2026-09-11 01:31:22,483 INFO o.a.j.t.JMeterThread: Thread started: Thread Group 1-3158
2026-09-11 01:31:22,483 INFO o.a.j.t.JMeterThread: Thread started: Thread Group 1-3155
2026-09-11 01:31:22,482 INFO o.a.j.t.JMeterThread: Thread started: Thread Group 1-3157
2026-09-11 01:31:22,494 INFO o.a.j.t.JMeterThread: Thread started: Thread Group 1-3156
2026-09-11 01:31:22,492 INFO o.a.j.t.JMeterThread: Thread started: Thread Group 1-3222
2026-09-11 01:31:22,492 INFO o.a.j.t.JMeterThread: Thread started: Thread Group 1-3220
2026-09-11 01:31:22,492 INFO o.a.j.t.JMeterThread: Thread started: Thread Group 1-3216
2026-09-11 01:31:22,492 INFO o.a.j.t.JMeterThread: Thread started: Thread Group 1-3218
2026-09-11 01:31:22,491 INFO o.a.j.t.JMeterThread: Thread started: Thread Group 1-3219
2026-09-11 01:31:22,490 INFO o.a.j.t.JMeterThread: Thread started: Thread Group 1-3217
2026-09-11 01:31:22,489 INFO o.a.j.t.JMeterThread: Thread started: Thread Group 1-3214
2026-09-11 01:31:22,489 INFO o.a.j.t.JMeterThread: Thread started: Thread Group 1-3215
2026-09-11 01:31:22,489 INFO o.a.j.t.JMeterThread: Thread started: Thread Group 1-3213
2026-09-11 01:31:22,489 INFO o.a.j.t.JMeterThread: Thread started: Thread Group 1-3211
2026-09-11 01:31:22,488 INFO o.a.j.t.JMeterThread: Thread started: Thread Group 1-3212
2026-09-11 01:31:22,486 INFO o.a.j.t.JMeterThread: Thread started: Thread Group 1-3210
2026-09-11 01:31:22,485 INFO o.a.j.t.JMeterThread: Thread started: Thread Group 1-3154
2026-09-11 01:31:22,484 INFO o.a.j.t.JMeterThread: Thread started: Thread Group 1-3141
2026-09-11 01:31:22,484 INFO o.a.j.t.JMeterThread: Thread started: Thread Group 1-3208
2026-09-11 01:31:22,480 INFO o.a.j.t.JMeterThread: Thread started: Thread Group 1-3163
2026-09-11 01:31:22,479 INFO o.a.j.t.JMeterThread: Thread started: Thread Group 1-3164
2026-09-11 01:31:22,476 INFO o.a.j.t.JMeterThread: Thread started: Thread Group 1-3152
2026-09-11 01:31:22,420 INFO o.a.j.t.JMeterThread: Thread started: Thread Group 1-3149
2026-09-11 01:31:22,403 INFO o.a.j.t.JMeterThread: Thread started: Thread Group 1-3132
2026-09-11 01:31:22,402 INFO o.a.j.t.JMeterThread: Thread started: Thread Group 1-3125
2026-09-11 01:31:22,402 INFO o.a.j.t.JMeterThread: Thread started: Thread Group 1-3123
2026-09-11 01:31:22,402 INFO o.a.j.t.JMeterThread: Thread started: Thread Group 1-3126
2026-09-11 01:31:22,402 INFO o.a.j.t.JMeterThread: Thread started: Thread Group 1-3121
2026-09-11 01:31:22,402 INFO o.a.j.t.JMeterThread: Thread started: Thread Group 1-3120
2026-09-11 01:31:22,399 INFO o.a.j.t.JMeterThread: Thread started: Thread Group 1-3115
2026-09-11 01:31:22,389 INFO o.a.j.t.JMeterThread: Thread started: Thread Group 1-3114
2026-09-11 01:31:22,389 INFO o.a.j.t.JMeterThread: Thread started: Thread Group 1-3111
2026-09-11 01:31:22,387 INFO o.a.j.t.JMeterThread: Thread started: Thread Group 1-3107
2026-09-11 01:31:22,387 INFO o.a.j.t.JMeterThread: Thread started: Thread Group 1-3106
2026-09-11 01:31:22,387 INFO o.a.j.t.JMeterThread: Thread started: Thread Group 1-3109
2026-09-11 01:31:22,380 INFO o.a.j.t.JMeterThread: Thread started: Thread Group 1-3104
2026-09-11 01:31:22,379 INFO o.a.j.t.JMeterThread: Thread started: Thread Group 1-3101
2026-09-11 01:31:22,764 INFO o.a.j.t.JMeterThread: Thread started: Thread Group 1-3503
2026-09-11 01:31:22,378 INFO o.a.j.t.JMeterThread: Thread started: Thread Group 1-3105
2026-09-11 01:31:22,378 INFO o.a.j.t.JMeterThread: Thread started: Thread Group 1-3103
2026-09-11 01:31:22,378 INFO o.a.j.t.JMeterThread: Thread started: Thread Group 1-3100
2026-09-11 01:31:22,378 INFO o.a.j.t.JMeterThread: Thread started: Thread Group 1-3102
2026-09-11 01:31:22,378 INFO o.a.j.t.JMeterThread: Thread started: Thread Group 1-3099
2026-09-11 01:31:22,378 INFO o.a.j.t.JMeterThread: Thread started: Thread Group 1-3098
2026-09-11 01:31:22,375 INFO o.a.j.t.JMeterThread: Thread started: Thread Group 1-3096
2026-09-11 01:31:22,374 INFO o.a.j.t.JMeterThread: Thread started: Thread Group 1-3093
2026-09-11 01:31:22,374 INFO o.a.j.t.JMeterThread: Thread started: Thread Group 1-3097
2026-09-11 01:31:22,373 INFO o.a.j.t.JMeterThread: Thread started: Thread Group 1-3095
2026-09-11 01:31:22,373 INFO o.a.j.t.JMeterThread: Thread started: Thread Group 1-3092
2026-09-11 01:31:22,765 INFO o.a.j.t.JMeterThread: Thread started: Thread Group 1-3502
2026-09-11 01:31:22,369 INFO o.a.j.t.JMeterThread: Thread started: Thread Group 1-3091
2026-09-11 01:31:22,369 INFO o.a.j.t.JMeterThread: Thread started: Thread Group 1-3087
2026-09-11 01:31:22,369 INFO o.a.j.t.JMeterThread: Thread started: Thread Group 1-3090
2026-09-11 01:31:22,369 INFO o.a.j.t.JMeterThread: Thread started: Thread Group 1-3086
2026-09-11 01:31:22,369 INFO o.a.j.t.JMeterThread: Thread started: Thread Group 1-3088
2026-09-11 01:31:22,368 INFO o.a.j.t.JMeterThread: Thread started: Thread Group 1-3089
2026-09-11 01:31:22,769 INFO o.a.j.t.JMeterThread: Thread started: Thread Group 1-3504
2026-09-11 01:31:22,769 INFO o.a.j.t.JMeterThread: Thread started: Thread Group 1-3505
2026-09-11 01:31:22,770 INFO o.a.j.t.JMeterThread: Thread started: Thread Group 1-3507
2026-09-11 01:31:22,770 INFO o.a.j.t.JMeterThread: Thread started: Thread Group 1-3506
2026-09-11 01:31:22,368 INFO o.a.j.t.JMeterThread: Thread started: Thread Group 1-3085
2026-09-11 01:31:22,361 INFO o.a.j.t.JMeterThread: Thread started: Thread Group 1-3070
2026-09-11 01:31:22,360 INFO o.a.j.t.JMeterThread: Thread started: Thread Group 1-3083
2026-09-11 01:31:22,360 INFO o.a.j.t.JMeterThread: Thread started: Thread Group 1-3081
2026-09-11 01:31:22,359 INFO o.a.j.t.JMeterThread: Thread started: Thread Group 1-3084
2026-09-11 01:31:22,358 INFO o.a.j.t.JMeterThread: Thread started: Thread Group 1-3082
2026-09-11 01:31:22,358 INFO o.a.j.t.JMeterThread: Thread started: Thread Group 1-3080
2026-09-11 01:31:22,358 INFO o.a.j.t.JMeterThread: Thread started: Thread Group 1-3079
2026-09-11 01:31:22,357 INFO o.a.j.t.JMeterThread: Thread started: Thread Group 1-3078
2026-09-11 01:31:22,356 INFO o.a.j.t.JMeterThread: Thread started: Thread Group 1-3074
2026-09-11 01:31:22,356 INFO o.a.j.t.JMeterThread: Thread started: Thread Group 1-3076
2026-09-11 01:31:22,356 INFO o.a.j.t.JMeterThread: Thread started: Thread Group 1-3075
2026-09-11 01:31:22,328 INFO o.a.j.t.JMeterThread: Thread started: Thread Group 1-3061
2026-09-11 01:31:22,328 INFO o.a.j.t.JMeterThread: Thread started: Thread Group 1-3060
2026-09-11 01:31:22,326 INFO o.a.j.t.JMeterThread: Thread started: Thread Group 1-3055
2026-09-11 01:31:22,326 INFO o.a.j.t.JMeterThread: Thread started: Thread Group 1-3051
2026-09-11 01:31:22,326 INFO o.a.j.t.JMeterThread: Thread started: Thread Group 1-3056
2026-09-11 01:31:22,326 INFO o.a.j.t.JMeterThread: Thread started: Thread Group 1-3054
2026-09-11 01:31:22,772 INFO o.a.j.t.JMeterThread: Thread started: Thread Group 1-3511
2026-09-11 01:31:22,326 INFO o.a.j.t.JMeterThread: Thread started: Thread Group 1-3057
2026-09-11 01:31:22,326 INFO o.a.j.t.JMeterThread: Thread started: Thread Group 1-3052
2026-09-11 01:31:22,323 INFO o.a.j.t.JMeterThread: Thread started: Thread Group 1-3053
2026-09-11 01:31:22,323 INFO o.a.j.t.JMeterThread: Thread started: Thread Group 1-3050
2026-09-11 01:31:22,323 INFO o.a.j.t.JMeterThread: Thread started: Thread Group 1-3043
2026-09-11 01:31:22,323 INFO o.a.j.t.JMeterThread: Thread started: Thread Group 1-3040
2026-09-11 01:31:22,323 INFO o.a.j.t.JMeterThread: Thread started: Thread Group 1-3036
2026-09-11 01:31:22,323 INFO o.a.j.t.JMeterThread: Thread started: Thread Group 1-3039
2026-09-11 01:31:22,323 INFO o.a.j.t.JMeterThread: Thread started: Thread Group 1-3033
2026-09-11 01:31:22,322 INFO o.a.j.t.JMeterThread: Thread started: Thread Group 1-3037
2026-09-11 01:31:22,322 INFO o.a.j.t.JMeterThread: Thread started: Thread Group 1-3038
2026-09-11 01:31:22,319 INFO o.a.j.t.JMeterThread: Thread started: Thread Group 1-3047
2026-09-11 01:31:22,317 INFO o.a.j.t.JMeterThread: Thread started: Thread Group 1-3045
2026-09-11 01:31:22,317 INFO o.a.j.t.JMeterThread: Thread started: Thread Group 1-3041
2026-09-11 01:31:22,252 INFO o.a.j.t.JMeterThread: Thread started: Thread Group 1-2983
2026-09-11 01:31:22,251 INFO o.a.j.t.JMeterThread: Thread started: Thread Group 1-2981
2026-09-11 01:31:22,250 INFO o.a.j.t.JMeterThread: Thread started: Thread Group 1-2979
2026-09-11 01:31:22,250 INFO o.a.j.t.JMeterThread: Thread started: Thread Group 1-2977
2026-09-11 01:31:22,249 INFO o.a.j.t.JMeterThread: Thread started: Thread Group 1-2968
2026-09-11 01:31:22,245 INFO o.a.j.t.JMeterThread: Thread started: Thread Group 1-2963
2026-09-11 01:31:22,244 INFO o.a.j.t.JMeterThread: Thread started: Thread Group 1-2975
2026-09-11 01:31:22,236 INFO o.a.j.t.JMeterThread: Thread started: Thread Group 1-2965
2026-09-11 01:31:22,774 INFO o.a.j.t.JMeterThread: Thread started: Thread Group 1-3510
2026-09-11 01:31:22,229 INFO o.a.j.t.JMeterThread: Thread started: Thread Group 1-2957
2026-09-11 01:31:22,775 INFO o.a.j.t.JMeterThread: Thread started: Thread Group 1-3509
2026-09-11 01:31:22,226 INFO o.a.j.t.JMeterThread: Thread started: Thread Group 1-2956
2026-09-11 01:31:22,209 INFO o.a.j.t.JMeterThread: Thread started: Thread Group 1-2942
2026-09-11 01:31:22,193 INFO o.a.j.t.JMeterThread: Thread started: Thread Group 1-2931
2026-09-11 01:31:22,193 INFO o.a.j.t.JMeterThread: Thread started: Thread Group 1-2932
2026-09-11 01:31:22,188 INFO o.a.j.t.JMeterThread: Thread started: Thread Group 1-2917
2026-09-11 01:31:22,184 INFO o.a.j.t.JMeterThread: Thread started: Thread Group 1-2914
2026-09-11 01:31:22,776 INFO o.a.j.t.JMeterThread: Thread started: Thread Group 1-3515
2026-09-11 01:31:22,776 INFO o.a.j.t.JMeterThread: Thread started: Thread Group 1-3513
2026-09-11 01:31:22,177 INFO o.a.j.t.JMeterThread: Thread started: Thread Group 1-2909
2026-09-11 01:31:22,171 INFO o.a.j.t.JMeterThread: Thread started: Thread Group 1-2907
2026-09-11 01:31:22,170 INFO o.a.j.t.JMeterThread: Thread started: Thread Group 1-2905
2026-09-11 01:31:22,775 INFO o.a.j.t.JMeterThread: Thread started: Thread Group 1-3512
2026-09-11 01:31:22,770 INFO o.a.j.t.JMeterThread: Thread started: Thread Group 1-3508
2026-09-11 01:31:22,761 INFO o.a.j.t.JMeterThread: Thread started: Thread Group 1-3501
2026-09-11 01:31:22,760 INFO o.a.j.t.JMeterThread: Thread started: Thread Group 1-3497
2026-09-11 01:31:22,758 INFO o.a.j.t.JMeterThread: Thread started: Thread Group 1-3491
2026-09-11 01:31:22,753 INFO o.a.j.t.JMeterThread: Thread started: Thread Group 1-3489
2026-09-11 01:31:22,753 INFO o.a.j.t.JMeterThread: Thread started: Thread Group 1-3487
2026-09-11 01:31:22,751 INFO o.a.j.t.JMeterThread: Thread started: Thread Group 1-3485
2026-09-11 01:31:22,747 INFO o.a.j.t.JMeterThread: Thread started: Thread Group 1-3483
2026-09-11 01:31:22,739 INFO o.a.j.t.JMeterThread: Thread started: Thread Group 1-3475
2026-09-11 01:31:22,779 INFO o.a.j.t.JMeterThread: Thread started: Thread Group 1-3514
2026-09-11 01:31:22,732 INFO o.a.j.t.JMeterThread: Thread started: Thread Group 1-3466
2026-09-11 01:31:22,730 INFO o.a.j.t.JMeterThread: Thread started: Thread Group 1-3463
2026-09-11 01:31:22,726 INFO o.a.j.t.JMeterThread: Thread started: Thread Group 1-3456
2026-09-11 01:31:22,781 INFO o.a.j.t.JMeterThread: Thread started: Thread Group 1-3517
2026-09-11 01:31:22,712 INFO o.a.j.t.JMeterThread: Thread started: Thread Group 1-3449
2026-09-11 01:31:22,702 INFO o.a.j.t.JMeterThread: Thread started: Thread Group 1-3441
2026-09-11 01:31:22,700 INFO o.a.j.t.JMeterThread: Thread started: Thread Group 1-3437
2026-09-11 01:31:22,697 INFO o.a.j.t.JMeterThread: Thread started: Thread Group 1-3431
2026-09-11 01:31:22,694 INFO o.a.j.t.JMeterThread: Thread started: Thread Group 1-3423
2026-09-11 01:31:22,692 INFO o.a.j.t.JMeterThread: Thread started: Thread Group 1-3418
2026-09-11 01:31:22,691 INFO o.a.j.t.JMeterThread: Thread started: Thread Group 1-3417
2026-09-11 01:31:22,782 INFO o.a.j.t.JMeterThread: Thread started: Thread Group 1-3521
2026-09-11 01:31:22,689 INFO o.a.j.t.JMeterThread: Thread started: Thread Group 1-3402
2026-09-11 01:31:22,689 INFO o.a.j.t.JMeterThread: Thread started: Thread Group 1-3400
2026-09-11 01:31:22,689 INFO o.a.j.t.JMeterThread: Thread started: Thread Group 1-3422
2026-09-11 01:31:22,689 INFO o.a.j.t.JMeterThread: Thread started: Thread Group 1-3421
2026-09-11 01:31:22,689 INFO o.a.j.t.JMeterThread: Thread started: Thread Group 1-3420
2026-09-11 01:31:22,783 INFO o.a.j.t.JMeterThread: Thread started: Thread Group 1-3518
2026-09-11 01:31:22,783 INFO o.a.j.t.JMeterThread: Thread started: Thread Group 1-3519
2026-09-11 01:31:22,687 INFO o.a.j.t.JMeterThread: Thread started: Thread Group 1-3419
2026-09-11 01:31:22,677 INFO o.a.j.t.JMeterThread: Thread started: Thread Group 1-3385
2026-09-11 01:31:22,676 INFO o.a.j.t.JMeterThread: Thread started: Thread Group 1-3408
2026-09-11 01:31:22,676 INFO o.a.j.t.JMeterThread: Thread started: Thread Group 1-3410
2026-09-11 01:31:22,670 INFO o.a.j.t.JMeterThread: Thread started: Thread Group 1-3404
2026-09-11 01:31:22,670 INFO o.a.j.t.JMeterThread: Thread started: Thread Group 1-3403
2026-09-11 01:31:22,665 INFO o.a.j.t.JMeterThread: Thread started: Thread Group 1-3395
2026-09-11 01:31:22,664 INFO o.a.j.t.JMeterThread: Thread started: Thread Group 1-3393
2026-09-11 01:31:22,664 INFO o.a.j.t.JMeterThread: Thread started: Thread Group 1-3396
2026-09-11 01:31:22,662 INFO o.a.j.t.JMeterThread: Thread started: Thread Group 1-3389
2026-09-11 01:31:22,662 INFO o.a.j.t.JMeterThread: Thread started: Thread Group 1-3386
2026-09-11 01:31:22,661 INFO o.a.j.t.JMeterThread: Thread started: Thread Group 1-3382
2026-09-11 01:31:22,656 INFO o.a.j.t.JMeterThread: Thread started: Thread Group 1-3384
2026-09-11 01:31:22,652 INFO o.a.j.t.JMeterThread: Thread started: Thread Group 1-3383
2026-09-11 01:31:22,652 INFO o.a.j.t.JMeterThread: Thread started: Thread Group 1-3379
2026-09-11 01:31:22,651 INFO o.a.j.t.JMeterThread: Thread started: Thread Group 1-3381
2026-09-11 01:31:22,651 INFO o.a.j.t.JMeterThread: Thread started: Thread Group 1-3378
2026-09-11 01:31:22,651 INFO o.a.j.t.JMeterThread: Thread started: Thread Group 1-3373
2026-09-11 01:31:22,644 INFO o.a.j.t.JMeterThread: Thread started: Thread Group 1-3367
2026-09-11 01:31:22,640 INFO o.a.j.t.JMeterThread: Thread started: Thread Group 1-3364
2026-09-11 01:31:22,635 INFO o.a.j.t.JMeterThread: Thread started: Thread Group 1-3360
2026-09-11 01:31:22,634 INFO o.a.j.t.JMeterThread: Thread started: Thread Group 1-3358
2026-09-11 01:31:22,633 INFO o.a.j.t.JMeterThread: Thread started: Thread Group 1-3355
2026-09-11 01:31:22,630 INFO o.a.j.t.JMeterThread: Thread started: Thread Group 1-3353
2026-09-11 01:31:22,630 INFO o.a.j.t.JMeterThread: Thread started: Thread Group 1-3354
2026-09-11 01:31:22,630 INFO o.a.j.t.JMeterThread: Thread started: Thread Group 1-3351
2026-09-11 01:31:22,630 INFO o.a.j.t.JMeterThread: Thread started: Thread Group 1-3349
2026-09-11 01:31:22,629 INFO o.a.j.t.JMeterThread: Thread started: Thread Group 1-3348
2026-09-11 01:31:22,629 INFO o.a.j.t.JMeterThread: Thread started: Thread Group 1-3350
2026-09-11 01:31:22,629 INFO o.a.j.t.JMeterThread: Thread started: Thread Group 1-3344
2026-09-11 01:31:22,626 INFO o.a.j.t.JMeterThread: Thread started: Thread Group 1-3347
2026-09-11 01:31:22,626 INFO o.a.j.t.JMeterThread: Thread started: Thread Group 1-3343
2026-09-11 01:31:22,626 INFO o.a.j.t.JMeterThread: Thread started: Thread Group 1-3346
2026-09-11 01:31:22,625 INFO o.a.j.t.JMeterThread: Thread started: Thread Group 1-3345
2026-09-11 01:31:22,625 INFO o.a.j.t.JMeterThread: Thread started: Thread Group 1-3341
2026-09-11 01:31:22,620 INFO o.a.j.t.JMeterThread: Thread started: Thread Group 1-3339
2026-09-11 01:31:22,619 INFO o.a.j.t.JMeterThread: Thread started: Thread Group 1-3319
2026-09-11 01:31:22,619 INFO o.a.j.t.JMeterThread: Thread started: Thread Group 1-3342
2026-09-11 01:31:22,619 INFO o.a.j.t.JMeterThread: Thread started: Thread Group 1-3318
2026-09-11 01:31:22,619 INFO o.a.j.t.JMeterThread: Thread started: Thread Group 1-3340
2026-09-11 01:31:22,616 INFO o.a.j.t.JMeterThread: Thread started: Thread Group 1-3338
2026-09-11 01:31:22,785 INFO o.a.j.t.JMeterThread: Thread started: Thread Group 1-3523
2026-09-11 01:31:22,604 INFO o.a.j.t.JMeterThread: Thread started: Thread Group 1-3325
2026-09-11 01:31:22,786 INFO o.a.j.t.JMeterThread: Thread started: Thread Group 1-3525
2026-09-11 01:31:22,786 INFO o.a.j.t.JMeterThread: Thread started: Thread Group 1-3520
2026-09-11 01:31:22,594 INFO o.a.j.t.JMeterThread: Thread started: Thread Group 1-3308
2026-09-11 01:31:22,791 INFO o.a.j.t.JMeterThread: Thread started: Thread Group 1-3522
2026-09-11 01:31:22,791 INFO o.a.j.t.JMeterThread: Thread started: Thread Group 1-3526
2026-09-11 01:31:22,791 INFO o.a.j.t.JMeterThread: Thread started: Thread Group 1-3524
2026-09-11 01:31:22,791 INFO o.a.j.t.JMeterThread: Thread started: Thread Group 1-3527
2026-09-11 01:31:22,572 INFO o.a.j.t.JMeterThread: Thread started: Thread Group 1-3301
2026-09-11 01:31:22,791 INFO o.a.j.t.JMeterThread: Thread started: Thread Group 1-3528
2026-09-11 01:31:22,791 INFO o.a.j.t.JMeterThread: Thread started: Thread Group 1-3531
2026-09-11 01:31:22,791 INFO o.a.j.t.JMeterThread: Thread started: Thread Group 1-3530
2026-09-11 01:31:22,572 INFO o.a.j.t.JMeterThread: Thread started: Thread Group 1-3303
2026-09-11 01:31:22,570 INFO o.a.j.t.JMeterThread: Thread started: Thread Group 1-3300
2026-09-11 01:31:22,568 INFO o.a.j.t.JMeterThread: Thread started: Thread Group 1-3299
2026-09-11 01:31:22,557 INFO o.a.j.t.JMeterThread: Thread started: Thread Group 1-3294
2026-09-11 01:31:22,781 INFO o.a.j.t.JMeterThread: Thread started: Thread Group 1-3516
2026-09-11 01:31:22,791 INFO o.a.j.t.JMeterThread: Thread started: Thread Group 1-3529
2026-09-11 01:31:22,794 INFO o.a.j.t.JMeterThread: Thread started: Thread Group 1-3532
2026-09-11 01:31:22,797 INFO o.a.j.t.JMeterThread: Thread started: Thread Group 1-3533
2026-09-11 01:31:22,804 INFO o.a.j.t.JMeterThread: Thread started: Thread Group 1-3535
2026-09-11 01:31:22,804 INFO o.a.j.t.JMeterThread: Thread started: Thread Group 1-3536
2026-09-11 01:31:22,805 INFO o.a.j.t.JMeterThread: Thread started: Thread Group 1-3538
2026-09-11 01:31:22,798 INFO o.a.j.t.JMeterThread: Thread started: Thread Group 1-3534
2026-09-11 01:31:22,806 INFO o.a.j.t.JMeterThread: Thread started: Thread Group 1-3537
2026-09-11 01:31:22,807 INFO o.a.j.t.JMeterThread: Thread started: Thread Group 1-3541
2026-09-11 01:31:22,808 INFO o.a.j.t.JMeterThread: Thread started: Thread Group 1-3540
2026-09-11 01:31:22,808 INFO o.a.j.t.JMeterThread: Thread started: Thread Group 1-3542
2026-09-11 01:31:22,805 INFO o.a.j.t.JMeterThread: Thread started: Thread Group 1-3539
2026-09-11 01:31:22,810 INFO o.a.j.t.JMeterThread: Thread started: Thread Group 1-3546
2026-09-11 01:31:22,812 INFO o.a.j.t.JMeterThread: Thread started: Thread Group 1-3544
2026-09-11 01:31:22,810 INFO o.a.j.t.JMeterThread: Thread started: Thread Group 1-3545
2026-09-11 01:31:22,812 INFO o.a.j.t.JMeterThread: Thread started: Thread Group 1-3547
2026-09-11 01:31:22,813 INFO o.a.j.t.JMeterThread: Thread started: Thread Group 1-3551
2026-09-11 01:31:22,812 INFO o.a.j.t.JMeterThread: Thread started: Thread Group 1-3543
2026-09-11 01:31:22,813 INFO o.a.j.t.JMeterThread: Thread started: Thread Group 1-3549
2026-09-11 01:31:22,813 INFO o.a.j.t.JMeterThread: Thread started: Thread Group 1-3548
2026-09-11 01:31:22,813 INFO o.a.j.t.JMeterThread: Thread started: Thread Group 1-3550
2026-09-11 01:31:22,814 INFO o.a.j.t.JMeterThread: Thread started: Thread Group 1-3553
2026-09-11 01:31:22,814 INFO o.a.j.t.JMeterThread: Thread started: Thread Group 1-3552
2026-09-11 01:31:22,819 INFO o.a.j.t.JMeterThread: Thread started: Thread Group 1-3554
2026-09-11 01:31:22,819 INFO o.a.j.t.JMeterThread: Thread started: Thread Group 1-3555
2026-09-11 01:31:22,820 INFO o.a.j.t.JMeterThread: Thread started: Thread Group 1-3558
2026-09-11 01:31:22,821 INFO o.a.j.t.JMeterThread: Thread started: Thread Group 1-3557
2026-09-11 01:31:22,821 INFO o.a.j.t.JMeterThread: Thread started: Thread Group 1-3556
2026-09-11 01:31:22,821 INFO o.a.j.t.JMeterThread: Thread started: Thread Group 1-3559
2026-09-11 01:31:22,824 INFO o.a.j.t.JMeterThread: Thread started: Thread Group 1-3562
2026-09-11 01:31:22,824 INFO o.a.j.t.JMeterThread: Thread started: Thread Group 1-3560
2026-09-11 01:31:22,825 INFO o.a.j.t.JMeterThread: Thread started: Thread Group 1-3561
2026-09-11 01:31:22,826 INFO o.a.j.t.JMeterThread: Thread started: Thread Group 1-3564
2026-09-11 01:31:22,825 INFO o.a.j.t.JMeterThread: Thread started: Thread Group 1-3565
2026-09-11 01:31:22,827 INFO o.a.j.t.JMeterThread: Thread started: Thread Group 1-3563
2026-09-11 01:31:22,827 INFO o.a.j.t.JMeterThread: Thread started: Thread Group 1-3567
2026-09-11 01:31:22,829 INFO o.a.j.t.JMeterThread: Thread started: Thread Group 1-3566
2026-09-11 01:31:22,830 INFO o.a.j.t.JMeterThread: Thread started: Thread Group 1-3570
2026-09-11 01:31:22,830 INFO o.a.j.t.JMeterThread: Thread started: Thread Group 1-3569
2026-09-11 01:31:22,832 INFO o.a.j.t.JMeterThread: Thread started: Thread Group 1-3568
2026-09-11 01:31:22,835 INFO o.a.j.t.JMeterThread: Thread started: Thread Group 1-3574
2026-09-11 01:31:22,836 INFO o.a.j.t.JMeterThread: Thread started: Thread Group 1-3571
2026-09-11 01:31:22,836 INFO o.a.j.t.JMeterThread: Thread started: Thread Group 1-3572
2026-09-11 01:31:22,836 INFO o.a.j.t.JMeterThread: Thread started: Thread Group 1-3573
2026-09-11 01:31:22,844 INFO o.a.j.t.JMeterThread: Thread started: Thread Group 1-3577
2026-09-11 01:31:22,844 INFO o.a.j.t.JMeterThread: Thread started: Thread Group 1-3578
2026-09-11 01:31:22,840 INFO o.a.j.t.JMeterThread: Thread started: Thread Group 1-3575
2026-09-11 01:31:22,846 INFO o.a.j.t.JMeterThread: Thread started: Thread Group 1-3576
2026-09-11 01:31:22,846 INFO o.a.j.t.JMeterThread: Thread started: Thread Group 1-3579
2026-09-11 01:31:22,846 INFO o.a.j.t.JMeterThread: Thread started: Thread Group 1-3580
2026-09-11 01:31:22,846 INFO o.a.j.t.JMeterThread: Thread started: Thread Group 1-3582
2026-09-11 01:31:22,847 INFO o.a.j.t.JMeterThread: Thread started: Thread Group 1-3584
2026-09-11 01:31:22,848 INFO o.a.j.t.JMeterThread: Thread started: Thread Group 1-3583
2026-09-11 01:31:22,855 INFO o.a.j.t.JMeterThread: Thread started: Thread Group 1-3585
2026-09-11 01:31:22,846 INFO o.a.j.t.JMeterThread: Thread started: Thread Group 1-3581
2026-09-11 01:31:22,856 INFO o.a.j.t.JMeterThread: Thread started: Thread Group 1-3587
2026-09-11 01:31:22,856 INFO o.a.j.t.JMeterThread: Thread started: Thread Group 1-3586
2026-09-11 01:31:22,861 INFO o.a.j.t.JMeterThread: Thread started: Thread Group 1-3589
2026-09-11 01:31:22,862 INFO o.a.j.t.JMeterThread: Thread started: Thread Group 1-3588
2026-09-11 01:31:22,862 INFO o.a.j.t.JMeterThread: Thread started: Thread Group 1-3591
2026-09-11 01:31:22,865 INFO o.a.j.t.JMeterThread: Thread started: Thread Group 1-3593
2026-09-11 01:31:22,865 INFO o.a.j.t.JMeterThread: Thread started: Thread Group 1-3594
2026-09-11 01:31:22,867 INFO o.a.j.t.JMeterThread: Thread started: Thread Group 1-3598
2026-09-11 01:31:22,877 INFO o.a.j.t.JMeterThread: Thread started: Thread Group 1-3600
2026-09-11 01:31:22,877 INFO o.a.j.t.JMeterThread: Thread started: Thread Group 1-3596
2026-09-11 01:31:22,878 INFO o.a.j.t.JMeterThread: Thread started: Thread Group 1-3599
2026-09-11 01:31:22,861 INFO o.a.j.t.JMeterThread: Thread started: Thread Group 1-3592
2026-09-11 01:31:22,880 INFO o.a.j.t.JMeterThread: Thread started: Thread Group 1-3601
2026-09-11 01:31:22,880 INFO o.a.j.t.JMeterThread: Thread started: Thread Group 1-3603
2026-09-11 01:31:22,881 INFO o.a.j.t.JMeterThread: Thread started: Thread Group 1-3606
2026-09-11 01:31:22,881 INFO o.a.j.t.JMeterThread: Thread started: Thread Group 1-3604
2026-09-11 01:31:22,888 INFO o.a.j.t.JMeterThread: Thread started: Thread Group 1-3605
2026-09-11 01:31:22,888 INFO o.a.j.t.JMeterThread: Thread started: Thread Group 1-3607
2026-09-11 01:31:22,890 INFO o.a.j.t.JMeterThread: Thread started: Thread Group 1-3608
2026-09-11 01:31:22,890 INFO o.a.j.t.JMeterThread: Thread started: Thread Group 1-3611
2026-09-11 01:31:22,890 INFO o.a.j.t.JMeterThread: Thread started: Thread Group 1-3609
2026-09-11 01:31:22,890 INFO o.a.j.t.JMeterThread: Thread started: Thread Group 1-3612
2026-09-11 01:31:22,890 INFO o.a.j.t.JMeterThread: Thread started: Thread Group 1-3615
2026-09-11 01:31:22,891 INFO o.a.j.t.JMeterThread: Thread started: Thread Group 1-3613
2026-09-11 01:31:22,899 INFO o.a.j.t.JMeterThread: Thread started: Thread Group 1-3616
2026-09-11 01:31:22,924 INFO o.a.j.t.JMeterThread: Thread started: Thread Group 1-3647
2026-09-11 01:31:22,924 INFO o.a.j.t.JMeterThread: Thread started: Thread Group 1-3648
2026-09-11 01:31:22,926 INFO o.a.j.t.JMeterThread: Thread started: Thread Group 1-3646
2026-09-11 01:31:22,927 INFO o.a.j.t.JMeterThread: Thread started: Thread Group 1-3649
2026-09-11 01:31:22,933 INFO o.a.j.t.JMeterThread: Thread started: Thread Group 1-3650
2026-09-11 01:31:22,933 INFO o.a.j.t.JMeterThread: Thread started: Thread Group 1-3651
2026-09-11 01:31:22,935 INFO o.a.j.t.JMeterThread: Thread started: Thread Group 1-3655
2026-09-11 01:31:22,935 INFO o.a.j.t.JMeterThread: Thread started: Thread Group 1-3653
2026-09-11 01:31:22,936 INFO o.a.j.t.JMeterThread: Thread started: Thread Group 1-3654
2026-09-11 01:31:22,936 INFO o.a.j.t.JMeterThread: Thread started: Thread Group 1-3657
2026-09-11 01:31:22,939 INFO o.a.j.t.JMeterThread: Thread started: Thread Group 1-3658
2026-09-11 01:31:22,942 INFO o.a.j.t.JMeterThread: Thread started: Thread Group 1-3661
2026-09-11 01:31:22,943 INFO o.a.j.t.JMeterThread: Thread started: Thread Group 1-3663
2026-09-11 01:31:22,943 INFO o.a.j.t.JMeterThread: Thread started: Thread Group 1-3665
2026-09-11 01:31:22,944 INFO o.a.j.t.JMeterThread: Thread started: Thread Group 1-3664
2026-09-11 01:31:22,945 INFO o.a.j.t.JMeterThread: Thread started: Thread Group 1-3667
2026-09-11 01:31:22,945 INFO o.a.j.t.JMeterThread: Thread started: Thread Group 1-3668
2026-09-11 01:31:22,946 INFO o.a.j.t.JMeterThread: Thread started: Thread Group 1-3670
2026-09-11 01:31:22,950 INFO o.a.j.t.JMeterThread: Thread started: Thread Group 1-3660
2026-09-11 01:31:22,951 INFO o.a.j.t.JMeterThread: Thread started: Thread Group 1-3659
2026-09-11 01:31:22,951 INFO o.a.j.t.JMeterThread: Thread started: Thread Group 1-3681
2026-09-11 01:31:22,952 INFO o.a.j.t.JMeterThread: Thread started: Thread Group 1-3684
2026-09-11 01:31:22,952 INFO o.a.j.t.JMeterThread: Thread started: Thread Group 1-3671
2026-09-11 01:31:22,953 INFO o.a.j.t.JMeterThread: Thread started: Thread Group 1-3676
2026-09-11 01:31:22,953 INFO o.a.j.t.JMeterThread: Thread started: Thread Group 1-3682
2026-09-11 01:31:22,962 INFO o.a.j.t.JMeterThread: Thread started: Thread Group 1-3700
2026-09-11 01:31:22,964 INFO o.a.j.t.JMeterThread: Thread started: Thread Group 1-3669
2026-09-11 01:31:22,952 INFO o.a.j.t.JMeterThread: Thread started: Thread Group 1-3683
2026-09-11 01:31:22,965 INFO o.a.j.t.JMeterThread: Thread started: Thread Group 1-3698
2026-09-11 01:31:22,966 INFO o.a.j.t.JMeterThread: Thread started: Thread Group 1-3702
2026-09-11 01:31:22,865 INFO o.a.j.t.JMeterThread: Thread started: Thread Group 1-3597
2026-09-11 01:31:22,968 INFO o.a.j.t.JMeterThread: Thread started: Thread Group 1-3701
2026-09-11 01:31:22,968 INFO o.a.j.t.JMeterThread: Thread started: Thread Group 1-3705
2026-09-11 01:31:22,970 INFO o.a.j.t.JMeterThread: Thread started: Thread Group 1-3703
2026-09-11 01:31:22,971 INFO o.a.j.t.JMeterThread: Thread started: Thread Group 1-3704
2026-09-11 01:31:22,865 INFO o.a.j.t.JMeterThread: Thread started: Thread Group 1-3595
2026-09-11 01:31:22,974 INFO o.a.j.t.JMeterThread: Thread started: Thread Group 1-3706
2026-09-11 01:31:22,975 INFO o.a.j.t.JMeterThread: Thread started: Thread Group 1-3707
2026-09-11 01:31:22,975 INFO o.a.j.t.JMeterThread: Thread started: Thread Group 1-3712
2026-09-11 01:31:22,977 INFO o.a.j.t.JMeterThread: Thread started: Thread Group 1-3709
2026-09-11 01:31:22,862 INFO o.a.j.t.JMeterThread: Thread started: Thread Group 1-3590
2026-09-11 01:31:22,978 INFO o.a.j.t.JMeterThread: Thread started: Thread Group 1-3713
2026-09-11 01:31:22,978 INFO o.a.j.t.JMeterThread: Thread started: Thread Group 1-3714
2026-09-11 01:31:22,978 INFO o.a.j.t.JMeterThread: Thread started: Thread Group 1-3715
2026-09-11 01:31:22,978 INFO o.a.j.t.JMeterThread: Thread started: Thread Group 1-3716
2026-09-11 01:31:22,984 INFO o.a.j.t.JMeterThread: Thread started: Thread Group 1-3718
2026-09-11 01:31:22,986 INFO o.a.j.t.JMeterThread: Thread started: Thread Group 1-3722
2026-09-11 01:31:22,987 INFO o.a.j.t.JMeterThread: Thread started: Thread Group 1-3723
2026-09-11 01:31:22,988 INFO o.a.j.t.JMeterThread: Thread started: Thread Group 1-3725
2026-09-11 01:31:22,975 INFO o.a.j.t.JMeterThread: Thread started: Thread Group 1-3708
2026-09-11 01:31:22,993 INFO o.a.j.t.JMeterThread: Thread started: Thread Group 1-3719
2026-09-11 01:31:22,993 INFO o.a.j.t.JMeterThread: Thread started: Thread Group 1-3717
2026-09-11 01:31:22,994 INFO o.a.j.t.JMeterThread: Thread started: Thread Group 1-3731
2026-09-11 01:31:22,975 INFO o.a.j.t.JMeterThread: Thread started: Thread Group 1-3711
2026-09-11 01:31:23,002 INFO o.a.j.t.JMeterThread: Thread started: Thread Group 1-3729
2026-09-11 01:31:23,003 INFO o.a.j.t.JMeterThread: Thread started: Thread Group 1-3735
2026-09-11 01:31:23,004 INFO o.a.j.t.JMeterThread: Thread started: Thread Group 1-3734
2026-09-11 01:31:23,006 INFO o.a.j.t.JMeterThread: Thread started: Thread Group 1-3733
2026-09-11 01:31:23,008 INFO o.a.j.t.JMeterThread: Thread started: Thread Group 1-3738
2026-09-11 01:31:22,975 INFO o.a.j.t.JMeterThread: Thread started: Thread Group 1-3710
2026-09-11 01:31:23,010 INFO o.a.j.t.JMeterThread: Thread started: Thread Group 1-3740
2026-09-11 01:31:23,010 INFO o.a.j.t.JMeterThread: Thread started: Thread Group 1-3739
2026-09-11 01:31:23,011 INFO o.a.j.t.JMeterThread: Thread started: Thread Group 1-3747
2026-09-11 01:31:23,011 INFO o.a.j.t.JMeterThread: Thread started: Thread Group 1-3749
2026-09-11 01:31:23,011 INFO o.a.j.t.JMeterThread: Thread started: Thread Group 1-3746
2026-09-11 01:31:23,012 INFO o.a.j.t.JMeterThread: Thread started: Thread Group 1-3741
2026-09-11 01:31:23,013 INFO o.a.j.t.JMeterThread: Thread started: Thread Group 1-3743
2026-09-11 01:31:23,014 INFO o.a.j.t.JMeterThread: Thread started: Thread Group 1-3742
2026-09-11 01:31:23,014 INFO o.a.j.t.JMeterThread: Thread started: Thread Group 1-3744
2026-09-11 01:31:23,014 INFO o.a.j.t.JMeterThread: Thread started: Thread Group 1-3745
2026-09-11 01:31:23,015 INFO o.a.j.t.JMeterThread: Thread started: Thread Group 1-3751
2026-09-11 01:31:22,964 INFO o.a.j.t.JMeterThread: Thread started: Thread Group 1-3666
2026-09-11 01:31:23,024 INFO o.a.j.t.JMeterThread: Thread started: Thread Group 1-3763
2026-09-11 01:31:23,024 INFO o.a.j.t.JMeterThread: Thread started: Thread Group 1-3762
2026-09-11 01:31:23,024 INFO o.a.j.t.JMeterThread: Thread started: Thread Group 1-3761
2026-09-11 01:31:22,962 INFO o.a.j.t.JMeterThread: Thread started: Thread Group 1-3699
2026-09-11 01:31:22,961 INFO o.a.j.t.JMeterThread: Thread started: Thread Group 1-3697
2026-09-11 01:31:22,957 INFO o.a.j.t.JMeterThread: Thread started: Thread Group 1-3696
2026-09-11 01:31:22,957 INFO o.a.j.t.JMeterThread: Thread started: Thread Group 1-3694
2026-09-11 01:31:23,028 INFO o.a.j.t.JMeterThread: Thread started: Thread Group 1-3767
2026-09-11 01:31:22,957 INFO o.a.j.t.JMeterThread: Thread started: Thread Group 1-3695
2026-09-11 01:31:22,955 INFO o.a.j.t.JMeterThread: Thread started: Thread Group 1-3692
2026-09-11 01:31:22,955 INFO o.a.j.t.JMeterThread: Thread started: Thread Group 1-3693
2026-09-11 01:31:23,030 INFO o.a.j.t.JMeterThread: Thread started: Thread Group 1-3765
2026-09-11 01:31:22,955 INFO o.a.j.t.JMeterThread: Thread started: Thread Group 1-3691
2026-09-11 01:31:22,955 INFO o.a.j.t.JMeterThread: Thread started: Thread Group 1-3690
2026-09-11 01:31:23,031 INFO o.a.j.t.JMeterThread: Thread started: Thread Group 1-3769
2026-09-11 01:31:23,031 INFO o.a.j.t.JMeterThread: Thread started: Thread Group 1-3766
2026-09-11 01:31:23,031 INFO o.a.j.t.JMeterThread: Thread started: Thread Group 1-3768
2026-09-11 01:31:22,955 INFO o.a.j.t.JMeterThread: Thread started: Thread Group 1-3689
2026-09-11 01:31:23,032 INFO o.a.j.t.JMeterThread: Thread started: Thread Group 1-3771
2026-09-11 01:31:22,953 INFO o.a.j.t.JMeterThread: Thread started: Thread Group 1-3686
2026-09-11 01:31:22,953 INFO o.a.j.t.JMeterThread: Thread started: Thread Group 1-3688
2026-09-11 01:31:23,033 INFO o.a.j.t.JMeterThread: Thread started: Thread Group 1-3770
2026-09-11 01:31:22,953 INFO o.a.j.t.JMeterThread: Thread started: Thread Group 1-3685
2026-09-11 01:31:22,953 INFO o.a.j.t.JMeterThread: Thread started: Thread Group 1-3677
2026-09-11 01:31:22,953 INFO o.a.j.t.JMeterThread: Thread started: Thread Group 1-3675
2026-09-11 01:31:22,953 INFO o.a.j.t.JMeterThread: Thread started: Thread Group 1-3673
2026-09-11 01:31:22,953 INFO o.a.j.t.JMeterThread: Thread started: Thread Group 1-3674
2026-09-11 01:31:23,035 INFO o.a.j.t.JMeterThread: Thread started: Thread Group 1-3775
2026-09-11 01:31:23,036 INFO o.a.j.t.JMeterThread: Thread started: Thread Group 1-3773
2026-09-11 01:31:22,953 INFO o.a.j.t.JMeterThread: Thread started: Thread Group 1-3687
2026-09-11 01:31:23,038 INFO o.a.j.t.JMeterThread: Thread started: Thread Group 1-3772
2026-09-11 01:31:23,038 INFO o.a.j.t.JMeterThread: Thread started: Thread Group 1-3774
2026-09-11 01:31:23,039 INFO o.a.j.t.JMeterThread: Thread started: Thread Group 1-3776
2026-09-11 01:31:22,952 INFO o.a.j.t.JMeterThread: Thread started: Thread Group 1-3672
2026-09-11 01:31:22,951 INFO o.a.j.t.JMeterThread: Thread started: Thread Group 1-3680
2026-09-11 01:31:23,041 INFO o.a.j.t.JMeterThread: Thread started: Thread Group 1-3781
2026-09-11 01:31:22,951 INFO o.a.j.t.JMeterThread: Thread started: Thread Group 1-3678
2026-09-11 01:31:22,951 INFO o.a.j.t.JMeterThread: Thread started: Thread Group 1-3679
2026-09-11 01:31:22,951 INFO o.a.j.t.JMeterThread: Thread started: Thread Group 1-3662
2026-09-11 01:31:22,939 INFO o.a.j.t.JMeterThread: Thread started: Thread Group 1-3656
2026-09-11 01:31:23,044 INFO o.a.j.t.JMeterThread: Thread started: Thread Group 1-3779
2026-09-11 01:31:23,045 INFO o.a.j.t.JMeterThread: Thread started: Thread Group 1-3780
2026-09-11 01:31:22,933 INFO o.a.j.t.JMeterThread: Thread started: Thread Group 1-3652
2026-09-11 01:31:22,905 INFO o.a.j.t.JMeterThread: Thread started: Thread Group 1-3634
2026-09-11 01:31:23,048 INFO o.a.j.t.JMeterThread: Thread started: Thread Group 1-3786
2026-09-11 01:31:22,905 INFO o.a.j.t.JMeterThread: Thread started: Thread Group 1-3628
2026-09-11 01:31:23,049 INFO o.a.j.t.JMeterThread: Thread started: Thread Group 1-3785
2026-09-11 01:31:23,051 INFO o.a.j.t.JMeterThread: Thread started: Thread Group 1-3787
2026-09-11 01:31:23,052 INFO o.a.j.t.JMeterThread: Thread started: Thread Group 1-3792
2026-09-11 01:31:23,052 INFO o.a.j.t.JMeterThread: Thread started: Thread Group 1-3791
2026-09-11 01:31:23,053 INFO o.a.j.t.JMeterThread: Thread started: Thread Group 1-3789
2026-09-11 01:31:23,054 INFO o.a.j.t.JMeterThread: Thread started: Thread Group 1-3790
2026-09-11 01:31:22,905 INFO o.a.j.t.JMeterThread: Thread started: Thread Group 1-3627
2026-09-11 01:31:22,904 INFO o.a.j.t.JMeterThread: Thread started: Thread Group 1-3644
2026-09-11 01:31:23,054 INFO o.a.j.t.JMeterThread: Thread started: Thread Group 1-3793
2026-09-11 01:31:22,904 INFO o.a.j.t.JMeterThread: Thread started: Thread Group 1-3625
2026-09-11 01:31:23,055 INFO o.a.j.t.JMeterThread: Thread started: Thread Group 1-3794
2026-09-11 01:31:23,055 INFO o.a.j.t.JMeterThread: Thread started: Thread Group 1-3795
2026-09-11 01:31:22,904 INFO o.a.j.t.JMeterThread: Thread started: Thread Group 1-3642
2026-09-11 01:31:22,904 INFO o.a.j.t.JMeterThread: Thread started: Thread Group 1-3622
2026-09-11 01:31:22,904 INFO o.a.j.t.JMeterThread: Thread started: Thread Group 1-3629
2026-09-11 01:31:22,904 INFO o.a.j.t.JMeterThread: Thread started: Thread Group 1-3640
2026-09-11 01:31:22,904 INFO o.a.j.t.JMeterThread: Thread started: Thread Group 1-3645
2026-09-11 01:31:22,904 INFO o.a.j.t.JMeterThread: Thread started: Thread Group 1-3621
2026-09-11 01:31:22,903 INFO o.a.j.t.JMeterThread: Thread started: Thread Group 1-3630
2026-09-11 01:31:22,903 INFO o.a.j.t.JMeterThread: Thread started: Thread Group 1-3635
2026-09-11 01:31:22,903 INFO o.a.j.t.JMeterThread: Thread started: Thread Group 1-3637
2026-09-11 01:31:22,903 INFO o.a.j.t.JMeterThread: Thread started: Thread Group 1-3638
2026-09-11 01:31:23,060 INFO o.a.j.t.JMeterThread: Thread started: Thread Group 1-3796
2026-09-11 01:31:22,903 INFO o.a.j.t.JMeterThread: Thread started: Thread Group 1-3623
2026-09-11 01:31:23,061 INFO o.a.j.t.JMeterThread: Thread started: Thread Group 1-3798
2026-09-11 01:31:23,061 INFO o.a.j.t.JMeterThread: Thread started: Thread Group 1-3797
2026-09-11 01:31:22,903 INFO o.a.j.t.JMeterThread: Thread started: Thread Group 1-3602
2026-09-11 01:31:22,903 INFO o.a.j.t.JMeterThread: Thread started: Thread Group 1-3641
2026-09-11 01:31:22,903 INFO o.a.j.t.JMeterThread: Thread started: Thread Group 1-3620
2026-09-11 01:31:23,063 INFO o.a.j.t.JMeterThread: Thread started: Thread Group 1-3801
2026-09-11 01:31:23,063 INFO o.a.j.t.JMeterThread: Thread started: Thread Group 1-3800
2026-09-11 01:31:22,903 INFO o.a.j.t.JMeterThread: Thread started: Thread Group 1-3631
2026-09-11 01:31:23,063 INFO o.a.j.t.JMeterThread: Thread started: Thread Group 1-3799
2026-09-11 01:31:23,063 INFO o.a.j.t.JMeterThread: Thread started: Thread Group 1-3803
2026-09-11 01:31:22,903 INFO o.a.j.t.JMeterThread: Thread started: Thread Group 1-3626
2026-09-11 01:31:23,066 INFO o.a.j.t.JMeterThread: Thread started: Thread Group 1-3802
2026-09-11 01:31:23,067 INFO o.a.j.t.JMeterThread: Thread started: Thread Group 1-3804
2026-09-11 01:31:22,903 INFO o.a.j.t.JMeterThread: Thread started: Thread Group 1-3617
2026-09-11 01:31:22,903 INFO o.a.j.t.JMeterThread: Thread started: Thread Group 1-3624
2026-09-11 01:31:22,903 INFO o.a.j.t.JMeterThread: Thread started: Thread Group 1-3632
2026-09-11 01:31:22,902 INFO o.a.j.t.JMeterThread: Thread started: Thread Group 1-3643
2026-09-11 01:31:22,902 INFO o.a.j.t.JMeterThread: Thread started: Thread Group 1-3636
2026-09-11 01:31:23,072 INFO o.a.j.t.JMeterThread: Thread started: Thread Group 1-3810
2026-09-11 01:31:23,072 INFO o.a.j.t.JMeterThread: Thread started: Thread Group 1-3812
2026-09-11 01:31:23,074 INFO o.a.j.t.JMeterThread: Thread started: Thread Group 1-3813
2026-09-11 01:31:23,074 INFO o.a.j.t.JMeterThread: Thread started: Thread Group 1-3808
2026-09-11 01:31:22,902 INFO o.a.j.t.JMeterThread: Thread started: Thread Group 1-3633
2026-09-11 01:31:22,902 INFO o.a.j.t.JMeterThread: Thread started: Thread Group 1-3619
2026-09-11 01:31:23,077 INFO o.a.j.t.JMeterThread: Thread started: Thread Group 1-3814
2026-09-11 01:31:23,077 INFO o.a.j.t.JMeterThread: Thread started: Thread Group 1-3816
2026-09-11 01:31:22,900 INFO o.a.j.t.JMeterThread: Thread started: Thread Group 1-3639
2026-09-11 01:31:22,900 INFO o.a.j.t.JMeterThread: Thread started: Thread Group 1-3618
2026-09-11 01:31:22,890 INFO o.a.j.t.JMeterThread: Thread started: Thread Group 1-3610
2026-09-11 01:31:23,078 INFO o.a.j.t.JMeterThread: Thread started: Thread Group 1-3817
2026-09-11 01:31:22,890 INFO o.a.j.t.JMeterThread: Thread started: Thread Group 1-3614
2026-09-11 01:31:23,074 INFO o.a.j.t.JMeterThread: Thread started: Thread Group 1-3809
2026-09-11 01:31:23,072 INFO o.a.j.t.JMeterThread: Thread started: Thread Group 1-3811
2026-09-11 01:31:23,070 INFO o.a.j.t.JMeterThread: Thread started: Thread Group 1-3807
2026-09-11 01:31:23,070 INFO o.a.j.t.JMeterThread: Thread started: Thread Group 1-3806
2026-09-11 01:31:23,068 INFO o.a.j.t.JMeterThread: Thread started: Thread Group 1-3805
2026-09-11 01:31:23,079 INFO o.a.j.t.JMeterThread: Thread started: Thread Group 1-3815
2026-09-11 01:31:23,049 INFO o.a.j.t.JMeterThread: Thread started: Thread Group 1-3788
2026-09-11 01:31:23,080 INFO o.a.j.t.JMeterThread: Thread started: Thread Group 1-3818
2026-09-11 01:31:23,048 INFO o.a.j.t.JMeterThread: Thread started: Thread Group 1-3784
2026-09-11 01:31:23,043 INFO o.a.j.t.JMeterThread: Thread started: Thread Group 1-3782
2026-09-11 01:31:23,043 INFO o.a.j.t.JMeterThread: Thread started: Thread Group 1-3783
2026-09-11 01:31:23,039 INFO o.a.j.t.JMeterThread: Thread started: Thread Group 1-3778
2026-09-11 01:31:23,038 INFO o.a.j.t.JMeterThread: Thread started: Thread Group 1-3777
2026-09-11 01:31:23,024 INFO o.a.j.t.JMeterThread: Thread started: Thread Group 1-3764
2026-09-11 01:31:23,023 INFO o.a.j.t.JMeterThread: Thread started: Thread Group 1-3756
2026-09-11 01:31:23,022 INFO o.a.j.t.JMeterThread: Thread started: Thread Group 1-3760
2026-09-11 01:31:23,022 INFO o.a.j.t.JMeterThread: Thread started: Thread Group 1-3758
2026-09-11 01:31:23,015 INFO o.a.j.t.JMeterThread: Thread started: Thread Group 1-3752
2026-09-11 01:31:23,083 INFO o.a.j.t.JMeterThread: Thread started: Thread Group 1-3820
2026-09-11 01:31:23,021 INFO o.a.j.t.JMeterThread: Thread started: Thread Group 1-3753
2026-09-11 01:31:23,020 INFO o.a.j.t.JMeterThread: Thread started: Thread Group 1-3757
2026-09-11 01:31:23,085 INFO o.a.j.t.JMeterThread: Thread started: Thread Group 1-3823
2026-09-11 01:31:23,020 INFO o.a.j.t.JMeterThread: Thread started: Thread Group 1-3759
2026-09-11 01:31:23,020 INFO o.a.j.t.JMeterThread: Thread started: Thread Group 1-3750
2026-09-11 01:31:23,016 INFO o.a.j.t.JMeterThread: Thread started: Thread Group 1-3754
2026-09-11 01:31:23,015 INFO o.a.j.t.JMeterThread: Thread started: Thread Group 1-3755
2026-09-11 01:31:23,087 INFO o.a.j.t.JMeterThread: Thread started: Thread Group 1-3825
2026-09-11 01:31:23,015 INFO o.a.j.t.JMeterThread: Thread started: Thread Group 1-3748
2026-09-11 01:31:23,091 INFO o.a.j.t.JMeterThread: Thread started: Thread Group 1-3828
2026-09-11 01:31:23,008 INFO o.a.j.t.JMeterThread: Thread started: Thread Group 1-3736
2026-09-11 01:31:23,005 INFO o.a.j.t.JMeterThread: Thread started: Thread Group 1-3732
2026-09-11 01:31:23,097 INFO o.a.j.t.JMeterThread: Thread started: Thread Group 1-3831
2026-09-11 01:31:23,097 INFO o.a.j.t.JMeterThread: Thread started: Thread Group 1-3829
2026-09-11 01:31:23,097 INFO o.a.j.t.JMeterThread: Thread started: Thread Group 1-3830
2026-09-11 01:31:23,106 INFO o.a.j.t.JMeterThread: Thread started: Thread Group 1-3833
2026-09-11 01:31:23,109 INFO o.a.j.t.JMeterThread: Thread started: Thread Group 1-3834
2026-09-11 01:31:23,006 INFO o.a.j.t.JMeterThread: Thread started: Thread Group 1-3737
2026-09-11 01:31:23,112 INFO o.a.j.t.JMeterThread: Thread started: Thread Group 1-3836
2026-09-11 01:31:23,114 INFO o.a.j.t.JMeterThread: Thread started: Thread Group 1-3841
2026-09-11 01:31:23,114 INFO o.a.j.t.JMeterThread: Thread started: Thread Group 1-3843
2026-09-11 01:31:23,114 INFO o.a.j.t.JMeterThread: Thread started: Thread Group 1-3846
2026-09-11 01:31:23,112 INFO o.a.j.t.JMeterThread: Thread started: Thread Group 1-3838
2026-09-11 01:31:23,117 INFO o.a.j.t.JMeterThread: Thread started: Thread Group 1-3852
2026-09-11 01:31:23,117 INFO o.a.j.t.JMeterThread: Thread started: Thread Group 1-3854
2026-09-11 01:31:23,117 INFO o.a.j.t.JMeterThread: Thread started: Thread Group 1-3847
2026-09-11 01:31:23,118 INFO o.a.j.t.JMeterThread: Thread started: Thread Group 1-3853
2026-09-11 01:31:23,119 INFO o.a.j.t.JMeterThread: Thread started: Thread Group 1-3859
2026-09-11 01:31:23,121 INFO o.a.j.t.JMeterThread: Thread started: Thread Group 1-3855
2026-09-11 01:31:23,124 INFO o.a.j.t.JMeterThread: Thread started: Thread Group 1-3860
2026-09-11 01:31:23,002 INFO o.a.j.t.JMeterThread: Thread started: Thread Group 1-3730
2026-09-11 01:31:23,126 INFO o.a.j.t.JMeterThread: Thread started: Thread Group 1-3862
2026-09-11 01:31:22,994 INFO o.a.j.t.JMeterThread: Thread started: Thread Group 1-3728
2026-09-11 01:31:22,993 INFO o.a.j.t.JMeterThread: Thread started: Thread Group 1-3720
2026-09-11 01:31:23,126 INFO o.a.j.t.JMeterThread: Thread started: Thread Group 1-3865
2026-09-11 01:31:22,987 INFO o.a.j.t.JMeterThread: Thread started: Thread Group 1-3726
2026-09-11 01:31:23,128 INFO o.a.j.t.JMeterThread: Thread started: Thread Group 1-3866
2026-09-11 01:31:22,987 INFO o.a.j.t.JMeterThread: Thread started: Thread Group 1-3727
2026-09-11 01:31:23,143 INFO o.a.j.t.JMeterThread: Thread started: Thread Group 1-3864
2026-09-11 01:31:23,145 INFO o.a.j.t.JMeterThread: Thread started: Thread Group 1-3869
2026-09-11 01:31:23,149 INFO o.a.j.t.JMeterThread: Thread started: Thread Group 1-3872
2026-09-11 01:31:23,153 INFO o.a.j.t.JMeterThread: Thread started: Thread Group 1-3871
2026-09-11 01:31:23,155 INFO o.a.j.t.JMeterThread: Thread started: Thread Group 1-3877
2026-09-11 01:31:23,168 INFO o.a.j.t.JMeterThread: Thread started: Thread Group 1-3903
2026-09-11 01:31:23,168 INFO o.a.j.t.JMeterThread: Thread started: Thread Group 1-3901
2026-09-11 01:31:23,168 INFO o.a.j.t.JMeterThread: Thread started: Thread Group 1-3902
2026-09-11 01:31:22,986 INFO o.a.j.t.JMeterThread: Thread started: Thread Group 1-3724
2026-09-11 01:31:23,173 INFO o.a.j.t.JMeterThread: Thread started: Thread Group 1-3904
2026-09-11 01:31:23,173 INFO o.a.j.t.JMeterThread: Thread started: Thread Group 1-3909
2026-09-11 01:31:23,173 INFO o.a.j.t.JMeterThread: Thread started: Thread Group 1-3905
2026-09-11 01:31:22,986 INFO o.a.j.t.JMeterThread: Thread started: Thread Group 1-3721
2026-09-11 01:31:23,176 INFO o.a.j.t.JMeterThread: Thread started: Thread Group 1-3906
2026-09-11 01:31:23,176 INFO o.a.j.t.JMeterThread: Thread started: Thread Group 1-3912
2026-09-11 01:31:23,177 INFO o.a.j.t.JMeterThread: Thread started: Thread Group 1-3908
2026-09-11 01:31:23,177 INFO o.a.j.t.JMeterThread: Thread started: Thread Group 1-3910
2026-09-11 01:31:23,178 INFO o.a.j.t.JMeterThread: Thread started: Thread Group 1-3911
2026-09-11 01:31:23,173 INFO o.a.j.t.JMeterThread: Thread started: Thread Group 1-3907
2026-09-11 01:31:23,179 INFO o.a.j.t.JMeterThread: Thread started: Thread Group 1-3914
2026-09-11 01:31:23,179 INFO o.a.j.t.JMeterThread: Thread started: Thread Group 1-3916
2026-09-11 01:31:23,155 INFO o.a.j.t.JMeterThread: Thread started: Thread Group 1-3875
2026-09-11 01:31:23,180 INFO o.a.j.t.JMeterThread: Thread started: Thread Group 1-3919
2026-09-11 01:31:23,163 INFO o.a.j.t.JMeterThread: Thread started: Thread Group 1-3899
2026-09-11 01:31:23,162 INFO o.a.j.t.JMeterThread: Thread started: Thread Group 1-3900
2026-09-11 01:31:23,162 INFO o.a.j.t.JMeterThread: Thread started: Thread Group 1-3898
2026-09-11 01:31:23,245 INFO o.a.j.t.JMeterThread: Thread started: Thread Group 1-3981
2026-09-11 01:31:23,162 INFO o.a.j.t.JMeterThread: Thread started: Thread Group 1-3897
2026-09-11 01:31:23,162 INFO o.a.j.t.JMeterThread: Thread started: Thread Group 1-3896
2026-09-11 01:31:23,162 INFO o.a.j.t.JMeterThread: Thread started: Thread Group 1-3895
2026-09-11 01:31:23,161 INFO o.a.j.t.JMeterThread: Thread started: Thread Group 1-3890
2026-09-11 01:31:23,160 INFO o.a.j.t.JMeterThread: Thread started: Thread Group 1-3893
2026-09-11 01:31:23,247 INFO o.a.j.t.JMeterThread: Thread started: Thread Group 1-3982
2026-09-11 01:31:23,160 INFO o.a.j.t.JMeterThread: Thread started: Thread Group 1-3892
2026-09-11 01:31:23,251 INFO o.a.j.t.JMeterThread: Thread started: Thread Group 1-3983
2026-09-11 01:31:23,251 INFO o.a.j.t.JMeterThread: Thread started: Thread Group 1-3984
2026-09-11 01:31:23,251 INFO o.a.j.t.JMeterThread: Thread started: Thread Group 1-3988
2026-09-11 01:31:23,251 INFO o.a.j.t.JMeterThread: Thread started: Thread Group 1-3989
2026-09-11 01:31:23,160 INFO o.a.j.t.JMeterThread: Thread started: Thread Group 1-3888
2026-09-11 01:31:23,256 INFO o.a.j.t.JMeterThread: Thread started: Thread Group 1-3990
2026-09-11 01:31:23,160 INFO o.a.j.t.JMeterThread: Thread started: Thread Group 1-3891
2026-09-11 01:31:23,261 INFO o.a.j.t.JMeterThread: Thread started: Thread Group 1-3994
2026-09-11 01:31:23,261 INFO o.a.j.t.JMeterThread: Thread started: Thread Group 1-3995
2026-09-11 01:31:23,160 INFO o.a.j.t.JMeterThread: Thread started: Thread Group 1-3887
2026-09-11 01:31:23,263 INFO o.a.j.t.JMeterThread: Thread started: Thread Group 1-3999
2026-09-11 01:31:23,265 INFO o.a.j.t.JMeterThread: Thread started: Thread Group 1-4002
2026-09-11 01:31:23,265 INFO o.a.j.t.JMeterThread: Thread started: Thread Group 1-4001
2026-09-11 01:31:23,157 INFO o.a.j.t.JMeterThread: Thread started: Thread Group 1-3883
2026-09-11 01:31:23,265 INFO o.a.j.t.JMeterThread: Thread started: Thread Group 1-4005
2026-09-11 01:31:23,158 INFO o.a.j.t.JMeterThread: Thread started: Thread Group 1-3889
2026-09-11 01:31:23,157 INFO o.a.j.t.JMeterThread: Thread started: Thread Group 1-3886
2026-09-11 01:31:23,157 INFO o.a.j.t.JMeterThread: Thread started: Thread Group 1-3885
2026-09-11 01:31:23,157 INFO o.a.j.t.JMeterThread: Thread started: Thread Group 1-3884
2026-09-11 01:31:23,157 INFO o.a.j.t.JMeterThread: Thread started: Thread Group 1-3882
2026-09-11 01:31:23,272 INFO o.a.j.t.JMeterThread: Thread started: Thread Group 1-4006
2026-09-11 01:31:23,157 INFO o.a.j.t.JMeterThread: Thread started: Thread Group 1-3881
2026-09-11 01:31:23,273 INFO o.a.j.t.JMeterThread: Thread started: Thread Group 1-4008
2026-09-11 01:31:23,156 INFO o.a.j.t.JMeterThread: Thread started: Thread Group 1-3880
2026-09-11 01:31:23,275 INFO o.a.j.t.JMeterThread: Thread started: Thread Group 1-4009
2026-09-11 01:31:23,275 INFO o.a.j.t.JMeterThread: Thread started: Thread Group 1-4010
2026-09-11 01:31:23,276 INFO o.a.j.t.JMeterThread: Thread started: Thread Group 1-4012
2026-09-11 01:31:23,276 INFO o.a.j.t.JMeterThread: Thread started: Thread Group 1-4014
2026-09-11 01:31:23,156 INFO o.a.j.t.JMeterThread: Thread started: Thread Group 1-3879
2026-09-11 01:31:23,278 INFO o.a.j.t.JMeterThread: Thread started: Thread Group 1-4011
2026-09-11 01:31:23,278 INFO o.a.j.t.JMeterThread: Thread started: Thread Group 1-4015
2026-09-11 01:31:23,156 INFO o.a.j.t.JMeterThread: Thread started: Thread Group 1-3878
2026-09-11 01:31:23,281 INFO o.a.j.t.JMeterThread: Thread started: Thread Group 1-4017
2026-09-11 01:31:23,282 INFO o.a.j.t.JMeterThread: Thread started: Thread Group 1-4016
2026-09-11 01:31:23,282 INFO o.a.j.t.JMeterThread: Thread started: Thread Group 1-4018
2026-09-11 01:31:23,156 INFO o.a.j.t.JMeterThread: Thread started: Thread Group 1-3876
2026-09-11 01:31:23,284 INFO o.a.j.t.JMeterThread: Thread started: Thread Group 1-3921
2026-09-11 01:31:23,284 INFO o.a.j.t.JMeterThread: Thread started: Thread Group 1-3918
2026-09-11 01:31:23,285 INFO o.a.j.t.JMeterThread: Thread started: Thread Group 1-4020
2026-09-11 01:31:23,286 INFO o.a.j.t.JMeterThread: Thread started: Thread Group 1-4019
2026-09-11 01:31:23,156 INFO o.a.j.t.JMeterThread: Thread started: Thread Group 1-3874
2026-09-11 01:31:23,287 INFO o.a.j.t.JMeterThread: Thread started: Thread Group 1-4024
2026-09-11 01:31:23,290 INFO o.a.j.t.JMeterThread: Thread started: Thread Group 1-4022
2026-09-11 01:31:23,290 INFO o.a.j.t.JMeterThread: Thread started: Thread Group 1-4023
2026-09-11 01:31:23,290 INFO o.a.j.t.JMeterThread: Thread started: Thread Group 1-4021
2026-09-11 01:31:23,153 INFO o.a.j.t.JMeterThread: Thread started: Thread Group 1-3873
2026-09-11 01:31:23,293 INFO o.a.j.t.JMeterThread: Thread started: Thread Group 1-4025
2026-09-11 01:31:23,294 INFO o.a.j.t.JMeterThread: Thread started: Thread Group 1-4029
2026-09-11 01:31:23,295 INFO o.a.j.t.JMeterThread: Thread started: Thread Group 1-4027
2026-09-11 01:31:23,148 INFO o.a.j.t.JMeterThread: Thread started: Thread Group 1-3870
2026-09-11 01:31:23,298 INFO o.a.j.t.JMeterThread: Thread started: Thread Group 1-4030
2026-09-11 01:31:23,298 INFO o.a.j.t.JMeterThread: Thread started: Thread Group 1-4034
2026-09-11 01:31:23,298 INFO o.a.j.t.JMeterThread: Thread started: Thread Group 1-4031
2026-09-11 01:31:23,302 INFO o.a.j.t.JMeterThread: Thread started: Thread Group 1-4037
2026-09-11 01:31:23,304 INFO o.a.j.t.JMeterThread: Thread started: Thread Group 1-4036
2026-09-11 01:31:23,305 INFO o.a.j.t.JMeterThread: Thread started: Thread Group 1-4033
2026-09-11 01:31:23,306 INFO o.a.j.t.JMeterThread: Thread started: Thread Group 1-4035
2026-09-11 01:31:23,147 INFO o.a.j.t.JMeterThread: Thread started: Thread Group 1-3868
2026-09-11 01:31:23,306 INFO o.a.j.t.JMeterThread: Thread started: Thread Group 1-3924
2026-09-11 01:31:23,306 INFO o.a.j.t.JMeterThread: Thread started: Thread Group 1-3923
2026-09-11 01:31:23,306 INFO o.a.j.t.JMeterThread: Thread started: Thread Group 1-3922
2026-09-11 01:31:23,307 INFO o.a.j.t.JMeterThread: Thread started: Thread Group 1-3980
2026-09-11 01:31:23,307 INFO o.a.j.t.JMeterThread: Thread started: Thread Group 1-4038
2026-09-11 01:31:23,308 INFO o.a.j.t.JMeterThread: Thread started: Thread Group 1-4039
2026-09-11 01:31:23,309 INFO o.a.j.t.JMeterThread: Thread started: Thread Group 1-4040
2026-09-11 01:31:23,309 INFO o.a.j.t.JMeterThread: Thread started: Thread Group 1-4041
2026-09-11 01:31:23,312 INFO o.a.j.t.JMeterThread: Thread started: Thread Group 1-4042
2026-09-11 01:31:23,312 INFO o.a.j.t.JMeterThread: Thread started: Thread Group 1-3925
2026-09-11 01:31:23,312 INFO o.a.j.t.JMeterThread: Thread started: Thread Group 1-4043
2026-09-11 01:31:23,146 INFO o.a.j.t.JMeterThread: Thread started: Thread Group 1-3867
2026-09-11 01:31:23,313 INFO o.a.j.t.JMeterThread: Thread started: Thread Group 1-3926
2026-09-11 01:31:23,313 INFO o.a.j.t.JMeterThread: Thread started: Thread Group 1-4044
2026-09-11 01:31:23,313 INFO o.a.j.t.JMeterThread: Thread started: Thread Group 1-4047
2026-09-11 01:31:23,314 INFO o.a.j.t.JMeterThread: Thread started: Thread Group 1-4045
2026-09-11 01:31:23,314 INFO o.a.j.t.JMeterThread: Thread started: Thread Group 1-4049
2026-09-11 01:31:23,315 INFO o.a.j.t.JMeterThread: Thread started: Thread Group 1-3928
2026-09-11 01:31:23,316 INFO o.a.j.t.JMeterThread: Thread started: Thread Group 1-3929
2026-09-11 01:31:23,316 INFO o.a.j.t.JMeterThread: Thread started: Thread Group 1-4046
2026-09-11 01:31:23,317 INFO o.a.j.t.JMeterThread: Thread started: Thread Group 1-3931
2026-09-11 01:31:23,317 INFO o.a.j.t.JMeterThread: Thread started: Thread Group 1-4048
2026-09-11 01:31:23,317 INFO o.a.j.t.JMeterThread: Thread started: Thread Group 1-3934
2026-09-11 01:31:23,126 INFO o.a.j.t.JMeterThread: Thread started: Thread Group 1-3863
2026-09-11 01:31:23,322 INFO o.a.j.t.JMeterThread: Thread started: Thread Group 1-3935
2026-09-11 01:31:23,322 INFO o.a.j.t.JMeterThread: Thread started: Thread Group 1-3938
2026-09-11 01:31:23,323 INFO o.a.j.t.JMeterThread: Thread started: Thread Group 1-3937
2026-09-11 01:31:23,324 INFO o.a.j.t.JMeterThread: Thread started: Thread Group 1-3936
2026-09-11 01:31:23,325 INFO o.a.j.t.JMeterThread: Thread started: Thread Group 1-3940
2026-09-11 01:31:23,326 INFO o.a.j.t.JMeterThread: Thread started: Thread Group 1-3942
2026-09-11 01:31:23,123 INFO o.a.j.t.JMeterThread: Thread started: Thread Group 1-3861
2026-09-11 01:31:23,330 INFO o.a.j.t.JMeterThread: Thread started: Thread Group 1-3939
2026-09-11 01:31:23,123 INFO o.a.j.t.JMeterThread: Thread started: Thread Group 1-3849
2026-09-11 01:31:23,347 INFO o.a.j.t.JMeterThread: Thread started: Thread Group 1-3957
2026-09-11 01:31:23,348 INFO o.a.j.t.JMeterThread: Thread started: Thread Group 1-3961
2026-09-11 01:31:23,348 INFO o.a.j.t.JMeterThread: Thread started: Thread Group 1-3962
2026-09-11 01:31:23,349 INFO o.a.j.t.JMeterThread: Thread started: Thread Group 1-3959
2026-09-11 01:31:23,351 INFO o.a.j.t.JMeterThread: Thread started: Thread Group 1-3967
2026-09-11 01:31:23,353 INFO o.a.j.t.JMeterThread: Thread started: Thread Group 1-3965
2026-09-11 01:31:23,355 INFO o.a.j.t.JMeterThread: Thread started: Thread Group 1-3973
2026-09-11 01:31:23,355 INFO o.a.j.t.JMeterThread: Thread started: Thread Group 1-3975
2026-09-11 01:31:23,356 INFO o.a.j.t.JMeterThread: Thread started: Thread Group 1-3978
2026-09-11 01:31:23,356 INFO o.a.j.t.JMeterThread: Thread started: Thread Group 1-3972
2026-09-11 01:31:23,360 INFO o.a.j.t.JMeterThread: Thread started: Thread Group 1-3977
2026-09-11 01:31:23,362 INFO o.a.j.t.JMeterThread: Thread started: Thread Group 1-3941
2026-09-11 01:31:23,123 INFO o.a.j.t.JMeterThread: Thread started: Thread Group 1-3848
2026-09-11 01:31:23,122 INFO o.a.j.t.JMeterThread: Thread started: Thread Group 1-3858
2026-09-11 01:31:23,122 INFO o.a.j.t.JMeterThread: Thread started: Thread Group 1-3857
2026-09-11 01:31:23,117 INFO o.a.j.t.JMeterThread: Thread started: Thread Group 1-3856
2026-09-11 01:31:23,117 INFO o.a.j.t.JMeterThread: Thread started: Thread Group 1-3850
2026-09-11 01:31:23,117 INFO o.a.j.t.JMeterThread: Thread started: Thread Group 1-3851
2026-09-11 01:31:23,115 INFO o.a.j.t.JMeterThread: Thread started: Thread Group 1-3835
2026-09-11 01:31:23,112 INFO o.a.j.t.JMeterThread: Thread started: Thread Group 1-3837
2026-09-11 01:31:23,114 INFO o.a.j.t.JMeterThread: Thread started: Thread Group 1-3845
2026-09-11 01:31:23,114 INFO o.a.j.t.JMeterThread: Thread started: Thread Group 1-3844
2026-09-11 01:31:23,114 INFO o.a.j.t.JMeterThread: Thread started: Thread Group 1-3842
2026-09-11 01:31:23,112 INFO o.a.j.t.JMeterThread: Thread started: Thread Group 1-3839
2026-09-11 01:31:23,112 INFO o.a.j.t.JMeterThread: Thread started: Thread Group 1-3840
2026-09-11 01:31:23,097 INFO o.a.j.t.JMeterThread: Thread started: Thread Group 1-3832
2026-09-11 01:31:23,089 INFO o.a.j.t.JMeterThread: Thread started: Thread Group 1-3827
2026-09-11 01:31:23,089 INFO o.a.j.t.JMeterThread: Thread started: Thread Group 1-3826
2026-09-11 01:31:23,085 INFO o.a.j.t.JMeterThread: Thread started: Thread Group 1-3822
2026-09-11 01:31:23,085 INFO o.a.j.t.JMeterThread: Thread started: Thread Group 1-3821
2026-09-11 01:31:23,085 INFO o.a.j.t.JMeterThread: Thread started: Thread Group 1-3824
2026-09-11 01:31:23,081 INFO o.a.j.t.JMeterThread: Thread started: Thread Group 1-3819
2026-09-11 01:31:23,356 INFO o.a.j.t.JMeterThread: Thread started: Thread Group 1-3976
2026-09-11 01:31:23,356 INFO o.a.j.t.JMeterThread: Thread started: Thread Group 1-3970
2026-09-11 01:31:23,356 INFO o.a.j.t.JMeterThread: Thread started: Thread Group 1-3969
2026-09-11 01:31:23,354 INFO o.a.j.t.JMeterThread: Thread started: Thread Group 1-3974
2026-09-11 01:31:23,354 INFO o.a.j.t.JMeterThread: Thread started: Thread Group 1-3971
2026-09-11 01:31:23,354 INFO o.a.j.t.JMeterThread: Thread started: Thread Group 1-3966
2026-09-11 01:31:23,353 INFO o.a.j.t.JMeterThread: Thread started: Thread Group 1-3968
2026-09-11 01:31:23,349 INFO o.a.j.t.JMeterThread: Thread started: Thread Group 1-3964
2026-09-11 01:31:23,349 INFO o.a.j.t.JMeterThread: Thread started: Thread Group 1-3963
2026-09-11 01:31:23,347 INFO o.a.j.t.JMeterThread: Thread started: Thread Group 1-3960
2026-09-11 01:31:23,344 INFO o.a.j.t.JMeterThread: Thread started: Thread Group 1-3953
2026-09-11 01:31:23,344 INFO o.a.j.t.JMeterThread: Thread started: Thread Group 1-3951
2026-09-11 01:31:23,344 INFO o.a.j.t.JMeterThread: Thread started: Thread Group 1-3950
2026-09-11 01:31:23,344 INFO o.a.j.t.JMeterThread: Thread started: Thread Group 1-3952
2026-09-11 01:31:23,344 INFO o.a.j.t.JMeterThread: Thread started: Thread Group 1-3949
2026-09-11 01:31:23,341 INFO o.a.j.t.JMeterThread: Thread started: Thread Group 1-3947
2026-09-11 01:31:23,341 INFO o.a.j.t.JMeterThread: Thread started: Thread Group 1-3946
2026-09-11 01:31:23,341 INFO o.a.j.t.JMeterThread: Thread started: Thread Group 1-3945
2026-09-11 01:31:23,339 INFO o.a.j.t.JMeterThread: Thread started: Thread Group 1-3958
2026-09-11 01:31:23,337 INFO o.a.j.t.JMeterThread: Thread started: Thread Group 1-3955
2026-09-11 01:31:23,337 INFO o.a.j.t.JMeterThread: Thread started: Thread Group 1-3954
2026-09-11 01:31:23,335 INFO o.a.j.t.JMeterThread: Thread started: Thread Group 1-3956
2026-09-11 01:31:23,325 INFO o.a.j.t.JMeterThread: Thread started: Thread Group 1-3948
2026-09-11 01:31:23,325 INFO o.a.j.t.JMeterThread: Thread started: Thread Group 1-3944
2026-09-11 01:31:23,325 INFO o.a.j.t.JMeterThread: Thread started: Thread Group 1-3943
2026-09-11 01:31:23,317 INFO o.a.j.t.JMeterThread: Thread started: Thread Group 1-3930
2026-09-11 01:31:23,316 INFO o.a.j.t.JMeterThread: Thread started: Thread Group 1-3932
2026-09-11 01:31:23,316 INFO o.a.j.t.JMeterThread: Thread started: Thread Group 1-3933
2026-09-11 01:31:23,312 INFO o.a.j.t.JMeterThread: Thread started: Thread Group 1-3927
2026-09-11 01:31:23,298 INFO o.a.j.t.JMeterThread: Thread started: Thread Group 1-4032
2026-09-11 01:31:23,294 INFO o.a.j.t.JMeterThread: Thread started: Thread Group 1-4028
2026-09-11 01:31:23,294 INFO o.a.j.t.JMeterThread: Thread started: Thread Group 1-4026
2026-09-11 01:31:23,284 INFO o.a.j.t.JMeterThread: Thread started: Thread Group 1-3920
2026-09-11 01:31:23,275 INFO o.a.j.t.JMeterThread: Thread started: Thread Group 1-4013
2026-09-11 01:31:23,270 INFO o.a.j.t.JMeterThread: Thread started: Thread Group 1-4007
2026-09-11 01:31:23,264 INFO o.a.j.t.JMeterThread: Thread started: Thread Group 1-4004
2026-09-11 01:31:23,264 INFO o.a.j.t.JMeterThread: Thread started: Thread Group 1-4003
2026-09-11 01:31:23,264 INFO o.a.j.t.JMeterThread: Thread started: Thread Group 1-3997
2026-09-11 01:31:23,264 INFO o.a.j.t.JMeterThread: Thread started: Thread Group 1-3998
2026-09-11 01:31:23,263 INFO o.a.j.t.JMeterThread: Thread started: Thread Group 1-4000
2026-09-11 01:31:23,263 INFO o.a.j.t.JMeterThread: Thread started: Thread Group 1-3996
2026-09-11 01:31:23,256 INFO o.a.j.t.JMeterThread: Thread started: Thread Group 1-3993
2026-09-11 01:31:23,256 INFO o.a.j.t.JMeterThread: Thread started: Thread Group 1-3992
2026-09-11 01:31:23,254 INFO o.a.j.t.JMeterThread: Thread started: Thread Group 1-3991
2026-09-11 01:31:23,251 INFO o.a.j.t.JMeterThread: Thread started: Thread Group 1-3986
2026-09-11 01:31:23,251 INFO o.a.j.t.JMeterThread: Thread started: Thread Group 1-3985
2026-09-11 01:31:23,251 INFO o.a.j.t.JMeterThread: Thread started: Thread Group 1-3987
2026-09-11 01:31:23,243 INFO o.a.j.t.JMeterThread: Thread started: Thread Group 1-3894
2026-09-11 01:31:23,240 INFO o.a.j.t.JMeterThread: Thread started: Thread Group 1-3979
2026-09-11 01:31:23,179 INFO o.a.j.t.JMeterThread: Thread started: Thread Group 1-3917
2026-09-11 01:31:23,179 INFO o.a.j.t.JMeterThread: Thread started: Thread Group 1-3915
2026-09-11 01:31:23,177 INFO o.a.j.t.JMeterThread: Thread started: Thread Group 1-3913
2026-09-11 01:32:36,440 INFO o.a.j.g.a.Start: Shutting test down
2026-09-11 01:32:36,475 ERROR o.a.j.JMeter: Uncaught exception in thread Thread[#36,AWT-EventQueue-0,6,main]
java.lang.OutOfMemoryError: unable to create native thread: possibly out of memory or process/resource limits reached
	at java.base/java.lang.Thread.start0(Native Method) ~[?:?]
	at java.base/java.lang.Thread.start(Thread.java:1553) ~[?:?]
	at java.base/java.lang.System$2.start(System.java:2578) ~[?:?]
	at java.base/jdk.internal.vm.SharedThreadContainer.start(SharedThreadContainer.java:152) ~[?:?]
	at java.base/java.util.concurrent.ThreadPoolExecutor.addWorker(ThreadPoolExecutor.java:953) ~[?:?]
	at java.base/java.util.concurrent.ThreadPoolExecutor.execute(ThreadPoolExecutor.java:1375) ~[?:?]
	at java.base/java.util.concurrent.AbstractExecutorService.submit(AbstractExecutorService.java:123) ~[?:?]
	at org.apache.jmeter.engine.StandardJMeterEngine.stopTest(StandardJMeterEngine.java:306) ~[ApacheJMeter_core.jar:5.6.3]
	at org.apache.jmeter.engine.StandardJMeterEngine.askThreadsToStop(StandardJMeterEngine.java:600) ~[ApacheJMeter_core.jar:5.6.3]
	at org.apache.jmeter.gui.action.Start.doAction(Start.java:129) ~[ApacheJMeter_core.jar:5.6.3]
	at org.apache.jmeter.gui.action.ActionRouter.performAction(ActionRouter.java:83) ~[ApacheJMeter_core.jar:5.6.3]
	at org.apache.jmeter.gui.action.ActionRouter.lambda$actionPerformed$0(ActionRouter.java:65) ~[ApacheJMeter_core.jar:5.6.3]
	at java.desktop/java.awt.event.InvocationEvent.dispatch(InvocationEvent.java:318) ~[?:?]
	at java.desktop/java.awt.EventQueue.dispatchEventImpl(EventQueue.java:773) ~[?:?]
	at java.desktop/java.awt.EventQueue$4.run(EventQueue.java:720) ~[?:?]
	at java.desktop/java.awt.EventQueue$4.run(EventQueue.java:714) ~[?:?]
	at java.base/java.security.AccessController.doPrivileged(AccessController.java:400) ~[?:?]
	at java.base/java.security.ProtectionDomain$JavaSecurityAccessImpl.doIntersectionPrivilege(ProtectionDomain.java:87) ~[?:?]
	at java.desktop/java.awt.EventQueue.dispatchEvent(EventQueue.java:742) ~[?:?]
	at java.desktop/java.awt.EventDispatchThread.pumpOneEventForFilters(EventDispatchThread.java:203) [?:?]
	at java.desktop/java.awt.EventDispatchThread.pumpEventsForFilter(EventDispatchThread.java:124) [?:?]
	at java.desktop/java.awt.EventDispatchThread.pumpEventsForHierarchy(EventDispatchThread.java:113) [?:?]
	at java.desktop/java.awt.EventDispatchThread.pumpEvents(EventDispatchThread.java:109) [?:?]
	at java.desktop/java.awt.EventDispatchThread.pumpEvents(EventDispatchThread.java:101) [?:?]
	at java.desktop/java.awt.EventDispatchThread.run(EventDispatchThread.java:90) [?:?]
